scenario_id,batch_id,shipment_id,measurement_ref,source_id,sensor_id,source_file,source_row_or_ref,source_local_timestamp,leg_id,measurement_origin,mapping_origin
CP-DEMO-001,BATCH-DEMO-001,SHIP-DEMO-001,ZEN-RAW-S09:row:11522,ZEN-RAW-S09,SENSOR09,SENSOR09.CSV,row:11522,2024-09-10T06:00:00,LEG-01,REAL_PUBLIC_DATA,DERIVED
CP-DEMO-001,BATCH-DEMO-001,SHIP-DEMO-001,ZEN-RAW-S09:row:11523,ZEN-RAW-S09,SENSOR09,SENSOR09.CSV,row:11523,2024-09-10T06:00:05,LEG-01,REAL_PUBLIC_DATA,DERIVED
CP-DEMO-001,BATCH-DEMO-001,SHIP-DEMO-001,ZEN-RAW-S09:row:11524,ZEN-RAW-S09,SENSOR09,SENSOR09.CSV,row:11524,2024-09-10T06:00:10,LEG-01,REAL_PUBLIC_DATA,DERIVED
CP-DEMO-001,BATCH-DEMO-001,SHIP-DEMO-001,ZEN-RAW-S09:row:11525,ZEN-RAW-S09,SENSOR09,SENSOR09.CSV,row:11525,2024-09-10T06:00:15,LEG-01,REAL_PUBLIC_DATA,DERIVED
CP-DEMO-001,BATCH-DEMO-001,SHIP-DEMO-001,ZEN-RAW-S09:row:11526,ZEN-RAW-S09,SENSOR09,SENSOR09.CSV,row:11526,2024-09-10T06:00:20,LEG-01,REAL_PUBLIC_DATA,DERIVED
CP-DEMO-001,BATCH-DEMO-001,SHIP-DEMO-001,ZEN-RAW-S09:row:11527,ZEN-RAW-S09,SENSOR09,SENSOR09.CSV,row:11527,2024-09-10T06:00:25,LEG-01,REAL_PUBLIC_DATA,DERIVED
CP-DEMO-001,BATCH-DEMO-001,SHIP-DEMO-001,ZEN-RAW-S09:row:11528,ZEN-RAW-S09,SENSOR09,SENSOR09.CSV,row:11528,2024-09-10T06:00:30,LEG-01,REAL_PUBLIC_DATA,DERIVED
CP-DEMO-001,BATCH-DEMO-001,SHIP-DEMO-001,ZEN-RAW-S09:row:11529,ZEN-RAW-S09,SENSOR09,SENSOR09.CSV,row:11529,2024-09-10T06:00:35,LEG-01,REAL_PUBLIC_DATA,DERIVED
CP-DEMO-001,BATCH-DEMO-001,SHIP-DEMO-001,ZEN-RAW-S09:row:11530,ZEN-RAW-S09,SENSOR09,SENSOR09.CSV,row:11530,2024-09-10T06:00:40,LEG-01,REAL_PUBLIC_DATA,DERIVED
CP-DEMO-001,BATCH-DEMO-001,SHIP-DEMO-001,ZEN-RAW-S09:row:11531,ZEN-RAW-S09,SENSOR09,SENSOR09.CSV,row:11531,2024-09-10T06:00:45,LEG-01,REAL_PUBLIC_DATA,DERIVED
CP-DEMO-001,BATCH-DEMO-001,SHIP-DEMO-001,ZEN-RAW-S09:row:11532,ZEN-RAW-S09,SENSOR09,SENSOR09.CSV,row:11532,2024-09-10T06:00:50,LEG-01,REAL_PUBLIC_DATA,DERIVED
CP-DEMO-001,BATCH-DEMO-001,SHIP-DEMO-001,ZEN-RAW-S09:row:11533,ZEN-RAW-S09,SENSOR09,SENSOR09.CSV,row:11533,2024-09-10T06:00:55,LEG-01,REAL_PUBLIC_DATA,DERIVED
CP-DEMO-001,BATCH-DEMO-001,SHIP-DEMO-001,ZEN-RAW-S09:row:11534,ZEN-RAW-S09,SENSOR09,SENSOR09.CSV,row:11534,2024-09-10T06:01:00,LEG-01,REAL_PUBLIC_DATA,DERIVED
CP-DEMO-001,BATCH-DEMO-001,SHIP-DEMO-001,ZEN-RAW-S09:row:11535,ZEN-RAW-S09,SENSOR09,SENSOR09.CSV,row:11535,2024-09-10T06:01:05,LEG-01,REAL_PUBLIC_DATA,DERIVED
CP-DEMO-001,BATCH-DEMO-001,SHIP-DEMO-001,ZEN-RAW-S09:row:11536,ZEN-RAW-S09,SENSOR09,SENSOR09.CSV,row:11536,2024-09-10T06:01:10,LEG-01,REAL_PUBLIC_DATA,DERIVED
CP-DEMO-001,BATCH-DEMO-001,SHIP-DEMO-001,ZEN-RAW-S09:row:11537,ZEN-RAW-S09,SENSOR09,SENSOR09.CSV,row:11537,2024-09-10T06:01:15,LEG-01,REAL_PUBLIC_DATA,DERIVED
CP-DEMO-001,BATCH-DEMO-001,SHIP-DEMO-001,ZEN-RAW-S09:row:11538,ZEN-RAW-S09,SENSOR09,SENSOR09.CSV,row:11538,2024-09-10T06:01:20,LEG-01,REAL_PUBLIC_DATA,DERIVED
CP-DEMO-001,BATCH-DEMO-001,SHIP-DEMO-001,ZEN-RAW-S09:row:11539,ZEN-RAW-S09,SENSOR09,SENSOR09.CSV,row:11539,2024-09-10T06:01:25,LEG-01,REAL_PUBLIC_DATA,DERIVED
CP-DEMO-001,BATCH-DEMO-001,SHIP-DEMO-001,ZEN-RAW-S09:row:11540,ZEN-RAW-S09,SENSOR09,SENSOR09.CSV,row:11540,2024-09-10T06:01:30,LEG-01,REAL_PUBLIC_DATA,DERIVED
CP-DEMO-001,BATCH-DEMO-001,SHIP-DEMO-001,ZEN-RAW-S09:row:11541,ZEN-RAW-S09,SENSOR09,SENSOR09.CSV,row:11541,2024-09-10T06:01:35,LEG-01,REAL_PUBLIC_DATA,DERIVED
CP-DEMO-001,BATCH-DEMO-001,SHIP-DEMO-001,ZEN-RAW-S09:row:11542,ZEN-RAW-S09,SENSOR09,SENSOR09.CSV,row:11542,2024-09-10T06:01:40,LEG-01,REAL_PUBLIC_DATA,DERIVED
CP-DEMO-001,BATCH-DEMO-001,SHIP-DEMO-001,ZEN-RAW-S09:row:11543,ZEN-RAW-S09,SENSOR09,SENSOR09.CSV,row:11543,2024-09-10T06:01:45,LEG-01,REAL_PUBLIC_DATA,DERIVED
CP-DEMO-001,BATCH-DEMO-001,SHIP-DEMO-001,ZEN-RAW-S09:row:11544,ZEN-RAW-S09,SENSOR09,SENSOR09.CSV,row:11544,2024-09-10T06:01:50,LEG-01,REAL_PUBLIC_DATA,DERIVED
CP-DEMO-001,BATCH-DEMO-001,SHIP-DEMO-001,ZEN-RAW-S09:row:11545,ZEN-RAW-S09,SENSOR09,SENSOR09.CSV,row:11545,2024-09-10T06:01:55,LEG-01,REAL_PUBLIC_DATA,DERIVED
CP-DEMO-001,BATCH-DEMO-001,SHIP-DEMO-001,ZEN-RAW-S09:row:11546,ZEN-RAW-S09,SENSOR09,SENSOR09.CSV,row:11546,2024-09-10T06:02:00,LEG-01,REAL_PUBLIC_DATA,DERIVED
CP-DEMO-001,BATCH-DEMO-001,SHIP-DEMO-001,ZEN-RAW-S09:row:11547,ZEN-RAW-S09,SENSOR09,SENSOR09.CSV,row:11547,2024-09-10T06:02:05,LEG-01,REAL_PUBLIC_DATA,DERIVED
CP-DEMO-001,BATCH-DEMO-001,SHIP-DEMO-001,ZEN-RAW-S09:row:11548,ZEN-RAW-S09,SENSOR09,SENSOR09.CSV,row:11548,2024-09-10T06:02:10,LEG-01,REAL_PUBLIC_DATA,DERIVED
CP-DEMO-001,BATCH-DEMO-001,SHIP-DEMO-001,ZEN-RAW-S09:row:11549,ZEN-RAW-S09,SENSOR09,SENSOR09.CSV,row:11549,2024-09-10T06:02:15,LEG-01,REAL_PUBLIC_DATA,DERIVED
CP-DEMO-001,BATCH-DEMO-001,SHIP-DEMO-001,ZEN-RAW-S09:row:11550,ZEN-RAW-S09,SENSOR09,SENSOR09.CSV,row:11550,2024-09-10T06:02:20,LEG-01,REAL_PUBLIC_DATA,DERIVED
CP-DEMO-001,BATCH-DEMO-001,SHIP-DEMO-001,ZEN-RAW-S09:row:11551,ZEN-RAW-S09,SENSOR09,SENSOR09.CSV,row:11551,2024-09-10T06:02:25,LEG-01,REAL_PUBLIC_DATA,DERIVED
CP-DEMO-001,BATCH-DEMO-001,SHIP-DEMO-001,ZEN-RAW-S09:row:11552,ZEN-RAW-S09,SENSOR09,SENSOR09.CSV,row:11552,2024-09-10T06:02:30,LEG-01,REAL_PUBLIC_DATA,DERIVED
CP-DEMO-001,BATCH-DEMO-001,SHIP-DEMO-001,ZEN-RAW-S09:row:11553,ZEN-RAW-S09,SENSOR09,SENSOR09.CSV,row:11553,2024-09-10T06:02:35,LEG-01,REAL_PUBLIC_DATA,DERIVED
CP-DEMO-001,BATCH-DEMO-001,SHIP-DEMO-001,ZEN-RAW-S09:row:11554,ZEN-RAW-S09,SENSOR09,SENSOR09.CSV,row:11554,2024-09-10T06:02:40,LEG-01,REAL_PUBLIC_DATA,DERIVED
CP-DEMO-001,BATCH-DEMO-001,SHIP-DEMO-001,ZEN-RAW-S09:row:11555,ZEN-RAW-S09,SENSOR09,SENSOR09.CSV,row:11555,2024-09-10T06:02:45,LEG-01,REAL_PUBLIC_DATA,DERIVED
CP-DEMO-001,BATCH-DEMO-001,SHIP-DEMO-001,ZEN-RAW-S09:row:11556,ZEN-RAW-S09,SENSOR09,SENSOR09.CSV,row:11556,2024-09-10T06:02:50,LEG-01,REAL_PUBLIC_DATA,DERIVED
CP-DEMO-001,BATCH-DEMO-001,SHIP-DEMO-001,ZEN-RAW-S09:row:11557,ZEN-RAW-S09,SENSOR09,SENSOR09.CSV,row:11557,2024-09-10T06:02:55,LEG-01,REAL_PUBLIC_DATA,DERIVED
CP-DEMO-001,BATCH-DEMO-001,SHIP-DEMO-001,ZEN-RAW-S09:row:11558,ZEN-RAW-S09,SENSOR09,SENSOR09.CSV,row:11558,2024-09-10T06:03:00,LEG-01,REAL_PUBLIC_DATA,DERIVED
CP-DEMO-001,BATCH-DEMO-001,SHIP-DEMO-001,ZEN-RAW-S09:row:11559,ZEN-RAW-S09,SENSOR09,SENSOR09.CSV,row:11559,2024-09-10T06:03:05,LEG-01,REAL_PUBLIC_DATA,DERIVED
CP-DEMO-001,BATCH-DEMO-001,SHIP-DEMO-001,ZEN-RAW-S09:row:11560,ZEN-RAW-S09,SENSOR09,SENSOR09.CSV,row:11560,2024-09-10T06:03:10,LEG-01,REAL_PUBLIC_DATA,DERIVED
CP-DEMO-001,BATCH-DEMO-001,SHIP-DEMO-001,ZEN-RAW-S09:row:11561,ZEN-RAW-S09,SENSOR09,SENSOR09.CSV,row:11561,2024-09-10T06:03:15,LEG-01,REAL_PUBLIC_DATA,DERIVED
CP-DEMO-001,BATCH-DEMO-001,SHIP-DEMO-001,ZEN-RAW-S09:row:11562,ZEN-RAW-S09,SENSOR09,SENSOR09.CSV,row:11562,2024-09-10T06:03:20,LEG-01,REAL_PUBLIC_DATA,DERIVED
CP-DEMO-001,BATCH-DEMO-001,SHIP-DEMO-001,ZEN-RAW-S09:row:11563,ZEN-RAW-S09,SENSOR09,SENSOR09.CSV,row:11563,2024-09-10T06:03:25,LEG-01,REAL_PUBLIC_DATA,DERIVED
CP-DEMO-001,BATCH-DEMO-001,SHIP-DEMO-001,ZEN-RAW-S09:row:11564,ZEN-RAW-S09,SENSOR09,SENSOR09.CSV,row:11564,2024-09-10T06:03:30,LEG-01,REAL_PUBLIC_DATA,DERIVED
CP-DEMO-001,BATCH-DEMO-001,SHIP-DEMO-001,ZEN-RAW-S09:row:11565,ZEN-RAW-S09,SENSOR09,SENSOR09.CSV,row:11565,2024-09-10T06:03:35,LEG-01,REAL_PUBLIC_DATA,DERIVED
CP-DEMO-001,BATCH-DEMO-001,SHIP-DEMO-001,ZEN-RAW-S09:row:11566,ZEN-RAW-S09,SENSOR09,SENSOR09.CSV,row:11566,2024-09-10T06:03:40,LEG-01,REAL_PUBLIC_DATA,DERIVED
CP-DEMO-001,BATCH-DEMO-001,SHIP-DEMO-001,ZEN-RAW-S09:row:11567,ZEN-RAW-S09,SENSOR09,SENSOR09.CSV,row:11567,2024-09-10T06:03:45,LEG-01,REAL_PUBLIC_DATA,DERIVED
CP-DEMO-001,BATCH-DEMO-001,SHIP-DEMO-001,ZEN-RAW-S09:row:11568,ZEN-RAW-S09,SENSOR09,SENSOR09.CSV,row:11568,2024-09-10T06:03:50,LEG-01,REAL_PUBLIC_DATA,DERIVED
CP-DEMO-001,BATCH-DEMO-001,SHIP-DEMO-001,ZEN-RAW-S09:row:11569,ZEN-RAW-S09,SENSOR09,SENSOR09.CSV,row:11569,2024-09-10T06:03:55,LEG-01,REAL_PUBLIC_DATA,DERIVED
CP-DEMO-001,BATCH-DEMO-001,SHIP-DEMO-001,ZEN-RAW-S09:row:11570,ZEN-RAW-S09,SENSOR09,SENSOR09.CSV,row:11570,2024-09-10T06:04:00,LEG-01,REAL_PUBLIC_DATA,DERIVED
CP-DEMO-001,BATCH-DEMO-001,SHIP-DEMO-001,ZEN-RAW-S09:row:11571,ZEN-RAW-S09,SENSOR09,SENSOR09.CSV,row:11571,2024-09-10T06:04:05,LEG-01,REAL_PUBLIC_DATA,DERIVED
CP-DEMO-001,BATCH-DEMO-001,SHIP-DEMO-001,ZEN-RAW-S09:row:11572,ZEN-RAW-S09,SENSOR09,SENSOR09.CSV,row:11572,2024-09-10T06:04:10,LEG-01,REAL_PUBLIC_DATA,DERIVED
CP-DEMO-001,BATCH-DEMO-001,SHIP-DEMO-001,ZEN-RAW-S09:row:11573,ZEN-RAW-S09,SENSOR09,SENSOR09.CSV,row:11573,2024-09-10T06:04:15,LEG-01,REAL_PUBLIC_DATA,DERIVED
CP-DEMO-001,BATCH-DEMO-001,SHIP-DEMO-001,ZEN-RAW-S09:row:11574,ZEN-RAW-S09,SENSOR09,SENSOR09.CSV,row:11574,2024-09-10T06:04:20,LEG-01,REAL_PUBLIC_DATA,DERIVED
CP-DEMO-001,BATCH-DEMO-001,SHIP-DEMO-001,ZEN-RAW-S09:row:11575,ZEN-RAW-S09,SENSOR09,SENSOR09.CSV,row:11575,2024-09-10T06:04:25,LEG-01,REAL_PUBLIC_DATA,DERIVED
CP-DEMO-001,BATCH-DEMO-001,SHIP-DEMO-001,ZEN-RAW-S09:row:11576,ZEN-RAW-S09,SENSOR09,SENSOR09.CSV,row:11576,2024-09-10T06:04:30,LEG-01,REAL_PUBLIC_DATA,DERIVED
CP-DEMO-001,BATCH-DEMO-001,SHIP-DEMO-001,ZEN-RAW-S09:row:11577,ZEN-RAW-S09,SENSOR09,SENSOR09.CSV,row:11577,2024-09-10T06:04:35,LEG-01,REAL_PUBLIC_DATA,DERIVED
CP-DEMO-001,BATCH-DEMO-001,SHIP-DEMO-001,ZEN-RAW-S09:row:11578,ZEN-RAW-S09,SENSOR09,SENSOR09.CSV,row:11578,2024-09-10T06:04:40,LEG-01,REAL_PUBLIC_DATA,DERIVED
CP-DEMO-001,BATCH-DEMO-001,SHIP-DEMO-001,ZEN-RAW-S09:row:11579,ZEN-RAW-S09,SENSOR09,SENSOR09.CSV,row:11579,2024-09-10T06:04:45,LEG-01,REAL_PUBLIC_DATA,DERIVED
CP-DEMO-001,BATCH-DEMO-001,SHIP-DEMO-001,ZEN-RAW-S09:row:11580,ZEN-RAW-S09,SENSOR09,SENSOR09.CSV,row:11580,2024-09-10T06:04:50,LEG-01,REAL_PUBLIC_DATA,DERIVED
CP-DEMO-001,BATCH-DEMO-001,SHIP-DEMO-001,ZEN-RAW-S09:row:11581,ZEN-RAW-S09,SENSOR09,SENSOR09.CSV,row:11581,2024-09-10T06:04:55,LEG-01,REAL_PUBLIC_DATA,DERIVED
CP-DEMO-001,BATCH-DEMO-001,SHIP-DEMO-001,ZEN-RAW-S09:row:11582,ZEN-RAW-S09,SENSOR09,SENSOR09.CSV,row:11582,2024-09-10T06:05:00,LEG-01,REAL_PUBLIC_DATA,DERIVED
CP-DEMO-001,BATCH-DEMO-001,SHIP-DEMO-001,ZEN-RAW-S09:row:11583,ZEN-RAW-S09,SENSOR09,SENSOR09.CSV,row:11583,2024-09-10T06:05:05,LEG-01,REAL_PUBLIC_DATA,DERIVED
CP-DEMO-001,BATCH-DEMO-001,SHIP-DEMO-001,ZEN-RAW-S09:row:11584,ZEN-RAW-S09,SENSOR09,SENSOR09.CSV,row:11584,2024-09-10T06:05:10,LEG-01,REAL_PUBLIC_DATA,DERIVED
CP-DEMO-001,BATCH-DEMO-001,SHIP-DEMO-001,ZEN-RAW-S09:row:11585,ZEN-RAW-S09,SENSOR09,SENSOR09.CSV,row:11585,2024-09-10T06:05:15,LEG-01,REAL_PUBLIC_DATA,DERIVED
CP-DEMO-001,BATCH-DEMO-001,SHIP-DEMO-001,ZEN-RAW-S09:row:11586,ZEN-RAW-S09,SENSOR09,SENSOR09.CSV,row:11586,2024-09-10T06:05:20,LEG-01,REAL_PUBLIC_DATA,DERIVED
CP-DEMO-001,BATCH-DEMO-001,SHIP-DEMO-001,ZEN-RAW-S09:row:11587,ZEN-RAW-S09,SENSOR09,SENSOR09.CSV,row:11587,2024-09-10T06:05:25,LEG-01,REAL_PUBLIC_DATA,DERIVED
CP-DEMO-001,BATCH-DEMO-001,SHIP-DEMO-001,ZEN-RAW-S09:row:11588,ZEN-RAW-S09,SENSOR09,SENSOR09.CSV,row:11588,2024-09-10T06:05:30,LEG-01,REAL_PUBLIC_DATA,DERIVED
CP-DEMO-001,BATCH-DEMO-001,SHIP-DEMO-001,ZEN-RAW-S09:row:11589,ZEN-RAW-S09,SENSOR09,SENSOR09.CSV,row:11589,2024-09-10T06:05:35,LEG-01,REAL_PUBLIC_DATA,DERIVED
CP-DEMO-001,BATCH-DEMO-001,SHIP-DEMO-001,ZEN-RAW-S09:row:11590,ZEN-RAW-S09,SENSOR09,SENSOR09.CSV,row:11590,2024-09-10T06:05:40,LEG-01,REAL_PUBLIC_DATA,DERIVED
CP-DEMO-001,BATCH-DEMO-001,SHIP-DEMO-001,ZEN-RAW-S09:row:11591,ZEN-RAW-S09,SENSOR09,SENSOR09.CSV,row:11591,2024-09-10T06:05:45,LEG-01,REAL_PUBLIC_DATA,DERIVED
CP-DEMO-001,BATCH-DEMO-001,SHIP-DEMO-001,ZEN-RAW-S09:row:11592,ZEN-RAW-S09,SENSOR09,SENSOR09.CSV,row:11592,2024-09-10T06:05:50,LEG-01,REAL_PUBLIC_DATA,DERIVED
CP-DEMO-001,BATCH-DEMO-001,SHIP-DEMO-001,ZEN-RAW-S09:row:11593,ZEN-RAW-S09,SENSOR09,SENSOR09.CSV,row:11593,2024-09-10T06:05:55,LEG-01,REAL_PUBLIC_DATA,DERIVED
CP-DEMO-001,BATCH-DEMO-001,SHIP-DEMO-001,ZEN-RAW-S09:row:11594,ZEN-RAW-S09,SENSOR09,SENSOR09.CSV,row:11594,2024-09-10T06:06:00,LEG-01,REAL_PUBLIC_DATA,DERIVED
CP-DEMO-001,BATCH-DEMO-001,SHIP-DEMO-001,ZEN-RAW-S09:row:11595,ZEN-RAW-S09,SENSOR09,SENSOR09.CSV,row:11595,2024-09-10T06:06:05,LEG-01,REAL_PUBLIC_DATA,DERIVED
CP-DEMO-001,BATCH-DEMO-001,SHIP-DEMO-001,ZEN-RAW-S09:row:11596,ZEN-RAW-S09,SENSOR09,SENSOR09.CSV,row:11596,2024-09-10T06:06:10,LEG-01,REAL_PUBLIC_DATA,DERIVED
CP-DEMO-001,BATCH-DEMO-001,SHIP-DEMO-001,ZEN-RAW-S09:row:11597,ZEN-RAW-S09,SENSOR09,SENSOR09.CSV,row:11597,2024-09-10T06:06:15,LEG-01,REAL_PUBLIC_DATA,DERIVED
CP-DEMO-001,BATCH-DEMO-001,SHIP-DEMO-001,ZEN-RAW-S09:row:11598,ZEN-RAW-S09,SENSOR09,SENSOR09.CSV,row:11598,2024-09-10T06:06:20,LEG-01,REAL_PUBLIC_DATA,DERIVED
CP-DEMO-001,BATCH-DEMO-001,SHIP-DEMO-001,ZEN-RAW-S09:row:11599,ZEN-RAW-S09,SENSOR09,SENSOR09.CSV,row:11599,2024-09-10T06:06:25,LEG-01,REAL_PUBLIC_DATA,DERIVED
CP-DEMO-001,BATCH-DEMO-001,SHIP-DEMO-001,ZEN-RAW-S09:row:11600,ZEN-RAW-S09,SENSOR09,SENSOR09.CSV,row:11600,2024-09-10T06:06:30,LEG-01,REAL_PUBLIC_DATA,DERIVED
CP-DEMO-001,BATCH-DEMO-001,SHIP-DEMO-001,ZEN-RAW-S09:row:11601,ZEN-RAW-S09,SENSOR09,SENSOR09.CSV,row:11601,2024-09-10T06:06:35,LEG-01,REAL_PUBLIC_DATA,DERIVED
CP-DEMO-001,BATCH-DEMO-001,SHIP-DEMO-001,ZEN-RAW-S09:row:11602,ZEN-RAW-S09,SENSOR09,SENSOR09.CSV,row:11602,2024-09-10T06:06:40,LEG-01,REAL_PUBLIC_DATA,DERIVED
CP-DEMO-001,BATCH-DEMO-001,SHIP-DEMO-001,ZEN-RAW-S09:row:11603,ZEN-RAW-S09,SENSOR09,SENSOR09.CSV,row:11603,2024-09-10T06:06:45,LEG-01,REAL_PUBLIC_DATA,DERIVED
CP-DEMO-001,BATCH-DEMO-001,SHIP-DEMO-001,ZEN-RAW-S09:row:11604,ZEN-RAW-S09,SENSOR09,SENSOR09.CSV,row:11604,2024-09-10T06:06:50,LEG-01,REAL_PUBLIC_DATA,DERIVED
CP-DEMO-001,BATCH-DEMO-001,SHIP-DEMO-001,ZEN-RAW-S09:row:11605,ZEN-RAW-S09,SENSOR09,SENSOR09.CSV,row:11605,2024-09-10T06:06:55,LEG-01,REAL_PUBLIC_DATA,DERIVED
CP-DEMO-001,BATCH-DEMO-001,SHIP-DEMO-001,ZEN-RAW-S09:row:11606,ZEN-RAW-S09,SENSOR09,SENSOR09.CSV,row:11606,2024-09-10T06:07:00,LEG-01,REAL_PUBLIC_DATA,DERIVED
CP-DEMO-001,BATCH-DEMO-001,SHIP-DEMO-001,ZEN-RAW-S09:row:11607,ZEN-RAW-S09,SENSOR09,SENSOR09.CSV,row:11607,2024-09-10T06:07:05,LEG-01,REAL_PUBLIC_DATA,DERIVED
CP-DEMO-001,BATCH-DEMO-001,SHIP-DEMO-001,ZEN-RAW-S09:row:11608,ZEN-RAW-S09,SENSOR09,SENSOR09.CSV,row:11608,2024-09-10T06:07:10,LEG-01,REAL_PUBLIC_DATA,DERIVED
CP-DEMO-001,BATCH-DEMO-001,SHIP-DEMO-001,ZEN-RAW-S09:row:11609,ZEN-RAW-S09,SENSOR09,SENSOR09.CSV,row:11609,2024-09-10T06:07:15,LEG-01,REAL_PUBLIC_DATA,DERIVED
CP-DEMO-001,BATCH-DEMO-001,SHIP-DEMO-001,ZEN-RAW-S09:row:11610,ZEN-RAW-S09,SENSOR09,SENSOR09.CSV,row:11610,2024-09-10T06:07:20,LEG-01,REAL_PUBLIC_DATA,DERIVED
CP-DEMO-001,BATCH-DEMO-001,SHIP-DEMO-001,ZEN-RAW-S09:row:11611,ZEN-RAW-S09,SENSOR09,SENSOR09.CSV,row:11611,2024-09-10T06:07:25,LEG-01,REAL_PUBLIC_DATA,DERIVED
CP-DEMO-001,BATCH-DEMO-001,SHIP-DEMO-001,ZEN-RAW-S09:row:11612,ZEN-RAW-S09,SENSOR09,SENSOR09.CSV,row:11612,2024-09-10T06:07:30,LEG-01,REAL_PUBLIC_DATA,DERIVED
CP-DEMO-001,BATCH-DEMO-001,SHIP-DEMO-001,ZEN-RAW-S09:row:11613,ZEN-RAW-S09,SENSOR09,SENSOR09.CSV,row:11613,2024-09-10T06:07:35,LEG-01,REAL_PUBLIC_DATA,DERIVED
CP-DEMO-001,BATCH-DEMO-001,SHIP-DEMO-001,ZEN-RAW-S09:row:11614,ZEN-RAW-S09,SENSOR09,SENSOR09.CSV,row:11614,2024-09-10T06:07:40,LEG-01,REAL_PUBLIC_DATA,DERIVED
CP-DEMO-001,BATCH-DEMO-001,SHIP-DEMO-001,ZEN-RAW-S09:row:11615,ZEN-RAW-S09,SENSOR09,SENSOR09.CSV,row:11615,2024-09-10T06:07:45,LEG-01,REAL_PUBLIC_DATA,DERIVED
CP-DEMO-001,BATCH-DEMO-001,SHIP-DEMO-001,ZEN-RAW-S09:row:11616,ZEN-RAW-S09,SENSOR09,SENSOR09.CSV,row:11616,2024-09-10T06:07:50,LEG-01,REAL_PUBLIC_DATA,DERIVED
CP-DEMO-001,BATCH-DEMO-001,SHIP-DEMO-001,ZEN-RAW-S09:row:11617,ZEN-RAW-S09,SENSOR09,SENSOR09.CSV,row:11617,2024-09-10T06:07:55,LEG-01,REAL_PUBLIC_DATA,DERIVED
CP-DEMO-001,BATCH-DEMO-001,SHIP-DEMO-001,ZEN-RAW-S09:row:11618,ZEN-RAW-S09,SENSOR09,SENSOR09.CSV,row:11618,2024-09-10T06:08:00,LEG-01,REAL_PUBLIC_DATA,DERIVED
CP-DEMO-001,BATCH-DEMO-001,SHIP-DEMO-001,ZEN-RAW-S09:row:11619,ZEN-RAW-S09,SENSOR09,SENSOR09.CSV,row:11619,2024-09-10T06:08:05,LEG-01,REAL_PUBLIC_DATA,DERIVED
CP-DEMO-001,BATCH-DEMO-001,SHIP-DEMO-001,ZEN-RAW-S09:row:11620,ZEN-RAW-S09,SENSOR09,SENSOR09.CSV,row:11620,2024-09-10T06:08:10,LEG-01,REAL_PUBLIC_DATA,DERIVED
CP-DEMO-001,BATCH-DEMO-001,SHIP-DEMO-001,ZEN-RAW-S09:row:11621,ZEN-RAW-S09,SENSOR09,SENSOR09.CSV,row:11621,2024-09-10T06:08:15,LEG-01,REAL_PUBLIC_DATA,DERIVED
CP-DEMO-001,BATCH-DEMO-001,SHIP-DEMO-001,ZEN-RAW-S09:row:11622,ZEN-RAW-S09,SENSOR09,SENSOR09.CSV,row:11622,2024-09-10T06:08:20,LEG-01,REAL_PUBLIC_DATA,DERIVED
CP-DEMO-001,BATCH-DEMO-001,SHIP-DEMO-001,ZEN-RAW-S09:row:11623,ZEN-RAW-S09,SENSOR09,SENSOR09.CSV,row:11623,2024-09-10T06:08:25,LEG-01,REAL_PUBLIC_DATA,DERIVED
CP-DEMO-001,BATCH-DEMO-001,SHIP-DEMO-001,ZEN-RAW-S09:row:11624,ZEN-RAW-S09,SENSOR09,SENSOR09.CSV,row:11624,2024-09-10T06:08:30,LEG-01,REAL_PUBLIC_DATA,DERIVED
CP-DEMO-001,BATCH-DEMO-001,SHIP-DEMO-001,ZEN-RAW-S09:row:11625,ZEN-RAW-S09,SENSOR09,SENSOR09.CSV,row:11625,2024-09-10T06:08:35,LEG-01,REAL_PUBLIC_DATA,DERIVED
CP-DEMO-001,BATCH-DEMO-001,SHIP-DEMO-001,ZEN-RAW-S09:row:11626,ZEN-RAW-S09,SENSOR09,SENSOR09.CSV,row:11626,2024-09-10T06:08:40,LEG-01,REAL_PUBLIC_DATA,DERIVED
CP-DEMO-001,BATCH-DEMO-001,SHIP-DEMO-001,ZEN-RAW-S09:row:11627,ZEN-RAW-S09,SENSOR09,SENSOR09.CSV,row:11627,2024-09-10T06:08:45,LEG-01,REAL_PUBLIC_DATA,DERIVED
CP-DEMO-001,BATCH-DEMO-001,SHIP-DEMO-001,ZEN-RAW-S09:row:11628,ZEN-RAW-S09,SENSOR09,SENSOR09.CSV,row:11628,2024-09-10T06:08:50,LEG-01,REAL_PUBLIC_DATA,DERIVED
CP-DEMO-001,BATCH-DEMO-001,SHIP-DEMO-001,ZEN-RAW-S09:row:11629,ZEN-RAW-S09,SENSOR09,SENSOR09.CSV,row:11629,2024-09-10T06:08:55,LEG-01,REAL_PUBLIC_DATA,DERIVED
CP-DEMO-001,BATCH-DEMO-001,SHIP-DEMO-001,ZEN-RAW-S09:row:11630,ZEN-RAW-S09,SENSOR09,SENSOR09.CSV,row:11630,2024-09-10T06:09:00,LEG-01,REAL_PUBLIC_DATA,DERIVED
CP-DEMO-001,BATCH-DEMO-001,SHIP-DEMO-001,ZEN-RAW-S09:row:11631,ZEN-RAW-S09,SENSOR09,SENSOR09.CSV,row:11631,2024-09-10T06:09:05,LEG-01,REAL_PUBLIC_DATA,DERIVED
CP-DEMO-001,BATCH-DEMO-001,SHIP-DEMO-001,ZEN-RAW-S09:row:11632,ZEN-RAW-S09,SENSOR09,SENSOR09.CSV,row:11632,2024-09-10T06:09:10,LEG-01,REAL_PUBLIC_DATA,DERIVED
CP-DEMO-001,BATCH-DEMO-001,SHIP-DEMO-001,ZEN-RAW-S09:row:11633,ZEN-RAW-S09,SENSOR09,SENSOR09.CSV,row:11633,2024-09-10T06:09:15,LEG-01,REAL_PUBLIC_DATA,DERIVED
CP-DEMO-001,BATCH-DEMO-001,SHIP-DEMO-001,ZEN-RAW-S09:row:11634,ZEN-RAW-S09,SENSOR09,SENSOR09.CSV,row:11634,2024-09-10T06:09:20,LEG-01,REAL_PUBLIC_DATA,DERIVED
CP-DEMO-001,BATCH-DEMO-001,SHIP-DEMO-001,ZEN-RAW-S09:row:11635,ZEN-RAW-S09,SENSOR09,SENSOR09.CSV,row:11635,2024-09-10T06:09:25,LEG-01,REAL_PUBLIC_DATA,DERIVED
CP-DEMO-001,BATCH-DEMO-001,SHIP-DEMO-001,ZEN-RAW-S09:row:11636,ZEN-RAW-S09,SENSOR09,SENSOR09.CSV,row:11636,2024-09-10T06:09:30,LEG-01,REAL_PUBLIC_DATA,DERIVED
CP-DEMO-001,BATCH-DEMO-001,SHIP-DEMO-001,ZEN-RAW-S09:row:11637,ZEN-RAW-S09,SENSOR09,SENSOR09.CSV,row:11637,2024-09-10T06:09:35,LEG-01,REAL_PUBLIC_DATA,DERIVED
CP-DEMO-001,BATCH-DEMO-001,SHIP-DEMO-001,ZEN-RAW-S09:row:11638,ZEN-RAW-S09,SENSOR09,SENSOR09.CSV,row:11638,2024-09-10T06:09:40,LEG-01,REAL_PUBLIC_DATA,DERIVED
CP-DEMO-001,BATCH-DEMO-001,SHIP-DEMO-001,ZEN-RAW-S09:row:11639,ZEN-RAW-S09,SENSOR09,SENSOR09.CSV,row:11639,2024-09-10T06:09:45,LEG-01,REAL_PUBLIC_DATA,DERIVED
CP-DEMO-001,BATCH-DEMO-001,SHIP-DEMO-001,ZEN-RAW-S09:row:11640,ZEN-RAW-S09,SENSOR09,SENSOR09.CSV,row:11640,2024-09-10T06:09:50,LEG-01,REAL_PUBLIC_DATA,DERIVED
CP-DEMO-001,BATCH-DEMO-001,SHIP-DEMO-001,ZEN-RAW-S09:row:11641,ZEN-RAW-S09,SENSOR09,SENSOR09.CSV,row:11641,2024-09-10T06:09:55,LEG-01,REAL_PUBLIC_DATA,DERIVED
CP-DEMO-001,BATCH-DEMO-001,SHIP-DEMO-001,ZEN-RAW-S09:row:11642,ZEN-RAW-S09,SENSOR09,SENSOR09.CSV,row:11642,2024-09-10T06:10:00,LEG-01,REAL_PUBLIC_DATA,DERIVED
CP-DEMO-001,BATCH-DEMO-001,SHIP-DEMO-001,ZEN-RAW-S09:row:11643,ZEN-RAW-S09,SENSOR09,SENSOR09.CSV,row:11643,2024-09-10T06:10:05,LEG-01,REAL_PUBLIC_DATA,DERIVED
CP-DEMO-001,BATCH-DEMO-001,SHIP-DEMO-001,ZEN-RAW-S09:row:11644,ZEN-RAW-S09,SENSOR09,SENSOR09.CSV,row:11644,2024-09-10T06:10:10,LEG-01,REAL_PUBLIC_DATA,DERIVED
CP-DEMO-001,BATCH-DEMO-001,SHIP-DEMO-001,ZEN-RAW-S09:row:11645,ZEN-RAW-S09,SENSOR09,SENSOR09.CSV,row:11645,2024-09-10T06:10:15,LEG-01,REAL_PUBLIC_DATA,DERIVED
CP-DEMO-001,BATCH-DEMO-001,SHIP-DEMO-001,ZEN-RAW-S09:row:11646,ZEN-RAW-S09,SENSOR09,SENSOR09.CSV,row:11646,2024-09-10T06:10:20,LEG-01,REAL_PUBLIC_DATA,DERIVED
CP-DEMO-001,BATCH-DEMO-001,SHIP-DEMO-001,ZEN-RAW-S09:row:11647,ZEN-RAW-S09,SENSOR09,SENSOR09.CSV,row:11647,2024-09-10T06:10:25,LEG-01,REAL_PUBLIC_DATA,DERIVED
CP-DEMO-001,BATCH-DEMO-001,SHIP-DEMO-001,ZEN-RAW-S09:row:11648,ZEN-RAW-S09,SENSOR09,SENSOR09.CSV,row:11648,2024-09-10T06:10:30,LEG-01,REAL_PUBLIC_DATA,DERIVED
CP-DEMO-001,BATCH-DEMO-001,SHIP-DEMO-001,ZEN-RAW-S09:row:11649,ZEN-RAW-S09,SENSOR09,SENSOR09.CSV,row:11649,2024-09-10T06:10:35,LEG-01,REAL_PUBLIC_DATA,DERIVED
CP-DEMO-001,BATCH-DEMO-001,SHIP-DEMO-001,ZEN-RAW-S09:row:11650,ZEN-RAW-S09,SENSOR09,SENSOR09.CSV,row:11650,2024-09-10T06:10:40,LEG-01,REAL_PUBLIC_DATA,DERIVED
CP-DEMO-001,BATCH-DEMO-001,SHIP-DEMO-001,ZEN-RAW-S09:row:11651,ZEN-RAW-S09,SENSOR09,SENSOR09.CSV,row:11651,2024-09-10T06:10:45,LEG-01,REAL_PUBLIC_DATA,DERIVED
CP-DEMO-001,BATCH-DEMO-001,SHIP-DEMO-001,ZEN-RAW-S09:row:11652,ZEN-RAW-S09,SENSOR09,SENSOR09.CSV,row:11652,2024-09-10T06:10:50,LEG-01,REAL_PUBLIC_DATA,DERIVED
CP-DEMO-001,BATCH-DEMO-001,SHIP-DEMO-001,ZEN-RAW-S09:row:11653,ZEN-RAW-S09,SENSOR09,SENSOR09.CSV,row:11653,2024-09-10T06:10:55,LEG-01,REAL_PUBLIC_DATA,DERIVED
CP-DEMO-001,BATCH-DEMO-001,SHIP-DEMO-001,ZEN-RAW-S09:row:11654,ZEN-RAW-S09,SENSOR09,SENSOR09.CSV,row:11654,2024-09-10T06:11:00,LEG-01,REAL_PUBLIC_DATA,DERIVED
CP-DEMO-001,BATCH-DEMO-001,SHIP-DEMO-001,ZEN-RAW-S09:row:11655,ZEN-RAW-S09,SENSOR09,SENSOR09.CSV,row:11655,2024-09-10T06:11:05,LEG-01,REAL_PUBLIC_DATA,DERIVED
CP-DEMO-001,BATCH-DEMO-001,SHIP-DEMO-001,ZEN-RAW-S09:row:11656,ZEN-RAW-S09,SENSOR09,SENSOR09.CSV,row:11656,2024-09-10T06:11:10,LEG-01,REAL_PUBLIC_DATA,DERIVED
CP-DEMO-001,BATCH-DEMO-001,SHIP-DEMO-001,ZEN-RAW-S09:row:11657,ZEN-RAW-S09,SENSOR09,SENSOR09.CSV,row:11657,2024-09-10T06:11:15,LEG-01,REAL_PUBLIC_DATA,DERIVED
CP-DEMO-001,BATCH-DEMO-001,SHIP-DEMO-001,ZEN-RAW-S09:row:11658,ZEN-RAW-S09,SENSOR09,SENSOR09.CSV,row:11658,2024-09-10T06:11:20,LEG-01,REAL_PUBLIC_DATA,DERIVED
CP-DEMO-001,BATCH-DEMO-001,SHIP-DEMO-001,ZEN-RAW-S09:row:11659,ZEN-RAW-S09,SENSOR09,SENSOR09.CSV,row:11659,2024-09-10T06:11:25,LEG-01,REAL_PUBLIC_DATA,DERIVED
CP-DEMO-001,BATCH-DEMO-001,SHIP-DEMO-001,ZEN-RAW-S09:row:11660,ZEN-RAW-S09,SENSOR09,SENSOR09.CSV,row:11660,2024-09-10T06:11:30,LEG-01,REAL_PUBLIC_DATA,DERIVED
CP-DEMO-001,BATCH-DEMO-001,SHIP-DEMO-001,ZEN-RAW-S09:row:11661,ZEN-RAW-S09,SENSOR09,SENSOR09.CSV,row:11661,2024-09-10T06:11:35,LEG-01,REAL_PUBLIC_DATA,DERIVED
CP-DEMO-001,BATCH-DEMO-001,SHIP-DEMO-001,ZEN-RAW-S09:row:11662,ZEN-RAW-S09,SENSOR09,SENSOR09.CSV,row:11662,2024-09-10T06:11:40,LEG-01,REAL_PUBLIC_DATA,DERIVED
CP-DEMO-001,BATCH-DEMO-001,SHIP-DEMO-001,ZEN-RAW-S09:row:11663,ZEN-RAW-S09,SENSOR09,SENSOR09.CSV,row:11663,2024-09-10T06:11:45,LEG-01,REAL_PUBLIC_DATA,DERIVED
CP-DEMO-001,BATCH-DEMO-001,SHIP-DEMO-001,ZEN-RAW-S09:row:11664,ZEN-RAW-S09,SENSOR09,SENSOR09.CSV,row:11664,2024-09-10T06:11:50,LEG-01,REAL_PUBLIC_DATA,DERIVED
CP-DEMO-001,BATCH-DEMO-001,SHIP-DEMO-001,ZEN-RAW-S09:row:11665,ZEN-RAW-S09,SENSOR09,SENSOR09.CSV,row:11665,2024-09-10T06:11:55,LEG-01,REAL_PUBLIC_DATA,DERIVED
CP-DEMO-001,BATCH-DEMO-001,SHIP-DEMO-001,ZEN-RAW-S09:row:11666,ZEN-RAW-S09,SENSOR09,SENSOR09.CSV,row:11666,2024-09-10T06:12:00,LEG-01,REAL_PUBLIC_DATA,DERIVED
CP-DEMO-001,BATCH-DEMO-001,SHIP-DEMO-001,ZEN-RAW-S09:row:11667,ZEN-RAW-S09,SENSOR09,SENSOR09.CSV,row:11667,2024-09-10T06:12:05,LEG-01,REAL_PUBLIC_DATA,DERIVED
CP-DEMO-001,BATCH-DEMO-001,SHIP-DEMO-001,ZEN-RAW-S09:row:11668,ZEN-RAW-S09,SENSOR09,SENSOR09.CSV,row:11668,2024-09-10T06:12:10,LEG-01,REAL_PUBLIC_DATA,DERIVED
CP-DEMO-001,BATCH-DEMO-001,SHIP-DEMO-001,ZEN-RAW-S09:row:11669,ZEN-RAW-S09,SENSOR09,SENSOR09.CSV,row:11669,2024-09-10T06:12:15,LEG-01,REAL_PUBLIC_DATA,DERIVED
CP-DEMO-001,BATCH-DEMO-001,SHIP-DEMO-001,ZEN-RAW-S09:row:11670,ZEN-RAW-S09,SENSOR09,SENSOR09.CSV,row:11670,2024-09-10T06:12:20,LEG-01,REAL_PUBLIC_DATA,DERIVED
CP-DEMO-001,BATCH-DEMO-001,SHIP-DEMO-001,ZEN-RAW-S09:row:11671,ZEN-RAW-S09,SENSOR09,SENSOR09.CSV,row:11671,2024-09-10T06:12:25,LEG-01,REAL_PUBLIC_DATA,DERIVED
CP-DEMO-001,BATCH-DEMO-001,SHIP-DEMO-001,ZEN-RAW-S09:row:11672,ZEN-RAW-S09,SENSOR09,SENSOR09.CSV,row:11672,2024-09-10T06:12:30,LEG-01,REAL_PUBLIC_DATA,DERIVED
CP-DEMO-001,BATCH-DEMO-001,SHIP-DEMO-001,ZEN-RAW-S09:row:11673,ZEN-RAW-S09,SENSOR09,SENSOR09.CSV,row:11673,2024-09-10T06:12:35,LEG-01,REAL_PUBLIC_DATA,DERIVED
CP-DEMO-001,BATCH-DEMO-001,SHIP-DEMO-001,ZEN-RAW-S09:row:11674,ZEN-RAW-S09,SENSOR09,SENSOR09.CSV,row:11674,2024-09-10T06:12:40,LEG-01,REAL_PUBLIC_DATA,DERIVED
CP-DEMO-001,BATCH-DEMO-001,SHIP-DEMO-001,ZEN-RAW-S09:row:11675,ZEN-RAW-S09,SENSOR09,SENSOR09.CSV,row:11675,2024-09-10T06:12:45,LEG-01,REAL_PUBLIC_DATA,DERIVED
CP-DEMO-001,BATCH-DEMO-001,SHIP-DEMO-001,ZEN-RAW-S09:row:11676,ZEN-RAW-S09,SENSOR09,SENSOR09.CSV,row:11676,2024-09-10T06:12:50,LEG-01,REAL_PUBLIC_DATA,DERIVED
CP-DEMO-001,BATCH-DEMO-001,SHIP-DEMO-001,ZEN-RAW-S09:row:11677,ZEN-RAW-S09,SENSOR09,SENSOR09.CSV,row:11677,2024-09-10T06:12:55,LEG-01,REAL_PUBLIC_DATA,DERIVED
CP-DEMO-001,BATCH-DEMO-001,SHIP-DEMO-001,ZEN-RAW-S09:row:11678,ZEN-RAW-S09,SENSOR09,SENSOR09.CSV,row:11678,2024-09-10T06:13:00,LEG-01,REAL_PUBLIC_DATA,DERIVED
CP-DEMO-001,BATCH-DEMO-001,SHIP-DEMO-001,ZEN-RAW-S09:row:11679,ZEN-RAW-S09,SENSOR09,SENSOR09.CSV,row:11679,2024-09-10T06:13:05,LEG-01,REAL_PUBLIC_DATA,DERIVED
CP-DEMO-001,BATCH-DEMO-001,SHIP-DEMO-001,ZEN-RAW-S09:row:11680,ZEN-RAW-S09,SENSOR09,SENSOR09.CSV,row:11680,2024-09-10T06:13:10,LEG-01,REAL_PUBLIC_DATA,DERIVED
CP-DEMO-001,BATCH-DEMO-001,SHIP-DEMO-001,ZEN-RAW-S09:row:11681,ZEN-RAW-S09,SENSOR09,SENSOR09.CSV,row:11681,2024-09-10T06:13:15,LEG-01,REAL_PUBLIC_DATA,DERIVED
CP-DEMO-001,BATCH-DEMO-001,SHIP-DEMO-001,ZEN-RAW-S09:row:11682,ZEN-RAW-S09,SENSOR09,SENSOR09.CSV,row:11682,2024-09-10T06:13:20,LEG-01,REAL_PUBLIC_DATA,DERIVED
CP-DEMO-001,BATCH-DEMO-001,SHIP-DEMO-001,ZEN-RAW-S09:row:11683,ZEN-RAW-S09,SENSOR09,SENSOR09.CSV,row:11683,2024-09-10T06:13:25,LEG-01,REAL_PUBLIC_DATA,DERIVED
CP-DEMO-001,BATCH-DEMO-001,SHIP-DEMO-001,ZEN-RAW-S09:row:11684,ZEN-RAW-S09,SENSOR09,SENSOR09.CSV,row:11684,2024-09-10T06:13:30,LEG-01,REAL_PUBLIC_DATA,DERIVED
CP-DEMO-001,BATCH-DEMO-001,SHIP-DEMO-001,ZEN-RAW-S09:row:11685,ZEN-RAW-S09,SENSOR09,SENSOR09.CSV,row:11685,2024-09-10T06:13:35,LEG-01,REAL_PUBLIC_DATA,DERIVED
CP-DEMO-001,BATCH-DEMO-001,SHIP-DEMO-001,ZEN-RAW-S09:row:11686,ZEN-RAW-S09,SENSOR09,SENSOR09.CSV,row:11686,2024-09-10T06:13:40,LEG-01,REAL_PUBLIC_DATA,DERIVED
CP-DEMO-001,BATCH-DEMO-001,SHIP-DEMO-001,ZEN-RAW-S09:row:11687,ZEN-RAW-S09,SENSOR09,SENSOR09.CSV,row:11687,2024-09-10T06:13:45,LEG-01,REAL_PUBLIC_DATA,DERIVED
CP-DEMO-001,BATCH-DEMO-001,SHIP-DEMO-001,ZEN-RAW-S09:row:11688,ZEN-RAW-S09,SENSOR09,SENSOR09.CSV,row:11688,2024-09-10T06:13:50,LEG-01,REAL_PUBLIC_DATA,DERIVED
CP-DEMO-001,BATCH-DEMO-001,SHIP-DEMO-001,ZEN-RAW-S09:row:11689,ZEN-RAW-S09,SENSOR09,SENSOR09.CSV,row:11689,2024-09-10T06:13:55,LEG-01,REAL_PUBLIC_DATA,DERIVED
CP-DEMO-001,BATCH-DEMO-001,SHIP-DEMO-001,ZEN-RAW-S09:row:11690,ZEN-RAW-S09,SENSOR09,SENSOR09.CSV,row:11690,2024-09-10T06:14:00,LEG-01,REAL_PUBLIC_DATA,DERIVED
CP-DEMO-001,BATCH-DEMO-001,SHIP-DEMO-001,ZEN-RAW-S09:row:11691,ZEN-RAW-S09,SENSOR09,SENSOR09.CSV,row:11691,2024-09-10T06:14:05,LEG-01,REAL_PUBLIC_DATA,DERIVED
CP-DEMO-001,BATCH-DEMO-001,SHIP-DEMO-001,ZEN-RAW-S09:row:11692,ZEN-RAW-S09,SENSOR09,SENSOR09.CSV,row:11692,2024-09-10T06:14:10,LEG-01,REAL_PUBLIC_DATA,DERIVED
CP-DEMO-001,BATCH-DEMO-001,SHIP-DEMO-001,ZEN-RAW-S09:row:11693,ZEN-RAW-S09,SENSOR09,SENSOR09.CSV,row:11693,2024-09-10T06:14:15,LEG-01,REAL_PUBLIC_DATA,DERIVED
CP-DEMO-001,BATCH-DEMO-001,SHIP-DEMO-001,ZEN-RAW-S09:row:11694,ZEN-RAW-S09,SENSOR09,SENSOR09.CSV,row:11694,2024-09-10T06:14:20,LEG-01,REAL_PUBLIC_DATA,DERIVED
CP-DEMO-001,BATCH-DEMO-001,SHIP-DEMO-001,ZEN-RAW-S09:row:11695,ZEN-RAW-S09,SENSOR09,SENSOR09.CSV,row:11695,2024-09-10T06:14:25,LEG-01,REAL_PUBLIC_DATA,DERIVED
CP-DEMO-001,BATCH-DEMO-001,SHIP-DEMO-001,ZEN-RAW-S09:row:11696,ZEN-RAW-S09,SENSOR09,SENSOR09.CSV,row:11696,2024-09-10T06:14:30,LEG-01,REAL_PUBLIC_DATA,DERIVED
CP-DEMO-001,BATCH-DEMO-001,SHIP-DEMO-001,ZEN-RAW-S09:row:11697,ZEN-RAW-S09,SENSOR09,SENSOR09.CSV,row:11697,2024-09-10T06:14:35,LEG-01,REAL_PUBLIC_DATA,DERIVED
CP-DEMO-001,BATCH-DEMO-001,SHIP-DEMO-001,ZEN-RAW-S09:row:11698,ZEN-RAW-S09,SENSOR09,SENSOR09.CSV,row:11698,2024-09-10T06:14:40,LEG-01,REAL_PUBLIC_DATA,DERIVED
CP-DEMO-001,BATCH-DEMO-001,SHIP-DEMO-001,ZEN-RAW-S09:row:11699,ZEN-RAW-S09,SENSOR09,SENSOR09.CSV,row:11699,2024-09-10T06:14:45,LEG-01,REAL_PUBLIC_DATA,DERIVED
CP-DEMO-001,BATCH-DEMO-001,SHIP-DEMO-001,ZEN-RAW-S09:row:11700,ZEN-RAW-S09,SENSOR09,SENSOR09.CSV,row:11700,2024-09-10T06:14:50,LEG-01,REAL_PUBLIC_DATA,DERIVED
CP-DEMO-001,BATCH-DEMO-001,SHIP-DEMO-001,ZEN-RAW-S09:row:11701,ZEN-RAW-S09,SENSOR09,SENSOR09.CSV,row:11701,2024-09-10T06:14:55,LEG-01,REAL_PUBLIC_DATA,DERIVED
CP-DEMO-001,BATCH-DEMO-001,SHIP-DEMO-001,ZEN-RAW-S09:row:11702,ZEN-RAW-S09,SENSOR09,SENSOR09.CSV,row:11702,2024-09-10T06:15:00,LEG-01,REAL_PUBLIC_DATA,DERIVED
CP-DEMO-001,BATCH-DEMO-001,SHIP-DEMO-001,ZEN-RAW-S09:row:11703,ZEN-RAW-S09,SENSOR09,SENSOR09.CSV,row:11703,2024-09-10T06:15:05,LEG-01,REAL_PUBLIC_DATA,DERIVED
CP-DEMO-001,BATCH-DEMO-001,SHIP-DEMO-001,ZEN-RAW-S09:row:11704,ZEN-RAW-S09,SENSOR09,SENSOR09.CSV,row:11704,2024-09-10T06:15:10,LEG-01,REAL_PUBLIC_DATA,DERIVED
CP-DEMO-001,BATCH-DEMO-001,SHIP-DEMO-001,ZEN-RAW-S09:row:11705,ZEN-RAW-S09,SENSOR09,SENSOR09.CSV,row:11705,2024-09-10T06:15:15,LEG-01,REAL_PUBLIC_DATA,DERIVED
CP-DEMO-001,BATCH-DEMO-001,SHIP-DEMO-001,ZEN-RAW-S09:row:11706,ZEN-RAW-S09,SENSOR09,SENSOR09.CSV,row:11706,2024-09-10T06:15:20,LEG-01,REAL_PUBLIC_DATA,DERIVED
CP-DEMO-001,BATCH-DEMO-001,SHIP-DEMO-001,ZEN-RAW-S09:row:11707,ZEN-RAW-S09,SENSOR09,SENSOR09.CSV,row:11707,2024-09-10T06:15:25,LEG-01,REAL_PUBLIC_DATA,DERIVED
CP-DEMO-001,BATCH-DEMO-001,SHIP-DEMO-001,ZEN-RAW-S09:row:11708,ZEN-RAW-S09,SENSOR09,SENSOR09.CSV,row:11708,2024-09-10T06:15:30,LEG-01,REAL_PUBLIC_DATA,DERIVED
CP-DEMO-001,BATCH-DEMO-001,SHIP-DEMO-001,ZEN-RAW-S09:row:11709,ZEN-RAW-S09,SENSOR09,SENSOR09.CSV,row:11709,2024-09-10T06:15:35,LEG-01,REAL_PUBLIC_DATA,DERIVED
CP-DEMO-001,BATCH-DEMO-001,SHIP-DEMO-001,ZEN-RAW-S09:row:11710,ZEN-RAW-S09,SENSOR09,SENSOR09.CSV,row:11710,2024-09-10T06:15:40,LEG-01,REAL_PUBLIC_DATA,DERIVED
CP-DEMO-001,BATCH-DEMO-001,SHIP-DEMO-001,ZEN-RAW-S09:row:11711,ZEN-RAW-S09,SENSOR09,SENSOR09.CSV,row:11711,2024-09-10T06:15:45,LEG-01,REAL_PUBLIC_DATA,DERIVED
CP-DEMO-001,BATCH-DEMO-001,SHIP-DEMO-001,ZEN-RAW-S09:row:11712,ZEN-RAW-S09,SENSOR09,SENSOR09.CSV,row:11712,2024-09-10T06:15:50,LEG-01,REAL_PUBLIC_DATA,DERIVED
CP-DEMO-001,BATCH-DEMO-001,SHIP-DEMO-001,ZEN-RAW-S09:row:11713,ZEN-RAW-S09,SENSOR09,SENSOR09.CSV,row:11713,2024-09-10T06:15:55,LEG-01,REAL_PUBLIC_DATA,DERIVED
CP-DEMO-001,BATCH-DEMO-001,SHIP-DEMO-001,ZEN-RAW-S09:row:11714,ZEN-RAW-S09,SENSOR09,SENSOR09.CSV,row:11714,2024-09-10T06:16:00,LEG-01,REAL_PUBLIC_DATA,DERIVED
CP-DEMO-001,BATCH-DEMO-001,SHIP-DEMO-001,ZEN-RAW-S09:row:11715,ZEN-RAW-S09,SENSOR09,SENSOR09.CSV,row:11715,2024-09-10T06:16:05,LEG-01,REAL_PUBLIC_DATA,DERIVED
CP-DEMO-001,BATCH-DEMO-001,SHIP-DEMO-001,ZEN-RAW-S09:row:11716,ZEN-RAW-S09,SENSOR09,SENSOR09.CSV,row:11716,2024-09-10T06:16:10,LEG-01,REAL_PUBLIC_DATA,DERIVED
CP-DEMO-001,BATCH-DEMO-001,SHIP-DEMO-001,ZEN-RAW-S09:row:11717,ZEN-RAW-S09,SENSOR09,SENSOR09.CSV,row:11717,2024-09-10T06:16:15,LEG-01,REAL_PUBLIC_DATA,DERIVED
CP-DEMO-001,BATCH-DEMO-001,SHIP-DEMO-001,ZEN-RAW-S09:row:11718,ZEN-RAW-S09,SENSOR09,SENSOR09.CSV,row:11718,2024-09-10T06:16:20,LEG-01,REAL_PUBLIC_DATA,DERIVED
CP-DEMO-001,BATCH-DEMO-001,SHIP-DEMO-001,ZEN-RAW-S09:row:11719,ZEN-RAW-S09,SENSOR09,SENSOR09.CSV,row:11719,2024-09-10T06:16:25,LEG-01,REAL_PUBLIC_DATA,DERIVED
CP-DEMO-001,BATCH-DEMO-001,SHIP-DEMO-001,ZEN-RAW-S09:row:11720,ZEN-RAW-S09,SENSOR09,SENSOR09.CSV,row:11720,2024-09-10T06:16:30,LEG-01,REAL_PUBLIC_DATA,DERIVED
CP-DEMO-001,BATCH-DEMO-001,SHIP-DEMO-001,ZEN-RAW-S09:row:11721,ZEN-RAW-S09,SENSOR09,SENSOR09.CSV,row:11721,2024-09-10T06:16:35,LEG-01,REAL_PUBLIC_DATA,DERIVED
CP-DEMO-001,BATCH-DEMO-001,SHIP-DEMO-001,ZEN-RAW-S09:row:11722,ZEN-RAW-S09,SENSOR09,SENSOR09.CSV,row:11722,2024-09-10T06:16:40,LEG-01,REAL_PUBLIC_DATA,DERIVED
CP-DEMO-001,BATCH-DEMO-001,SHIP-DEMO-001,ZEN-RAW-S09:row:11723,ZEN-RAW-S09,SENSOR09,SENSOR09.CSV,row:11723,2024-09-10T06:16:45,LEG-01,REAL_PUBLIC_DATA,DERIVED
CP-DEMO-001,BATCH-DEMO-001,SHIP-DEMO-001,ZEN-RAW-S09:row:11724,ZEN-RAW-S09,SENSOR09,SENSOR09.CSV,row:11724,2024-09-10T06:16:50,LEG-01,REAL_PUBLIC_DATA,DERIVED
CP-DEMO-001,BATCH-DEMO-001,SHIP-DEMO-001,ZEN-RAW-S09:row:11725,ZEN-RAW-S09,SENSOR09,SENSOR09.CSV,row:11725,2024-09-10T06:16:55,LEG-01,REAL_PUBLIC_DATA,DERIVED
CP-DEMO-001,BATCH-DEMO-001,SHIP-DEMO-001,ZEN-RAW-S09:row:11726,ZEN-RAW-S09,SENSOR09,SENSOR09.CSV,row:11726,2024-09-10T06:17:00,LEG-01,REAL_PUBLIC_DATA,DERIVED
CP-DEMO-001,BATCH-DEMO-001,SHIP-DEMO-001,ZEN-RAW-S09:row:11727,ZEN-RAW-S09,SENSOR09,SENSOR09.CSV,row:11727,2024-09-10T06:17:05,LEG-01,REAL_PUBLIC_DATA,DERIVED
CP-DEMO-001,BATCH-DEMO-001,SHIP-DEMO-001,ZEN-RAW-S09:row:11728,ZEN-RAW-S09,SENSOR09,SENSOR09.CSV,row:11728,2024-09-10T06:17:10,LEG-01,REAL_PUBLIC_DATA,DERIVED
CP-DEMO-001,BATCH-DEMO-001,SHIP-DEMO-001,ZEN-RAW-S09:row:11729,ZEN-RAW-S09,SENSOR09,SENSOR09.CSV,row:11729,2024-09-10T06:17:15,LEG-01,REAL_PUBLIC_DATA,DERIVED
CP-DEMO-001,BATCH-DEMO-001,SHIP-DEMO-001,ZEN-RAW-S09:row:11730,ZEN-RAW-S09,SENSOR09,SENSOR09.CSV,row:11730,2024-09-10T06:17:20,LEG-01,REAL_PUBLIC_DATA,DERIVED
CP-DEMO-001,BATCH-DEMO-001,SHIP-DEMO-001,ZEN-RAW-S09:row:11731,ZEN-RAW-S09,SENSOR09,SENSOR09.CSV,row:11731,2024-09-10T06:17:25,LEG-01,REAL_PUBLIC_DATA,DERIVED
CP-DEMO-001,BATCH-DEMO-001,SHIP-DEMO-001,ZEN-RAW-S09:row:11732,ZEN-RAW-S09,SENSOR09,SENSOR09.CSV,row:11732,2024-09-10T06:17:30,LEG-01,REAL_PUBLIC_DATA,DERIVED
CP-DEMO-001,BATCH-DEMO-001,SHIP-DEMO-001,ZEN-RAW-S09:row:11733,ZEN-RAW-S09,SENSOR09,SENSOR09.CSV,row:11733,2024-09-10T06:17:35,LEG-01,REAL_PUBLIC_DATA,DERIVED
CP-DEMO-001,BATCH-DEMO-001,SHIP-DEMO-001,ZEN-RAW-S09:row:11734,ZEN-RAW-S09,SENSOR09,SENSOR09.CSV,row:11734,2024-09-10T06:17:40,LEG-01,REAL_PUBLIC_DATA,DERIVED
CP-DEMO-001,BATCH-DEMO-001,SHIP-DEMO-001,ZEN-RAW-S09:row:11735,ZEN-RAW-S09,SENSOR09,SENSOR09.CSV,row:11735,2024-09-10T06:17:45,LEG-01,REAL_PUBLIC_DATA,DERIVED
CP-DEMO-001,BATCH-DEMO-001,SHIP-DEMO-001,ZEN-RAW-S09:row:11736,ZEN-RAW-S09,SENSOR09,SENSOR09.CSV,row:11736,2024-09-10T06:17:50,LEG-01,REAL_PUBLIC_DATA,DERIVED
CP-DEMO-001,BATCH-DEMO-001,SHIP-DEMO-001,ZEN-RAW-S09:row:11737,ZEN-RAW-S09,SENSOR09,SENSOR09.CSV,row:11737,2024-09-10T06:17:55,LEG-01,REAL_PUBLIC_DATA,DERIVED
CP-DEMO-001,BATCH-DEMO-001,SHIP-DEMO-001,ZEN-RAW-S09:row:11738,ZEN-RAW-S09,SENSOR09,SENSOR09.CSV,row:11738,2024-09-10T06:18:00,LEG-01,REAL_PUBLIC_DATA,DERIVED
CP-DEMO-001,BATCH-DEMO-001,SHIP-DEMO-001,ZEN-RAW-S09:row:11739,ZEN-RAW-S09,SENSOR09,SENSOR09.CSV,row:11739,2024-09-10T06:18:05,LEG-01,REAL_PUBLIC_DATA,DERIVED
CP-DEMO-001,BATCH-DEMO-001,SHIP-DEMO-001,ZEN-RAW-S09:row:11740,ZEN-RAW-S09,SENSOR09,SENSOR09.CSV,row:11740,2024-09-10T06:18:10,LEG-01,REAL_PUBLIC_DATA,DERIVED
CP-DEMO-001,BATCH-DEMO-001,SHIP-DEMO-001,ZEN-RAW-S09:row:11741,ZEN-RAW-S09,SENSOR09,SENSOR09.CSV,row:11741,2024-09-10T06:18:15,LEG-01,REAL_PUBLIC_DATA,DERIVED
CP-DEMO-001,BATCH-DEMO-001,SHIP-DEMO-001,ZEN-RAW-S09:row:11742,ZEN-RAW-S09,SENSOR09,SENSOR09.CSV,row:11742,2024-09-10T06:18:20,LEG-01,REAL_PUBLIC_DATA,DERIVED
CP-DEMO-001,BATCH-DEMO-001,SHIP-DEMO-001,ZEN-RAW-S09:row:11743,ZEN-RAW-S09,SENSOR09,SENSOR09.CSV,row:11743,2024-09-10T06:18:25,LEG-01,REAL_PUBLIC_DATA,DERIVED
CP-DEMO-001,BATCH-DEMO-001,SHIP-DEMO-001,ZEN-RAW-S09:row:11744,ZEN-RAW-S09,SENSOR09,SENSOR09.CSV,row:11744,2024-09-10T06:18:30,LEG-01,REAL_PUBLIC_DATA,DERIVED
CP-DEMO-001,BATCH-DEMO-001,SHIP-DEMO-001,ZEN-RAW-S09:row:11745,ZEN-RAW-S09,SENSOR09,SENSOR09.CSV,row:11745,2024-09-10T06:18:35,LEG-01,REAL_PUBLIC_DATA,DERIVED
CP-DEMO-001,BATCH-DEMO-001,SHIP-DEMO-001,ZEN-RAW-S09:row:11746,ZEN-RAW-S09,SENSOR09,SENSOR09.CSV,row:11746,2024-09-10T06:18:40,LEG-01,REAL_PUBLIC_DATA,DERIVED
CP-DEMO-001,BATCH-DEMO-001,SHIP-DEMO-001,ZEN-RAW-S09:row:11747,ZEN-RAW-S09,SENSOR09,SENSOR09.CSV,row:11747,2024-09-10T06:18:45,LEG-01,REAL_PUBLIC_DATA,DERIVED
CP-DEMO-001,BATCH-DEMO-001,SHIP-DEMO-001,ZEN-RAW-S09:row:11748,ZEN-RAW-S09,SENSOR09,SENSOR09.CSV,row:11748,2024-09-10T06:18:50,LEG-01,REAL_PUBLIC_DATA,DERIVED
CP-DEMO-001,BATCH-DEMO-001,SHIP-DEMO-001,ZEN-RAW-S09:row:11749,ZEN-RAW-S09,SENSOR09,SENSOR09.CSV,row:11749,2024-09-10T06:18:55,LEG-01,REAL_PUBLIC_DATA,DERIVED
CP-DEMO-001,BATCH-DEMO-001,SHIP-DEMO-001,ZEN-RAW-S09:row:11750,ZEN-RAW-S09,SENSOR09,SENSOR09.CSV,row:11750,2024-09-10T06:19:00,LEG-01,REAL_PUBLIC_DATA,DERIVED
CP-DEMO-001,BATCH-DEMO-001,SHIP-DEMO-001,ZEN-RAW-S09:row:11751,ZEN-RAW-S09,SENSOR09,SENSOR09.CSV,row:11751,2024-09-10T06:19:05,LEG-01,REAL_PUBLIC_DATA,DERIVED
CP-DEMO-001,BATCH-DEMO-001,SHIP-DEMO-001,ZEN-RAW-S09:row:11752,ZEN-RAW-S09,SENSOR09,SENSOR09.CSV,row:11752,2024-09-10T06:19:10,LEG-01,REAL_PUBLIC_DATA,DERIVED
CP-DEMO-001,BATCH-DEMO-001,SHIP-DEMO-001,ZEN-RAW-S09:row:11753,ZEN-RAW-S09,SENSOR09,SENSOR09.CSV,row:11753,2024-09-10T06:19:15,LEG-01,REAL_PUBLIC_DATA,DERIVED
CP-DEMO-001,BATCH-DEMO-001,SHIP-DEMO-001,ZEN-RAW-S09:row:11754,ZEN-RAW-S09,SENSOR09,SENSOR09.CSV,row:11754,2024-09-10T06:19:20,LEG-01,REAL_PUBLIC_DATA,DERIVED
CP-DEMO-001,BATCH-DEMO-001,SHIP-DEMO-001,ZEN-RAW-S09:row:11755,ZEN-RAW-S09,SENSOR09,SENSOR09.CSV,row:11755,2024-09-10T06:19:25,LEG-01,REAL_PUBLIC_DATA,DERIVED
CP-DEMO-001,BATCH-DEMO-001,SHIP-DEMO-001,ZEN-RAW-S09:row:11756,ZEN-RAW-S09,SENSOR09,SENSOR09.CSV,row:11756,2024-09-10T06:19:30,LEG-01,REAL_PUBLIC_DATA,DERIVED
CP-DEMO-001,BATCH-DEMO-001,SHIP-DEMO-001,ZEN-RAW-S09:row:11757,ZEN-RAW-S09,SENSOR09,SENSOR09.CSV,row:11757,2024-09-10T06:19:35,LEG-01,REAL_PUBLIC_DATA,DERIVED
CP-DEMO-001,BATCH-DEMO-001,SHIP-DEMO-001,ZEN-RAW-S09:row:11758,ZEN-RAW-S09,SENSOR09,SENSOR09.CSV,row:11758,2024-09-10T06:19:40,LEG-01,REAL_PUBLIC_DATA,DERIVED
CP-DEMO-001,BATCH-DEMO-001,SHIP-DEMO-001,ZEN-RAW-S09:row:11759,ZEN-RAW-S09,SENSOR09,SENSOR09.CSV,row:11759,2024-09-10T06:19:45,LEG-01,REAL_PUBLIC_DATA,DERIVED
CP-DEMO-001,BATCH-DEMO-001,SHIP-DEMO-001,ZEN-RAW-S09:row:11760,ZEN-RAW-S09,SENSOR09,SENSOR09.CSV,row:11760,2024-09-10T06:19:50,LEG-01,REAL_PUBLIC_DATA,DERIVED
CP-DEMO-001,BATCH-DEMO-001,SHIP-DEMO-001,ZEN-RAW-S09:row:11761,ZEN-RAW-S09,SENSOR09,SENSOR09.CSV,row:11761,2024-09-10T06:19:55,LEG-01,REAL_PUBLIC_DATA,DERIVED
CP-DEMO-001,BATCH-DEMO-001,SHIP-DEMO-001,ZEN-RAW-S09:row:11762,ZEN-RAW-S09,SENSOR09,SENSOR09.CSV,row:11762,2024-09-10T06:20:00,LEG-01,REAL_PUBLIC_DATA,DERIVED
CP-DEMO-001,BATCH-DEMO-001,SHIP-DEMO-001,ZEN-RAW-S09:row:11763,ZEN-RAW-S09,SENSOR09,SENSOR09.CSV,row:11763,2024-09-10T06:20:05,LEG-01,REAL_PUBLIC_DATA,DERIVED
CP-DEMO-001,BATCH-DEMO-001,SHIP-DEMO-001,ZEN-RAW-S09:row:11764,ZEN-RAW-S09,SENSOR09,SENSOR09.CSV,row:11764,2024-09-10T06:20:10,LEG-01,REAL_PUBLIC_DATA,DERIVED
CP-DEMO-001,BATCH-DEMO-001,SHIP-DEMO-001,ZEN-RAW-S09:row:11765,ZEN-RAW-S09,SENSOR09,SENSOR09.CSV,row:11765,2024-09-10T06:20:15,LEG-01,REAL_PUBLIC_DATA,DERIVED
CP-DEMO-001,BATCH-DEMO-001,SHIP-DEMO-001,ZEN-RAW-S09:row:11766,ZEN-RAW-S09,SENSOR09,SENSOR09.CSV,row:11766,2024-09-10T06:20:20,LEG-01,REAL_PUBLIC_DATA,DERIVED
CP-DEMO-001,BATCH-DEMO-001,SHIP-DEMO-001,ZEN-RAW-S09:row:11767,ZEN-RAW-S09,SENSOR09,SENSOR09.CSV,row:11767,2024-09-10T06:20:25,LEG-01,REAL_PUBLIC_DATA,DERIVED
CP-DEMO-001,BATCH-DEMO-001,SHIP-DEMO-001,ZEN-RAW-S09:row:11768,ZEN-RAW-S09,SENSOR09,SENSOR09.CSV,row:11768,2024-09-10T06:20:30,LEG-01,REAL_PUBLIC_DATA,DERIVED
CP-DEMO-001,BATCH-DEMO-001,SHIP-DEMO-001,ZEN-RAW-S09:row:11769,ZEN-RAW-S09,SENSOR09,SENSOR09.CSV,row:11769,2024-09-10T06:20:35,LEG-01,REAL_PUBLIC_DATA,DERIVED
CP-DEMO-001,BATCH-DEMO-001,SHIP-DEMO-001,ZEN-RAW-S09:row:11770,ZEN-RAW-S09,SENSOR09,SENSOR09.CSV,row:11770,2024-09-10T06:20:40,LEG-01,REAL_PUBLIC_DATA,DERIVED
CP-DEMO-001,BATCH-DEMO-001,SHIP-DEMO-001,ZEN-RAW-S09:row:11771,ZEN-RAW-S09,SENSOR09,SENSOR09.CSV,row:11771,2024-09-10T06:20:45,LEG-01,REAL_PUBLIC_DATA,DERIVED
CP-DEMO-001,BATCH-DEMO-001,SHIP-DEMO-001,ZEN-RAW-S09:row:11772,ZEN-RAW-S09,SENSOR09,SENSOR09.CSV,row:11772,2024-09-10T06:20:50,LEG-01,REAL_PUBLIC_DATA,DERIVED
CP-DEMO-001,BATCH-DEMO-001,SHIP-DEMO-001,ZEN-RAW-S09:row:11773,ZEN-RAW-S09,SENSOR09,SENSOR09.CSV,row:11773,2024-09-10T06:20:55,LEG-01,REAL_PUBLIC_DATA,DERIVED
CP-DEMO-001,BATCH-DEMO-001,SHIP-DEMO-001,ZEN-RAW-S09:row:11774,ZEN-RAW-S09,SENSOR09,SENSOR09.CSV,row:11774,2024-09-10T06:21:00,LEG-01,REAL_PUBLIC_DATA,DERIVED
CP-DEMO-001,BATCH-DEMO-001,SHIP-DEMO-001,ZEN-RAW-S09:row:11775,ZEN-RAW-S09,SENSOR09,SENSOR09.CSV,row:11775,2024-09-10T06:21:05,LEG-01,REAL_PUBLIC_DATA,DERIVED
CP-DEMO-001,BATCH-DEMO-001,SHIP-DEMO-001,ZEN-RAW-S09:row:11776,ZEN-RAW-S09,SENSOR09,SENSOR09.CSV,row:11776,2024-09-10T06:21:10,LEG-01,REAL_PUBLIC_DATA,DERIVED
CP-DEMO-001,BATCH-DEMO-001,SHIP-DEMO-001,ZEN-RAW-S09:row:11777,ZEN-RAW-S09,SENSOR09,SENSOR09.CSV,row:11777,2024-09-10T06:21:15,LEG-01,REAL_PUBLIC_DATA,DERIVED
CP-DEMO-001,BATCH-DEMO-001,SHIP-DEMO-001,ZEN-RAW-S09:row:11778,ZEN-RAW-S09,SENSOR09,SENSOR09.CSV,row:11778,2024-09-10T06:21:20,LEG-01,REAL_PUBLIC_DATA,DERIVED
CP-DEMO-001,BATCH-DEMO-001,SHIP-DEMO-001,ZEN-RAW-S09:row:11779,ZEN-RAW-S09,SENSOR09,SENSOR09.CSV,row:11779,2024-09-10T06:21:25,LEG-01,REAL_PUBLIC_DATA,DERIVED
CP-DEMO-001,BATCH-DEMO-001,SHIP-DEMO-001,ZEN-RAW-S09:row:11780,ZEN-RAW-S09,SENSOR09,SENSOR09.CSV,row:11780,2024-09-10T06:21:30,LEG-01,REAL_PUBLIC_DATA,DERIVED
CP-DEMO-001,BATCH-DEMO-001,SHIP-DEMO-001,ZEN-RAW-S09:row:11781,ZEN-RAW-S09,SENSOR09,SENSOR09.CSV,row:11781,2024-09-10T06:21:35,LEG-01,REAL_PUBLIC_DATA,DERIVED
CP-DEMO-001,BATCH-DEMO-001,SHIP-DEMO-001,ZEN-RAW-S09:row:11782,ZEN-RAW-S09,SENSOR09,SENSOR09.CSV,row:11782,2024-09-10T06:21:40,LEG-01,REAL_PUBLIC_DATA,DERIVED
CP-DEMO-001,BATCH-DEMO-001,SHIP-DEMO-001,ZEN-RAW-S09:row:11783,ZEN-RAW-S09,SENSOR09,SENSOR09.CSV,row:11783,2024-09-10T06:21:45,LEG-01,REAL_PUBLIC_DATA,DERIVED
CP-DEMO-001,BATCH-DEMO-001,SHIP-DEMO-001,ZEN-RAW-S09:row:11784,ZEN-RAW-S09,SENSOR09,SENSOR09.CSV,row:11784,2024-09-10T06:21:50,LEG-01,REAL_PUBLIC_DATA,DERIVED
CP-DEMO-001,BATCH-DEMO-001,SHIP-DEMO-001,ZEN-RAW-S09:row:11785,ZEN-RAW-S09,SENSOR09,SENSOR09.CSV,row:11785,2024-09-10T06:21:55,LEG-01,REAL_PUBLIC_DATA,DERIVED
CP-DEMO-001,BATCH-DEMO-001,SHIP-DEMO-001,ZEN-RAW-S09:row:11786,ZEN-RAW-S09,SENSOR09,SENSOR09.CSV,row:11786,2024-09-10T06:22:00,LEG-01,REAL_PUBLIC_DATA,DERIVED
CP-DEMO-001,BATCH-DEMO-001,SHIP-DEMO-001,ZEN-RAW-S09:row:11787,ZEN-RAW-S09,SENSOR09,SENSOR09.CSV,row:11787,2024-09-10T06:22:05,LEG-01,REAL_PUBLIC_DATA,DERIVED
CP-DEMO-001,BATCH-DEMO-001,SHIP-DEMO-001,ZEN-RAW-S09:row:11788,ZEN-RAW-S09,SENSOR09,SENSOR09.CSV,row:11788,2024-09-10T06:22:10,LEG-01,REAL_PUBLIC_DATA,DERIVED
CP-DEMO-001,BATCH-DEMO-001,SHIP-DEMO-001,ZEN-RAW-S09:row:11789,ZEN-RAW-S09,SENSOR09,SENSOR09.CSV,row:11789,2024-09-10T06:22:15,LEG-01,REAL_PUBLIC_DATA,DERIVED
CP-DEMO-001,BATCH-DEMO-001,SHIP-DEMO-001,ZEN-RAW-S09:row:11790,ZEN-RAW-S09,SENSOR09,SENSOR09.CSV,row:11790,2024-09-10T06:22:20,LEG-01,REAL_PUBLIC_DATA,DERIVED
CP-DEMO-001,BATCH-DEMO-001,SHIP-DEMO-001,ZEN-RAW-S09:row:11791,ZEN-RAW-S09,SENSOR09,SENSOR09.CSV,row:11791,2024-09-10T06:22:25,LEG-01,REAL_PUBLIC_DATA,DERIVED
CP-DEMO-001,BATCH-DEMO-001,SHIP-DEMO-001,ZEN-RAW-S09:row:11792,ZEN-RAW-S09,SENSOR09,SENSOR09.CSV,row:11792,2024-09-10T06:22:30,LEG-01,REAL_PUBLIC_DATA,DERIVED
CP-DEMO-001,BATCH-DEMO-001,SHIP-DEMO-001,ZEN-RAW-S09:row:11793,ZEN-RAW-S09,SENSOR09,SENSOR09.CSV,row:11793,2024-09-10T06:22:35,LEG-01,REAL_PUBLIC_DATA,DERIVED
CP-DEMO-001,BATCH-DEMO-001,SHIP-DEMO-001,ZEN-RAW-S09:row:11794,ZEN-RAW-S09,SENSOR09,SENSOR09.CSV,row:11794,2024-09-10T06:22:40,LEG-01,REAL_PUBLIC_DATA,DERIVED
CP-DEMO-001,BATCH-DEMO-001,SHIP-DEMO-001,ZEN-RAW-S09:row:11795,ZEN-RAW-S09,SENSOR09,SENSOR09.CSV,row:11795,2024-09-10T06:22:45,LEG-01,REAL_PUBLIC_DATA,DERIVED
CP-DEMO-001,BATCH-DEMO-001,SHIP-DEMO-001,ZEN-RAW-S09:row:11796,ZEN-RAW-S09,SENSOR09,SENSOR09.CSV,row:11796,2024-09-10T06:22:50,LEG-01,REAL_PUBLIC_DATA,DERIVED
CP-DEMO-001,BATCH-DEMO-001,SHIP-DEMO-001,ZEN-RAW-S09:row:11797,ZEN-RAW-S09,SENSOR09,SENSOR09.CSV,row:11797,2024-09-10T06:22:55,LEG-01,REAL_PUBLIC_DATA,DERIVED
CP-DEMO-001,BATCH-DEMO-001,SHIP-DEMO-001,ZEN-RAW-S09:row:11798,ZEN-RAW-S09,SENSOR09,SENSOR09.CSV,row:11798,2024-09-10T06:23:00,LEG-01,REAL_PUBLIC_DATA,DERIVED
CP-DEMO-001,BATCH-DEMO-001,SHIP-DEMO-001,ZEN-RAW-S09:row:11799,ZEN-RAW-S09,SENSOR09,SENSOR09.CSV,row:11799,2024-09-10T06:23:05,LEG-01,REAL_PUBLIC_DATA,DERIVED
CP-DEMO-001,BATCH-DEMO-001,SHIP-DEMO-001,ZEN-RAW-S09:row:11800,ZEN-RAW-S09,SENSOR09,SENSOR09.CSV,row:11800,2024-09-10T06:23:10,LEG-01,REAL_PUBLIC_DATA,DERIVED
CP-DEMO-001,BATCH-DEMO-001,SHIP-DEMO-001,ZEN-RAW-S09:row:11801,ZEN-RAW-S09,SENSOR09,SENSOR09.CSV,row:11801,2024-09-10T06:23:15,LEG-01,REAL_PUBLIC_DATA,DERIVED
CP-DEMO-001,BATCH-DEMO-001,SHIP-DEMO-001,ZEN-RAW-S09:row:11802,ZEN-RAW-S09,SENSOR09,SENSOR09.CSV,row:11802,2024-09-10T06:23:20,LEG-01,REAL_PUBLIC_DATA,DERIVED
CP-DEMO-001,BATCH-DEMO-001,SHIP-DEMO-001,ZEN-RAW-S09:row:11803,ZEN-RAW-S09,SENSOR09,SENSOR09.CSV,row:11803,2024-09-10T06:23:25,LEG-01,REAL_PUBLIC_DATA,DERIVED
CP-DEMO-001,BATCH-DEMO-001,SHIP-DEMO-001,ZEN-RAW-S09:row:11804,ZEN-RAW-S09,SENSOR09,SENSOR09.CSV,row:11804,2024-09-10T06:23:30,LEG-01,REAL_PUBLIC_DATA,DERIVED
CP-DEMO-001,BATCH-DEMO-001,SHIP-DEMO-001,ZEN-RAW-S09:row:11805,ZEN-RAW-S09,SENSOR09,SENSOR09.CSV,row:11805,2024-09-10T06:23:35,LEG-01,REAL_PUBLIC_DATA,DERIVED
CP-DEMO-001,BATCH-DEMO-001,SHIP-DEMO-001,ZEN-RAW-S09:row:11806,ZEN-RAW-S09,SENSOR09,SENSOR09.CSV,row:11806,2024-09-10T06:23:40,LEG-01,REAL_PUBLIC_DATA,DERIVED
CP-DEMO-001,BATCH-DEMO-001,SHIP-DEMO-001,ZEN-RAW-S09:row:11807,ZEN-RAW-S09,SENSOR09,SENSOR09.CSV,row:11807,2024-09-10T06:23:45,LEG-01,REAL_PUBLIC_DATA,DERIVED
CP-DEMO-001,BATCH-DEMO-001,SHIP-DEMO-001,ZEN-RAW-S09:row:11808,ZEN-RAW-S09,SENSOR09,SENSOR09.CSV,row:11808,2024-09-10T06:23:50,LEG-01,REAL_PUBLIC_DATA,DERIVED
CP-DEMO-001,BATCH-DEMO-001,SHIP-DEMO-001,ZEN-RAW-S09:row:11809,ZEN-RAW-S09,SENSOR09,SENSOR09.CSV,row:11809,2024-09-10T06:23:55,LEG-01,REAL_PUBLIC_DATA,DERIVED
CP-DEMO-001,BATCH-DEMO-001,SHIP-DEMO-001,ZEN-RAW-S09:row:11810,ZEN-RAW-S09,SENSOR09,SENSOR09.CSV,row:11810,2024-09-10T06:24:00,LEG-01,REAL_PUBLIC_DATA,DERIVED
CP-DEMO-001,BATCH-DEMO-001,SHIP-DEMO-001,ZEN-RAW-S09:row:11811,ZEN-RAW-S09,SENSOR09,SENSOR09.CSV,row:11811,2024-09-10T06:24:05,LEG-01,REAL_PUBLIC_DATA,DERIVED
CP-DEMO-001,BATCH-DEMO-001,SHIP-DEMO-001,ZEN-RAW-S09:row:11812,ZEN-RAW-S09,SENSOR09,SENSOR09.CSV,row:11812,2024-09-10T06:24:10,LEG-01,REAL_PUBLIC_DATA,DERIVED
CP-DEMO-001,BATCH-DEMO-001,SHIP-DEMO-001,ZEN-RAW-S09:row:11813,ZEN-RAW-S09,SENSOR09,SENSOR09.CSV,row:11813,2024-09-10T06:24:15,LEG-01,REAL_PUBLIC_DATA,DERIVED
CP-DEMO-001,BATCH-DEMO-001,SHIP-DEMO-001,ZEN-RAW-S09:row:11814,ZEN-RAW-S09,SENSOR09,SENSOR09.CSV,row:11814,2024-09-10T06:24:20,LEG-01,REAL_PUBLIC_DATA,DERIVED
CP-DEMO-001,BATCH-DEMO-001,SHIP-DEMO-001,ZEN-RAW-S09:row:11815,ZEN-RAW-S09,SENSOR09,SENSOR09.CSV,row:11815,2024-09-10T06:24:25,LEG-01,REAL_PUBLIC_DATA,DERIVED
CP-DEMO-001,BATCH-DEMO-001,SHIP-DEMO-001,ZEN-RAW-S09:row:11816,ZEN-RAW-S09,SENSOR09,SENSOR09.CSV,row:11816,2024-09-10T06:24:30,LEG-01,REAL_PUBLIC_DATA,DERIVED
CP-DEMO-001,BATCH-DEMO-001,SHIP-DEMO-001,ZEN-RAW-S09:row:11817,ZEN-RAW-S09,SENSOR09,SENSOR09.CSV,row:11817,2024-09-10T06:24:35,LEG-01,REAL_PUBLIC_DATA,DERIVED
CP-DEMO-001,BATCH-DEMO-001,SHIP-DEMO-001,ZEN-RAW-S09:row:11818,ZEN-RAW-S09,SENSOR09,SENSOR09.CSV,row:11818,2024-09-10T06:24:40,LEG-01,REAL_PUBLIC_DATA,DERIVED
CP-DEMO-001,BATCH-DEMO-001,SHIP-DEMO-001,ZEN-RAW-S09:row:11819,ZEN-RAW-S09,SENSOR09,SENSOR09.CSV,row:11819,2024-09-10T06:24:45,LEG-01,REAL_PUBLIC_DATA,DERIVED
CP-DEMO-001,BATCH-DEMO-001,SHIP-DEMO-001,ZEN-RAW-S09:row:11820,ZEN-RAW-S09,SENSOR09,SENSOR09.CSV,row:11820,2024-09-10T06:24:50,LEG-01,REAL_PUBLIC_DATA,DERIVED
CP-DEMO-001,BATCH-DEMO-001,SHIP-DEMO-001,ZEN-RAW-S09:row:11821,ZEN-RAW-S09,SENSOR09,SENSOR09.CSV,row:11821,2024-09-10T06:24:55,LEG-01,REAL_PUBLIC_DATA,DERIVED
CP-DEMO-001,BATCH-DEMO-001,SHIP-DEMO-001,ZEN-RAW-S09:row:11822,ZEN-RAW-S09,SENSOR09,SENSOR09.CSV,row:11822,2024-09-10T06:25:00,LEG-01,REAL_PUBLIC_DATA,DERIVED
CP-DEMO-001,BATCH-DEMO-001,SHIP-DEMO-001,ZEN-RAW-S09:row:11823,ZEN-RAW-S09,SENSOR09,SENSOR09.CSV,row:11823,2024-09-10T06:25:05,LEG-01,REAL_PUBLIC_DATA,DERIVED
CP-DEMO-001,BATCH-DEMO-001,SHIP-DEMO-001,ZEN-RAW-S09:row:11824,ZEN-RAW-S09,SENSOR09,SENSOR09.CSV,row:11824,2024-09-10T06:25:10,LEG-01,REAL_PUBLIC_DATA,DERIVED
CP-DEMO-001,BATCH-DEMO-001,SHIP-DEMO-001,ZEN-RAW-S09:row:11825,ZEN-RAW-S09,SENSOR09,SENSOR09.CSV,row:11825,2024-09-10T06:25:15,LEG-01,REAL_PUBLIC_DATA,DERIVED
CP-DEMO-001,BATCH-DEMO-001,SHIP-DEMO-001,ZEN-RAW-S09:row:11826,ZEN-RAW-S09,SENSOR09,SENSOR09.CSV,row:11826,2024-09-10T06:25:20,LEG-01,REAL_PUBLIC_DATA,DERIVED
CP-DEMO-001,BATCH-DEMO-001,SHIP-DEMO-001,ZEN-RAW-S09:row:11827,ZEN-RAW-S09,SENSOR09,SENSOR09.CSV,row:11827,2024-09-10T06:25:25,LEG-01,REAL_PUBLIC_DATA,DERIVED
CP-DEMO-001,BATCH-DEMO-001,SHIP-DEMO-001,ZEN-RAW-S09:row:11828,ZEN-RAW-S09,SENSOR09,SENSOR09.CSV,row:11828,2024-09-10T06:25:30,LEG-01,REAL_PUBLIC_DATA,DERIVED
CP-DEMO-001,BATCH-DEMO-001,SHIP-DEMO-001,ZEN-RAW-S09:row:11829,ZEN-RAW-S09,SENSOR09,SENSOR09.CSV,row:11829,2024-09-10T06:25:35,LEG-01,REAL_PUBLIC_DATA,DERIVED
CP-DEMO-001,BATCH-DEMO-001,SHIP-DEMO-001,ZEN-RAW-S09:row:11830,ZEN-RAW-S09,SENSOR09,SENSOR09.CSV,row:11830,2024-09-10T06:25:40,LEG-01,REAL_PUBLIC_DATA,DERIVED
CP-DEMO-001,BATCH-DEMO-001,SHIP-DEMO-001,ZEN-RAW-S09:row:11831,ZEN-RAW-S09,SENSOR09,SENSOR09.CSV,row:11831,2024-09-10T06:25:45,LEG-01,REAL_PUBLIC_DATA,DERIVED
CP-DEMO-001,BATCH-DEMO-001,SHIP-DEMO-001,ZEN-RAW-S09:row:11832,ZEN-RAW-S09,SENSOR09,SENSOR09.CSV,row:11832,2024-09-10T06:25:50,LEG-01,REAL_PUBLIC_DATA,DERIVED
CP-DEMO-001,BATCH-DEMO-001,SHIP-DEMO-001,ZEN-RAW-S09:row:11833,ZEN-RAW-S09,SENSOR09,SENSOR09.CSV,row:11833,2024-09-10T06:25:55,LEG-01,REAL_PUBLIC_DATA,DERIVED
CP-DEMO-001,BATCH-DEMO-001,SHIP-DEMO-001,ZEN-RAW-S09:row:11834,ZEN-RAW-S09,SENSOR09,SENSOR09.CSV,row:11834,2024-09-10T06:26:00,LEG-01,REAL_PUBLIC_DATA,DERIVED
CP-DEMO-001,BATCH-DEMO-001,SHIP-DEMO-001,ZEN-RAW-S09:row:11835,ZEN-RAW-S09,SENSOR09,SENSOR09.CSV,row:11835,2024-09-10T06:26:05,LEG-01,REAL_PUBLIC_DATA,DERIVED
CP-DEMO-001,BATCH-DEMO-001,SHIP-DEMO-001,ZEN-RAW-S09:row:11836,ZEN-RAW-S09,SENSOR09,SENSOR09.CSV,row:11836,2024-09-10T06:26:10,LEG-01,REAL_PUBLIC_DATA,DERIVED
CP-DEMO-001,BATCH-DEMO-001,SHIP-DEMO-001,ZEN-RAW-S09:row:11837,ZEN-RAW-S09,SENSOR09,SENSOR09.CSV,row:11837,2024-09-10T06:26:15,LEG-01,REAL_PUBLIC_DATA,DERIVED
CP-DEMO-001,BATCH-DEMO-001,SHIP-DEMO-001,ZEN-RAW-S09:row:11838,ZEN-RAW-S09,SENSOR09,SENSOR09.CSV,row:11838,2024-09-10T06:26:20,LEG-01,REAL_PUBLIC_DATA,DERIVED
CP-DEMO-001,BATCH-DEMO-001,SHIP-DEMO-001,ZEN-RAW-S09:row:11839,ZEN-RAW-S09,SENSOR09,SENSOR09.CSV,row:11839,2024-09-10T06:26:25,LEG-01,REAL_PUBLIC_DATA,DERIVED
CP-DEMO-001,BATCH-DEMO-001,SHIP-DEMO-001,ZEN-RAW-S09:row:11840,ZEN-RAW-S09,SENSOR09,SENSOR09.CSV,row:11840,2024-09-10T06:26:30,LEG-01,REAL_PUBLIC_DATA,DERIVED
CP-DEMO-001,BATCH-DEMO-001,SHIP-DEMO-001,ZEN-RAW-S09:row:11841,ZEN-RAW-S09,SENSOR09,SENSOR09.CSV,row:11841,2024-09-10T06:26:35,LEG-01,REAL_PUBLIC_DATA,DERIVED
CP-DEMO-001,BATCH-DEMO-001,SHIP-DEMO-001,ZEN-RAW-S09:row:11842,ZEN-RAW-S09,SENSOR09,SENSOR09.CSV,row:11842,2024-09-10T06:26:40,LEG-01,REAL_PUBLIC_DATA,DERIVED
CP-DEMO-001,BATCH-DEMO-001,SHIP-DEMO-001,ZEN-RAW-S09:row:11843,ZEN-RAW-S09,SENSOR09,SENSOR09.CSV,row:11843,2024-09-10T06:26:45,LEG-01,REAL_PUBLIC_DATA,DERIVED
CP-DEMO-001,BATCH-DEMO-001,SHIP-DEMO-001,ZEN-RAW-S09:row:11844,ZEN-RAW-S09,SENSOR09,SENSOR09.CSV,row:11844,2024-09-10T06:26:50,LEG-01,REAL_PUBLIC_DATA,DERIVED
CP-DEMO-001,BATCH-DEMO-001,SHIP-DEMO-001,ZEN-RAW-S09:row:11845,ZEN-RAW-S09,SENSOR09,SENSOR09.CSV,row:11845,2024-09-10T06:26:55,LEG-01,REAL_PUBLIC_DATA,DERIVED
CP-DEMO-001,BATCH-DEMO-001,SHIP-DEMO-001,ZEN-RAW-S09:row:11846,ZEN-RAW-S09,SENSOR09,SENSOR09.CSV,row:11846,2024-09-10T06:27:00,LEG-01,REAL_PUBLIC_DATA,DERIVED
CP-DEMO-001,BATCH-DEMO-001,SHIP-DEMO-001,ZEN-RAW-S09:row:11847,ZEN-RAW-S09,SENSOR09,SENSOR09.CSV,row:11847,2024-09-10T06:27:05,LEG-01,REAL_PUBLIC_DATA,DERIVED
CP-DEMO-001,BATCH-DEMO-001,SHIP-DEMO-001,ZEN-RAW-S09:row:11848,ZEN-RAW-S09,SENSOR09,SENSOR09.CSV,row:11848,2024-09-10T06:27:10,LEG-01,REAL_PUBLIC_DATA,DERIVED
CP-DEMO-001,BATCH-DEMO-001,SHIP-DEMO-001,ZEN-RAW-S09:row:11849,ZEN-RAW-S09,SENSOR09,SENSOR09.CSV,row:11849,2024-09-10T06:27:15,LEG-01,REAL_PUBLIC_DATA,DERIVED
CP-DEMO-001,BATCH-DEMO-001,SHIP-DEMO-001,ZEN-RAW-S09:row:11850,ZEN-RAW-S09,SENSOR09,SENSOR09.CSV,row:11850,2024-09-10T06:27:20,LEG-01,REAL_PUBLIC_DATA,DERIVED
CP-DEMO-001,BATCH-DEMO-001,SHIP-DEMO-001,ZEN-RAW-S09:row:11851,ZEN-RAW-S09,SENSOR09,SENSOR09.CSV,row:11851,2024-09-10T06:27:25,LEG-01,REAL_PUBLIC_DATA,DERIVED
CP-DEMO-001,BATCH-DEMO-001,SHIP-DEMO-001,ZEN-RAW-S09:row:11852,ZEN-RAW-S09,SENSOR09,SENSOR09.CSV,row:11852,2024-09-10T06:27:30,LEG-01,REAL_PUBLIC_DATA,DERIVED
CP-DEMO-001,BATCH-DEMO-001,SHIP-DEMO-001,ZEN-RAW-S09:row:11853,ZEN-RAW-S09,SENSOR09,SENSOR09.CSV,row:11853,2024-09-10T06:27:35,LEG-01,REAL_PUBLIC_DATA,DERIVED
CP-DEMO-001,BATCH-DEMO-001,SHIP-DEMO-001,ZEN-RAW-S09:row:11854,ZEN-RAW-S09,SENSOR09,SENSOR09.CSV,row:11854,2024-09-10T06:27:40,LEG-01,REAL_PUBLIC_DATA,DERIVED
CP-DEMO-001,BATCH-DEMO-001,SHIP-DEMO-001,ZEN-RAW-S09:row:11855,ZEN-RAW-S09,SENSOR09,SENSOR09.CSV,row:11855,2024-09-10T06:27:45,LEG-01,REAL_PUBLIC_DATA,DERIVED
CP-DEMO-001,BATCH-DEMO-001,SHIP-DEMO-001,ZEN-RAW-S09:row:11856,ZEN-RAW-S09,SENSOR09,SENSOR09.CSV,row:11856,2024-09-10T06:27:50,LEG-01,REAL_PUBLIC_DATA,DERIVED
CP-DEMO-001,BATCH-DEMO-001,SHIP-DEMO-001,ZEN-RAW-S09:row:11857,ZEN-RAW-S09,SENSOR09,SENSOR09.CSV,row:11857,2024-09-10T06:27:55,LEG-01,REAL_PUBLIC_DATA,DERIVED
CP-DEMO-001,BATCH-DEMO-001,SHIP-DEMO-001,ZEN-RAW-S09:row:11858,ZEN-RAW-S09,SENSOR09,SENSOR09.CSV,row:11858,2024-09-10T06:28:00,LEG-01,REAL_PUBLIC_DATA,DERIVED
CP-DEMO-001,BATCH-DEMO-001,SHIP-DEMO-001,ZEN-RAW-S09:row:11859,ZEN-RAW-S09,SENSOR09,SENSOR09.CSV,row:11859,2024-09-10T06:28:05,LEG-01,REAL_PUBLIC_DATA,DERIVED
CP-DEMO-001,BATCH-DEMO-001,SHIP-DEMO-001,ZEN-RAW-S09:row:11860,ZEN-RAW-S09,SENSOR09,SENSOR09.CSV,row:11860,2024-09-10T06:28:10,LEG-01,REAL_PUBLIC_DATA,DERIVED
CP-DEMO-001,BATCH-DEMO-001,SHIP-DEMO-001,ZEN-RAW-S09:row:11861,ZEN-RAW-S09,SENSOR09,SENSOR09.CSV,row:11861,2024-09-10T06:28:15,LEG-01,REAL_PUBLIC_DATA,DERIVED
CP-DEMO-001,BATCH-DEMO-001,SHIP-DEMO-001,ZEN-RAW-S09:row:11862,ZEN-RAW-S09,SENSOR09,SENSOR09.CSV,row:11862,2024-09-10T06:28:20,LEG-01,REAL_PUBLIC_DATA,DERIVED
CP-DEMO-001,BATCH-DEMO-001,SHIP-DEMO-001,ZEN-RAW-S09:row:11863,ZEN-RAW-S09,SENSOR09,SENSOR09.CSV,row:11863,2024-09-10T06:28:25,LEG-01,REAL_PUBLIC_DATA,DERIVED
CP-DEMO-001,BATCH-DEMO-001,SHIP-DEMO-001,ZEN-RAW-S09:row:11864,ZEN-RAW-S09,SENSOR09,SENSOR09.CSV,row:11864,2024-09-10T06:28:30,LEG-01,REAL_PUBLIC_DATA,DERIVED
CP-DEMO-001,BATCH-DEMO-001,SHIP-DEMO-001,ZEN-RAW-S09:row:11865,ZEN-RAW-S09,SENSOR09,SENSOR09.CSV,row:11865,2024-09-10T06:28:35,LEG-01,REAL_PUBLIC_DATA,DERIVED
CP-DEMO-001,BATCH-DEMO-001,SHIP-DEMO-001,ZEN-RAW-S09:row:11866,ZEN-RAW-S09,SENSOR09,SENSOR09.CSV,row:11866,2024-09-10T06:28:40,LEG-01,REAL_PUBLIC_DATA,DERIVED
CP-DEMO-001,BATCH-DEMO-001,SHIP-DEMO-001,ZEN-RAW-S09:row:11867,ZEN-RAW-S09,SENSOR09,SENSOR09.CSV,row:11867,2024-09-10T06:28:45,LEG-01,REAL_PUBLIC_DATA,DERIVED
CP-DEMO-001,BATCH-DEMO-001,SHIP-DEMO-001,ZEN-RAW-S09:row:11868,ZEN-RAW-S09,SENSOR09,SENSOR09.CSV,row:11868,2024-09-10T06:28:50,LEG-01,REAL_PUBLIC_DATA,DERIVED
CP-DEMO-001,BATCH-DEMO-001,SHIP-DEMO-001,ZEN-RAW-S09:row:11869,ZEN-RAW-S09,SENSOR09,SENSOR09.CSV,row:11869,2024-09-10T06:28:55,LEG-01,REAL_PUBLIC_DATA,DERIVED
CP-DEMO-001,BATCH-DEMO-001,SHIP-DEMO-001,ZEN-RAW-S09:row:11870,ZEN-RAW-S09,SENSOR09,SENSOR09.CSV,row:11870,2024-09-10T06:29:00,LEG-01,REAL_PUBLIC_DATA,DERIVED
CP-DEMO-001,BATCH-DEMO-001,SHIP-DEMO-001,ZEN-RAW-S09:row:11871,ZEN-RAW-S09,SENSOR09,SENSOR09.CSV,row:11871,2024-09-10T06:29:05,LEG-01,REAL_PUBLIC_DATA,DERIVED
CP-DEMO-001,BATCH-DEMO-001,SHIP-DEMO-001,ZEN-RAW-S09:row:11872,ZEN-RAW-S09,SENSOR09,SENSOR09.CSV,row:11872,2024-09-10T06:29:10,LEG-01,REAL_PUBLIC_DATA,DERIVED
CP-DEMO-001,BATCH-DEMO-001,SHIP-DEMO-001,ZEN-RAW-S09:row:11873,ZEN-RAW-S09,SENSOR09,SENSOR09.CSV,row:11873,2024-09-10T06:29:15,LEG-01,REAL_PUBLIC_DATA,DERIVED
CP-DEMO-001,BATCH-DEMO-001,SHIP-DEMO-001,ZEN-RAW-S09:row:11874,ZEN-RAW-S09,SENSOR09,SENSOR09.CSV,row:11874,2024-09-10T06:29:20,LEG-01,REAL_PUBLIC_DATA,DERIVED
CP-DEMO-001,BATCH-DEMO-001,SHIP-DEMO-001,ZEN-RAW-S09:row:11875,ZEN-RAW-S09,SENSOR09,SENSOR09.CSV,row:11875,2024-09-10T06:29:25,LEG-01,REAL_PUBLIC_DATA,DERIVED
CP-DEMO-001,BATCH-DEMO-001,SHIP-DEMO-001,ZEN-RAW-S09:row:11876,ZEN-RAW-S09,SENSOR09,SENSOR09.CSV,row:11876,2024-09-10T06:29:30,LEG-01,REAL_PUBLIC_DATA,DERIVED
CP-DEMO-001,BATCH-DEMO-001,SHIP-DEMO-001,ZEN-RAW-S09:row:11877,ZEN-RAW-S09,SENSOR09,SENSOR09.CSV,row:11877,2024-09-10T06:29:35,LEG-01,REAL_PUBLIC_DATA,DERIVED
CP-DEMO-001,BATCH-DEMO-001,SHIP-DEMO-001,ZEN-RAW-S09:row:11878,ZEN-RAW-S09,SENSOR09,SENSOR09.CSV,row:11878,2024-09-10T06:29:40,LEG-01,REAL_PUBLIC_DATA,DERIVED
CP-DEMO-001,BATCH-DEMO-001,SHIP-DEMO-001,ZEN-RAW-S09:row:11879,ZEN-RAW-S09,SENSOR09,SENSOR09.CSV,row:11879,2024-09-10T06:29:45,LEG-01,REAL_PUBLIC_DATA,DERIVED
CP-DEMO-001,BATCH-DEMO-001,SHIP-DEMO-001,ZEN-RAW-S09:row:11880,ZEN-RAW-S09,SENSOR09,SENSOR09.CSV,row:11880,2024-09-10T06:29:50,LEG-01,REAL_PUBLIC_DATA,DERIVED
CP-DEMO-001,BATCH-DEMO-001,SHIP-DEMO-001,ZEN-RAW-S09:row:11881,ZEN-RAW-S09,SENSOR09,SENSOR09.CSV,row:11881,2024-09-10T06:29:55,LEG-01,REAL_PUBLIC_DATA,DERIVED
CP-DEMO-001,BATCH-DEMO-001,SHIP-DEMO-001,ZEN-RAW-S09:row:11882,ZEN-RAW-S09,SENSOR09,SENSOR09.CSV,row:11882,2024-09-10T06:30:00,LEG-01,REAL_PUBLIC_DATA,DERIVED
CP-DEMO-001,BATCH-DEMO-001,SHIP-DEMO-001,ZEN-RAW-S09:row:11883,ZEN-RAW-S09,SENSOR09,SENSOR09.CSV,row:11883,2024-09-10T06:30:05,LEG-01,REAL_PUBLIC_DATA,DERIVED
CP-DEMO-001,BATCH-DEMO-001,SHIP-DEMO-001,ZEN-RAW-S09:row:11884,ZEN-RAW-S09,SENSOR09,SENSOR09.CSV,row:11884,2024-09-10T06:30:10,LEG-01,REAL_PUBLIC_DATA,DERIVED
CP-DEMO-001,BATCH-DEMO-001,SHIP-DEMO-001,ZEN-RAW-S09:row:11885,ZEN-RAW-S09,SENSOR09,SENSOR09.CSV,row:11885,2024-09-10T06:30:15,LEG-01,REAL_PUBLIC_DATA,DERIVED
CP-DEMO-001,BATCH-DEMO-001,SHIP-DEMO-001,ZEN-RAW-S09:row:11886,ZEN-RAW-S09,SENSOR09,SENSOR09.CSV,row:11886,2024-09-10T06:30:20,LEG-01,REAL_PUBLIC_DATA,DERIVED
CP-DEMO-001,BATCH-DEMO-001,SHIP-DEMO-001,ZEN-RAW-S09:row:11887,ZEN-RAW-S09,SENSOR09,SENSOR09.CSV,row:11887,2024-09-10T06:30:25,LEG-01,REAL_PUBLIC_DATA,DERIVED
CP-DEMO-001,BATCH-DEMO-001,SHIP-DEMO-001,ZEN-RAW-S09:row:11888,ZEN-RAW-S09,SENSOR09,SENSOR09.CSV,row:11888,2024-09-10T06:30:30,LEG-01,REAL_PUBLIC_DATA,DERIVED
CP-DEMO-001,BATCH-DEMO-001,SHIP-DEMO-001,ZEN-RAW-S09:row:11889,ZEN-RAW-S09,SENSOR09,SENSOR09.CSV,row:11889,2024-09-10T06:30:35,LEG-01,REAL_PUBLIC_DATA,DERIVED
CP-DEMO-001,BATCH-DEMO-001,SHIP-DEMO-001,ZEN-RAW-S09:row:11890,ZEN-RAW-S09,SENSOR09,SENSOR09.CSV,row:11890,2024-09-10T06:30:40,LEG-01,REAL_PUBLIC_DATA,DERIVED
CP-DEMO-001,BATCH-DEMO-001,SHIP-DEMO-001,ZEN-RAW-S09:row:11891,ZEN-RAW-S09,SENSOR09,SENSOR09.CSV,row:11891,2024-09-10T06:30:45,LEG-01,REAL_PUBLIC_DATA,DERIVED
CP-DEMO-001,BATCH-DEMO-001,SHIP-DEMO-001,ZEN-RAW-S09:row:11892,ZEN-RAW-S09,SENSOR09,SENSOR09.CSV,row:11892,2024-09-10T06:30:50,LEG-01,REAL_PUBLIC_DATA,DERIVED
CP-DEMO-001,BATCH-DEMO-001,SHIP-DEMO-001,ZEN-RAW-S09:row:11893,ZEN-RAW-S09,SENSOR09,SENSOR09.CSV,row:11893,2024-09-10T06:30:55,LEG-01,REAL_PUBLIC_DATA,DERIVED
CP-DEMO-001,BATCH-DEMO-001,SHIP-DEMO-001,ZEN-RAW-S09:row:11894,ZEN-RAW-S09,SENSOR09,SENSOR09.CSV,row:11894,2024-09-10T06:31:00,LEG-01,REAL_PUBLIC_DATA,DERIVED
CP-DEMO-001,BATCH-DEMO-001,SHIP-DEMO-001,ZEN-RAW-S09:row:11895,ZEN-RAW-S09,SENSOR09,SENSOR09.CSV,row:11895,2024-09-10T06:31:05,LEG-01,REAL_PUBLIC_DATA,DERIVED
CP-DEMO-001,BATCH-DEMO-001,SHIP-DEMO-001,ZEN-RAW-S09:row:11896,ZEN-RAW-S09,SENSOR09,SENSOR09.CSV,row:11896,2024-09-10T06:31:10,LEG-01,REAL_PUBLIC_DATA,DERIVED
CP-DEMO-001,BATCH-DEMO-001,SHIP-DEMO-001,ZEN-RAW-S09:row:11897,ZEN-RAW-S09,SENSOR09,SENSOR09.CSV,row:11897,2024-09-10T06:31:15,LEG-01,REAL_PUBLIC_DATA,DERIVED
CP-DEMO-001,BATCH-DEMO-001,SHIP-DEMO-001,ZEN-RAW-S09:row:11898,ZEN-RAW-S09,SENSOR09,SENSOR09.CSV,row:11898,2024-09-10T06:31:20,LEG-01,REAL_PUBLIC_DATA,DERIVED
CP-DEMO-001,BATCH-DEMO-001,SHIP-DEMO-001,ZEN-RAW-S09:row:11899,ZEN-RAW-S09,SENSOR09,SENSOR09.CSV,row:11899,2024-09-10T06:31:25,LEG-01,REAL_PUBLIC_DATA,DERIVED
CP-DEMO-001,BATCH-DEMO-001,SHIP-DEMO-001,ZEN-RAW-S09:row:11900,ZEN-RAW-S09,SENSOR09,SENSOR09.CSV,row:11900,2024-09-10T06:31:30,LEG-01,REAL_PUBLIC_DATA,DERIVED
CP-DEMO-001,BATCH-DEMO-001,SHIP-DEMO-001,ZEN-RAW-S09:row:11901,ZEN-RAW-S09,SENSOR09,SENSOR09.CSV,row:11901,2024-09-10T06:31:35,LEG-01,REAL_PUBLIC_DATA,DERIVED
CP-DEMO-001,BATCH-DEMO-001,SHIP-DEMO-001,ZEN-RAW-S09:row:11902,ZEN-RAW-S09,SENSOR09,SENSOR09.CSV,row:11902,2024-09-10T06:31:40,LEG-01,REAL_PUBLIC_DATA,DERIVED
CP-DEMO-001,BATCH-DEMO-001,SHIP-DEMO-001,ZEN-RAW-S09:row:11903,ZEN-RAW-S09,SENSOR09,SENSOR09.CSV,row:11903,2024-09-10T06:31:45,LEG-01,REAL_PUBLIC_DATA,DERIVED
CP-DEMO-001,BATCH-DEMO-001,SHIP-DEMO-001,ZEN-RAW-S09:row:11904,ZEN-RAW-S09,SENSOR09,SENSOR09.CSV,row:11904,2024-09-10T06:31:50,LEG-01,REAL_PUBLIC_DATA,DERIVED
CP-DEMO-001,BATCH-DEMO-001,SHIP-DEMO-001,ZEN-RAW-S09:row:11905,ZEN-RAW-S09,SENSOR09,SENSOR09.CSV,row:11905,2024-09-10T06:31:55,LEG-01,REAL_PUBLIC_DATA,DERIVED
CP-DEMO-001,BATCH-DEMO-001,SHIP-DEMO-001,ZEN-RAW-S09:row:11906,ZEN-RAW-S09,SENSOR09,SENSOR09.CSV,row:11906,2024-09-10T06:32:00,LEG-01,REAL_PUBLIC_DATA,DERIVED
CP-DEMO-001,BATCH-DEMO-001,SHIP-DEMO-001,ZEN-RAW-S09:row:11907,ZEN-RAW-S09,SENSOR09,SENSOR09.CSV,row:11907,2024-09-10T06:32:05,LEG-01,REAL_PUBLIC_DATA,DERIVED
CP-DEMO-001,BATCH-DEMO-001,SHIP-DEMO-001,ZEN-RAW-S09:row:11908,ZEN-RAW-S09,SENSOR09,SENSOR09.CSV,row:11908,2024-09-10T06:32:10,LEG-01,REAL_PUBLIC_DATA,DERIVED
CP-DEMO-001,BATCH-DEMO-001,SHIP-DEMO-001,ZEN-RAW-S09:row:11909,ZEN-RAW-S09,SENSOR09,SENSOR09.CSV,row:11909,2024-09-10T06:32:15,LEG-01,REAL_PUBLIC_DATA,DERIVED
CP-DEMO-001,BATCH-DEMO-001,SHIP-DEMO-001,ZEN-RAW-S09:row:11910,ZEN-RAW-S09,SENSOR09,SENSOR09.CSV,row:11910,2024-09-10T06:32:20,LEG-01,REAL_PUBLIC_DATA,DERIVED
CP-DEMO-001,BATCH-DEMO-001,SHIP-DEMO-001,ZEN-RAW-S09:row:11911,ZEN-RAW-S09,SENSOR09,SENSOR09.CSV,row:11911,2024-09-10T06:32:25,LEG-01,REAL_PUBLIC_DATA,DERIVED
CP-DEMO-001,BATCH-DEMO-001,SHIP-DEMO-001,ZEN-RAW-S09:row:11912,ZEN-RAW-S09,SENSOR09,SENSOR09.CSV,row:11912,2024-09-10T06:32:30,LEG-01,REAL_PUBLIC_DATA,DERIVED
CP-DEMO-001,BATCH-DEMO-001,SHIP-DEMO-001,ZEN-RAW-S09:row:11913,ZEN-RAW-S09,SENSOR09,SENSOR09.CSV,row:11913,2024-09-10T06:32:35,LEG-01,REAL_PUBLIC_DATA,DERIVED
CP-DEMO-001,BATCH-DEMO-001,SHIP-DEMO-001,ZEN-RAW-S09:row:11914,ZEN-RAW-S09,SENSOR09,SENSOR09.CSV,row:11914,2024-09-10T06:32:40,LEG-01,REAL_PUBLIC_DATA,DERIVED
CP-DEMO-001,BATCH-DEMO-001,SHIP-DEMO-001,ZEN-RAW-S09:row:11915,ZEN-RAW-S09,SENSOR09,SENSOR09.CSV,row:11915,2024-09-10T06:32:45,LEG-01,REAL_PUBLIC_DATA,DERIVED
CP-DEMO-001,BATCH-DEMO-001,SHIP-DEMO-001,ZEN-RAW-S09:row:11916,ZEN-RAW-S09,SENSOR09,SENSOR09.CSV,row:11916,2024-09-10T06:32:50,LEG-01,REAL_PUBLIC_DATA,DERIVED
CP-DEMO-001,BATCH-DEMO-001,SHIP-DEMO-001,ZEN-RAW-S09:row:11917,ZEN-RAW-S09,SENSOR09,SENSOR09.CSV,row:11917,2024-09-10T06:32:55,LEG-01,REAL_PUBLIC_DATA,DERIVED
CP-DEMO-001,BATCH-DEMO-001,SHIP-DEMO-001,ZEN-RAW-S09:row:11918,ZEN-RAW-S09,SENSOR09,SENSOR09.CSV,row:11918,2024-09-10T06:33:00,LEG-01,REAL_PUBLIC_DATA,DERIVED
CP-DEMO-001,BATCH-DEMO-001,SHIP-DEMO-001,ZEN-RAW-S09:row:11919,ZEN-RAW-S09,SENSOR09,SENSOR09.CSV,row:11919,2024-09-10T06:33:05,LEG-01,REAL_PUBLIC_DATA,DERIVED
CP-DEMO-001,BATCH-DEMO-001,SHIP-DEMO-001,ZEN-RAW-S09:row:11920,ZEN-RAW-S09,SENSOR09,SENSOR09.CSV,row:11920,2024-09-10T06:33:10,LEG-01,REAL_PUBLIC_DATA,DERIVED
CP-DEMO-001,BATCH-DEMO-001,SHIP-DEMO-001,ZEN-RAW-S09:row:11921,ZEN-RAW-S09,SENSOR09,SENSOR09.CSV,row:11921,2024-09-10T06:33:15,LEG-01,REAL_PUBLIC_DATA,DERIVED
CP-DEMO-001,BATCH-DEMO-001,SHIP-DEMO-001,ZEN-RAW-S09:row:11922,ZEN-RAW-S09,SENSOR09,SENSOR09.CSV,row:11922,2024-09-10T06:33:20,LEG-01,REAL_PUBLIC_DATA,DERIVED
CP-DEMO-001,BATCH-DEMO-001,SHIP-DEMO-001,ZEN-RAW-S09:row:11923,ZEN-RAW-S09,SENSOR09,SENSOR09.CSV,row:11923,2024-09-10T06:33:25,LEG-01,REAL_PUBLIC_DATA,DERIVED
CP-DEMO-001,BATCH-DEMO-001,SHIP-DEMO-001,ZEN-RAW-S09:row:11924,ZEN-RAW-S09,SENSOR09,SENSOR09.CSV,row:11924,2024-09-10T06:33:30,LEG-01,REAL_PUBLIC_DATA,DERIVED
CP-DEMO-001,BATCH-DEMO-001,SHIP-DEMO-001,ZEN-RAW-S09:row:11925,ZEN-RAW-S09,SENSOR09,SENSOR09.CSV,row:11925,2024-09-10T06:33:35,LEG-01,REAL_PUBLIC_DATA,DERIVED
CP-DEMO-001,BATCH-DEMO-001,SHIP-DEMO-001,ZEN-RAW-S09:row:11926,ZEN-RAW-S09,SENSOR09,SENSOR09.CSV,row:11926,2024-09-10T06:33:40,LEG-01,REAL_PUBLIC_DATA,DERIVED
CP-DEMO-001,BATCH-DEMO-001,SHIP-DEMO-001,ZEN-RAW-S09:row:11927,ZEN-RAW-S09,SENSOR09,SENSOR09.CSV,row:11927,2024-09-10T06:33:45,LEG-01,REAL_PUBLIC_DATA,DERIVED
CP-DEMO-001,BATCH-DEMO-001,SHIP-DEMO-001,ZEN-RAW-S09:row:11928,ZEN-RAW-S09,SENSOR09,SENSOR09.CSV,row:11928,2024-09-10T06:33:50,LEG-01,REAL_PUBLIC_DATA,DERIVED
CP-DEMO-001,BATCH-DEMO-001,SHIP-DEMO-001,ZEN-RAW-S09:row:11929,ZEN-RAW-S09,SENSOR09,SENSOR09.CSV,row:11929,2024-09-10T06:33:55,LEG-01,REAL_PUBLIC_DATA,DERIVED
CP-DEMO-001,BATCH-DEMO-001,SHIP-DEMO-001,ZEN-RAW-S09:row:11930,ZEN-RAW-S09,SENSOR09,SENSOR09.CSV,row:11930,2024-09-10T06:34:00,LEG-01,REAL_PUBLIC_DATA,DERIVED
CP-DEMO-001,BATCH-DEMO-001,SHIP-DEMO-001,ZEN-RAW-S09:row:11931,ZEN-RAW-S09,SENSOR09,SENSOR09.CSV,row:11931,2024-09-10T06:34:05,LEG-01,REAL_PUBLIC_DATA,DERIVED
CP-DEMO-001,BATCH-DEMO-001,SHIP-DEMO-001,ZEN-RAW-S09:row:11932,ZEN-RAW-S09,SENSOR09,SENSOR09.CSV,row:11932,2024-09-10T06:34:10,LEG-01,REAL_PUBLIC_DATA,DERIVED
CP-DEMO-001,BATCH-DEMO-001,SHIP-DEMO-001,ZEN-RAW-S09:row:11933,ZEN-RAW-S09,SENSOR09,SENSOR09.CSV,row:11933,2024-09-10T06:34:15,LEG-01,REAL_PUBLIC_DATA,DERIVED
CP-DEMO-001,BATCH-DEMO-001,SHIP-DEMO-001,ZEN-RAW-S09:row:11934,ZEN-RAW-S09,SENSOR09,SENSOR09.CSV,row:11934,2024-09-10T06:34:20,LEG-01,REAL_PUBLIC_DATA,DERIVED
CP-DEMO-001,BATCH-DEMO-001,SHIP-DEMO-001,ZEN-RAW-S09:row:11935,ZEN-RAW-S09,SENSOR09,SENSOR09.CSV,row:11935,2024-09-10T06:34:25,LEG-01,REAL_PUBLIC_DATA,DERIVED
CP-DEMO-001,BATCH-DEMO-001,SHIP-DEMO-001,ZEN-RAW-S09:row:11936,ZEN-RAW-S09,SENSOR09,SENSOR09.CSV,row:11936,2024-09-10T06:34:30,LEG-01,REAL_PUBLIC_DATA,DERIVED
CP-DEMO-001,BATCH-DEMO-001,SHIP-DEMO-001,ZEN-RAW-S09:row:11937,ZEN-RAW-S09,SENSOR09,SENSOR09.CSV,row:11937,2024-09-10T06:34:35,LEG-01,REAL_PUBLIC_DATA,DERIVED
CP-DEMO-001,BATCH-DEMO-001,SHIP-DEMO-001,ZEN-RAW-S09:row:11938,ZEN-RAW-S09,SENSOR09,SENSOR09.CSV,row:11938,2024-09-10T06:34:40,LEG-01,REAL_PUBLIC_DATA,DERIVED
CP-DEMO-001,BATCH-DEMO-001,SHIP-DEMO-001,ZEN-RAW-S09:row:11939,ZEN-RAW-S09,SENSOR09,SENSOR09.CSV,row:11939,2024-09-10T06:34:45,LEG-01,REAL_PUBLIC_DATA,DERIVED
CP-DEMO-001,BATCH-DEMO-001,SHIP-DEMO-001,ZEN-RAW-S09:row:11940,ZEN-RAW-S09,SENSOR09,SENSOR09.CSV,row:11940,2024-09-10T06:34:50,LEG-01,REAL_PUBLIC_DATA,DERIVED
CP-DEMO-001,BATCH-DEMO-001,SHIP-DEMO-001,ZEN-RAW-S09:row:11941,ZEN-RAW-S09,SENSOR09,SENSOR09.CSV,row:11941,2024-09-10T06:34:55,LEG-01,REAL_PUBLIC_DATA,DERIVED
CP-DEMO-001,BATCH-DEMO-001,SHIP-DEMO-001,ZEN-RAW-S09:row:11942,ZEN-RAW-S09,SENSOR09,SENSOR09.CSV,row:11942,2024-09-10T06:35:00,LEG-01,REAL_PUBLIC_DATA,DERIVED
CP-DEMO-001,BATCH-DEMO-001,SHIP-DEMO-001,ZEN-RAW-S09:row:11943,ZEN-RAW-S09,SENSOR09,SENSOR09.CSV,row:11943,2024-09-10T06:35:05,LEG-01,REAL_PUBLIC_DATA,DERIVED
CP-DEMO-001,BATCH-DEMO-001,SHIP-DEMO-001,ZEN-RAW-S09:row:11944,ZEN-RAW-S09,SENSOR09,SENSOR09.CSV,row:11944,2024-09-10T06:35:10,LEG-01,REAL_PUBLIC_DATA,DERIVED
CP-DEMO-001,BATCH-DEMO-001,SHIP-DEMO-001,ZEN-RAW-S09:row:11945,ZEN-RAW-S09,SENSOR09,SENSOR09.CSV,row:11945,2024-09-10T06:35:15,LEG-01,REAL_PUBLIC_DATA,DERIVED
CP-DEMO-001,BATCH-DEMO-001,SHIP-DEMO-001,ZEN-RAW-S09:row:11946,ZEN-RAW-S09,SENSOR09,SENSOR09.CSV,row:11946,2024-09-10T06:35:20,LEG-01,REAL_PUBLIC_DATA,DERIVED
CP-DEMO-001,BATCH-DEMO-001,SHIP-DEMO-001,ZEN-RAW-S09:row:11947,ZEN-RAW-S09,SENSOR09,SENSOR09.CSV,row:11947,2024-09-10T06:35:25,LEG-01,REAL_PUBLIC_DATA,DERIVED
CP-DEMO-001,BATCH-DEMO-001,SHIP-DEMO-001,ZEN-RAW-S09:row:11948,ZEN-RAW-S09,SENSOR09,SENSOR09.CSV,row:11948,2024-09-10T06:35:30,LEG-01,REAL_PUBLIC_DATA,DERIVED
CP-DEMO-001,BATCH-DEMO-001,SHIP-DEMO-001,ZEN-RAW-S09:row:11949,ZEN-RAW-S09,SENSOR09,SENSOR09.CSV,row:11949,2024-09-10T06:35:35,LEG-01,REAL_PUBLIC_DATA,DERIVED
CP-DEMO-001,BATCH-DEMO-001,SHIP-DEMO-001,ZEN-RAW-S09:row:11950,ZEN-RAW-S09,SENSOR09,SENSOR09.CSV,row:11950,2024-09-10T06:35:40,LEG-01,REAL_PUBLIC_DATA,DERIVED
CP-DEMO-001,BATCH-DEMO-001,SHIP-DEMO-001,ZEN-RAW-S09:row:11951,ZEN-RAW-S09,SENSOR09,SENSOR09.CSV,row:11951,2024-09-10T06:35:45,LEG-01,REAL_PUBLIC_DATA,DERIVED
CP-DEMO-001,BATCH-DEMO-001,SHIP-DEMO-001,ZEN-RAW-S09:row:11952,ZEN-RAW-S09,SENSOR09,SENSOR09.CSV,row:11952,2024-09-10T06:35:50,LEG-01,REAL_PUBLIC_DATA,DERIVED
CP-DEMO-001,BATCH-DEMO-001,SHIP-DEMO-001,ZEN-RAW-S09:row:11953,ZEN-RAW-S09,SENSOR09,SENSOR09.CSV,row:11953,2024-09-10T06:35:55,LEG-01,REAL_PUBLIC_DATA,DERIVED
CP-DEMO-001,BATCH-DEMO-001,SHIP-DEMO-001,ZEN-RAW-S09:row:11954,ZEN-RAW-S09,SENSOR09,SENSOR09.CSV,row:11954,2024-09-10T06:36:00,LEG-01,REAL_PUBLIC_DATA,DERIVED
CP-DEMO-001,BATCH-DEMO-001,SHIP-DEMO-001,ZEN-RAW-S09:row:11955,ZEN-RAW-S09,SENSOR09,SENSOR09.CSV,row:11955,2024-09-10T06:36:05,LEG-01,REAL_PUBLIC_DATA,DERIVED
CP-DEMO-001,BATCH-DEMO-001,SHIP-DEMO-001,ZEN-RAW-S09:row:11956,ZEN-RAW-S09,SENSOR09,SENSOR09.CSV,row:11956,2024-09-10T06:36:10,LEG-01,REAL_PUBLIC_DATA,DERIVED
CP-DEMO-001,BATCH-DEMO-001,SHIP-DEMO-001,ZEN-RAW-S09:row:11957,ZEN-RAW-S09,SENSOR09,SENSOR09.CSV,row:11957,2024-09-10T06:36:15,LEG-01,REAL_PUBLIC_DATA,DERIVED
CP-DEMO-001,BATCH-DEMO-001,SHIP-DEMO-001,ZEN-RAW-S09:row:11958,ZEN-RAW-S09,SENSOR09,SENSOR09.CSV,row:11958,2024-09-10T06:36:20,LEG-01,REAL_PUBLIC_DATA,DERIVED
CP-DEMO-001,BATCH-DEMO-001,SHIP-DEMO-001,ZEN-RAW-S09:row:11959,ZEN-RAW-S09,SENSOR09,SENSOR09.CSV,row:11959,2024-09-10T06:36:25,LEG-01,REAL_PUBLIC_DATA,DERIVED
CP-DEMO-001,BATCH-DEMO-001,SHIP-DEMO-001,ZEN-RAW-S09:row:11960,ZEN-RAW-S09,SENSOR09,SENSOR09.CSV,row:11960,2024-09-10T06:36:30,LEG-01,REAL_PUBLIC_DATA,DERIVED
CP-DEMO-001,BATCH-DEMO-001,SHIP-DEMO-001,ZEN-RAW-S09:row:11961,ZEN-RAW-S09,SENSOR09,SENSOR09.CSV,row:11961,2024-09-10T06:36:35,LEG-01,REAL_PUBLIC_DATA,DERIVED
CP-DEMO-001,BATCH-DEMO-001,SHIP-DEMO-001,ZEN-RAW-S09:row:11962,ZEN-RAW-S09,SENSOR09,SENSOR09.CSV,row:11962,2024-09-10T06:36:40,LEG-01,REAL_PUBLIC_DATA,DERIVED
CP-DEMO-001,BATCH-DEMO-001,SHIP-DEMO-001,ZEN-RAW-S09:row:11963,ZEN-RAW-S09,SENSOR09,SENSOR09.CSV,row:11963,2024-09-10T06:36:45,LEG-01,REAL_PUBLIC_DATA,DERIVED
CP-DEMO-001,BATCH-DEMO-001,SHIP-DEMO-001,ZEN-RAW-S09:row:11964,ZEN-RAW-S09,SENSOR09,SENSOR09.CSV,row:11964,2024-09-10T06:36:50,LEG-01,REAL_PUBLIC_DATA,DERIVED
CP-DEMO-001,BATCH-DEMO-001,SHIP-DEMO-001,ZEN-RAW-S09:row:11965,ZEN-RAW-S09,SENSOR09,SENSOR09.CSV,row:11965,2024-09-10T06:36:55,LEG-01,REAL_PUBLIC_DATA,DERIVED
CP-DEMO-001,BATCH-DEMO-001,SHIP-DEMO-001,ZEN-RAW-S09:row:11966,ZEN-RAW-S09,SENSOR09,SENSOR09.CSV,row:11966,2024-09-10T06:37:00,LEG-01,REAL_PUBLIC_DATA,DERIVED
CP-DEMO-001,BATCH-DEMO-001,SHIP-DEMO-001,ZEN-RAW-S09:row:11967,ZEN-RAW-S09,SENSOR09,SENSOR09.CSV,row:11967,2024-09-10T06:37:05,LEG-01,REAL_PUBLIC_DATA,DERIVED
CP-DEMO-001,BATCH-DEMO-001,SHIP-DEMO-001,ZEN-RAW-S09:row:11968,ZEN-RAW-S09,SENSOR09,SENSOR09.CSV,row:11968,2024-09-10T06:37:10,LEG-01,REAL_PUBLIC_DATA,DERIVED
CP-DEMO-001,BATCH-DEMO-001,SHIP-DEMO-001,ZEN-RAW-S09:row:11969,ZEN-RAW-S09,SENSOR09,SENSOR09.CSV,row:11969,2024-09-10T06:37:15,LEG-01,REAL_PUBLIC_DATA,DERIVED
CP-DEMO-001,BATCH-DEMO-001,SHIP-DEMO-001,ZEN-RAW-S09:row:11970,ZEN-RAW-S09,SENSOR09,SENSOR09.CSV,row:11970,2024-09-10T06:37:20,LEG-01,REAL_PUBLIC_DATA,DERIVED
CP-DEMO-001,BATCH-DEMO-001,SHIP-DEMO-001,ZEN-RAW-S09:row:11971,ZEN-RAW-S09,SENSOR09,SENSOR09.CSV,row:11971,2024-09-10T06:37:25,LEG-01,REAL_PUBLIC_DATA,DERIVED
CP-DEMO-001,BATCH-DEMO-001,SHIP-DEMO-001,ZEN-RAW-S09:row:11972,ZEN-RAW-S09,SENSOR09,SENSOR09.CSV,row:11972,2024-09-10T06:37:30,LEG-01,REAL_PUBLIC_DATA,DERIVED
CP-DEMO-001,BATCH-DEMO-001,SHIP-DEMO-001,ZEN-RAW-S09:row:11973,ZEN-RAW-S09,SENSOR09,SENSOR09.CSV,row:11973,2024-09-10T06:37:35,LEG-01,REAL_PUBLIC_DATA,DERIVED
CP-DEMO-001,BATCH-DEMO-001,SHIP-DEMO-001,ZEN-RAW-S09:row:11974,ZEN-RAW-S09,SENSOR09,SENSOR09.CSV,row:11974,2024-09-10T06:37:40,LEG-01,REAL_PUBLIC_DATA,DERIVED
CP-DEMO-001,BATCH-DEMO-001,SHIP-DEMO-001,ZEN-RAW-S09:row:11975,ZEN-RAW-S09,SENSOR09,SENSOR09.CSV,row:11975,2024-09-10T06:37:45,LEG-01,REAL_PUBLIC_DATA,DERIVED
CP-DEMO-001,BATCH-DEMO-001,SHIP-DEMO-001,ZEN-RAW-S09:row:11976,ZEN-RAW-S09,SENSOR09,SENSOR09.CSV,row:11976,2024-09-10T06:37:50,LEG-01,REAL_PUBLIC_DATA,DERIVED
CP-DEMO-001,BATCH-DEMO-001,SHIP-DEMO-001,ZEN-RAW-S09:row:11977,ZEN-RAW-S09,SENSOR09,SENSOR09.CSV,row:11977,2024-09-10T06:37:55,LEG-01,REAL_PUBLIC_DATA,DERIVED
CP-DEMO-001,BATCH-DEMO-001,SHIP-DEMO-001,ZEN-RAW-S09:row:11978,ZEN-RAW-S09,SENSOR09,SENSOR09.CSV,row:11978,2024-09-10T06:38:00,LEG-01,REAL_PUBLIC_DATA,DERIVED
CP-DEMO-001,BATCH-DEMO-001,SHIP-DEMO-001,ZEN-RAW-S09:row:11979,ZEN-RAW-S09,SENSOR09,SENSOR09.CSV,row:11979,2024-09-10T06:38:05,LEG-01,REAL_PUBLIC_DATA,DERIVED
CP-DEMO-001,BATCH-DEMO-001,SHIP-DEMO-001,ZEN-RAW-S09:row:11980,ZEN-RAW-S09,SENSOR09,SENSOR09.CSV,row:11980,2024-09-10T06:38:10,LEG-01,REAL_PUBLIC_DATA,DERIVED
CP-DEMO-001,BATCH-DEMO-001,SHIP-DEMO-001,ZEN-RAW-S09:row:11981,ZEN-RAW-S09,SENSOR09,SENSOR09.CSV,row:11981,2024-09-10T06:38:15,LEG-01,REAL_PUBLIC_DATA,DERIVED
CP-DEMO-001,BATCH-DEMO-001,SHIP-DEMO-001,ZEN-RAW-S09:row:11982,ZEN-RAW-S09,SENSOR09,SENSOR09.CSV,row:11982,2024-09-10T06:38:20,LEG-01,REAL_PUBLIC_DATA,DERIVED
CP-DEMO-001,BATCH-DEMO-001,SHIP-DEMO-001,ZEN-RAW-S09:row:11983,ZEN-RAW-S09,SENSOR09,SENSOR09.CSV,row:11983,2024-09-10T06:38:25,LEG-01,REAL_PUBLIC_DATA,DERIVED
CP-DEMO-001,BATCH-DEMO-001,SHIP-DEMO-001,ZEN-RAW-S09:row:11984,ZEN-RAW-S09,SENSOR09,SENSOR09.CSV,row:11984,2024-09-10T06:38:30,LEG-01,REAL_PUBLIC_DATA,DERIVED
CP-DEMO-001,BATCH-DEMO-001,SHIP-DEMO-001,ZEN-RAW-S09:row:11985,ZEN-RAW-S09,SENSOR09,SENSOR09.CSV,row:11985,2024-09-10T06:38:35,LEG-01,REAL_PUBLIC_DATA,DERIVED
CP-DEMO-001,BATCH-DEMO-001,SHIP-DEMO-001,ZEN-RAW-S09:row:11986,ZEN-RAW-S09,SENSOR09,SENSOR09.CSV,row:11986,2024-09-10T06:38:40,LEG-01,REAL_PUBLIC_DATA,DERIVED
CP-DEMO-001,BATCH-DEMO-001,SHIP-DEMO-001,ZEN-RAW-S09:row:11987,ZEN-RAW-S09,SENSOR09,SENSOR09.CSV,row:11987,2024-09-10T06:38:45,LEG-01,REAL_PUBLIC_DATA,DERIVED
CP-DEMO-001,BATCH-DEMO-001,SHIP-DEMO-001,ZEN-RAW-S09:row:11988,ZEN-RAW-S09,SENSOR09,SENSOR09.CSV,row:11988,2024-09-10T06:38:50,LEG-01,REAL_PUBLIC_DATA,DERIVED
CP-DEMO-001,BATCH-DEMO-001,SHIP-DEMO-001,ZEN-RAW-S09:row:11989,ZEN-RAW-S09,SENSOR09,SENSOR09.CSV,row:11989,2024-09-10T06:38:55,LEG-01,REAL_PUBLIC_DATA,DERIVED
CP-DEMO-001,BATCH-DEMO-001,SHIP-DEMO-001,ZEN-RAW-S09:row:11990,ZEN-RAW-S09,SENSOR09,SENSOR09.CSV,row:11990,2024-09-10T06:39:00,LEG-01,REAL_PUBLIC_DATA,DERIVED
CP-DEMO-001,BATCH-DEMO-001,SHIP-DEMO-001,ZEN-RAW-S09:row:11991,ZEN-RAW-S09,SENSOR09,SENSOR09.CSV,row:11991,2024-09-10T06:39:05,LEG-01,REAL_PUBLIC_DATA,DERIVED
CP-DEMO-001,BATCH-DEMO-001,SHIP-DEMO-001,ZEN-RAW-S09:row:11992,ZEN-RAW-S09,SENSOR09,SENSOR09.CSV,row:11992,2024-09-10T06:39:10,LEG-01,REAL_PUBLIC_DATA,DERIVED
CP-DEMO-001,BATCH-DEMO-001,SHIP-DEMO-001,ZEN-RAW-S09:row:11993,ZEN-RAW-S09,SENSOR09,SENSOR09.CSV,row:11993,2024-09-10T06:39:15,LEG-01,REAL_PUBLIC_DATA,DERIVED
CP-DEMO-001,BATCH-DEMO-001,SHIP-DEMO-001,ZEN-RAW-S09:row:11994,ZEN-RAW-S09,SENSOR09,SENSOR09.CSV,row:11994,2024-09-10T06:39:20,LEG-01,REAL_PUBLIC_DATA,DERIVED
CP-DEMO-001,BATCH-DEMO-001,SHIP-DEMO-001,ZEN-RAW-S09:row:11995,ZEN-RAW-S09,SENSOR09,SENSOR09.CSV,row:11995,2024-09-10T06:39:25,LEG-01,REAL_PUBLIC_DATA,DERIVED
CP-DEMO-001,BATCH-DEMO-001,SHIP-DEMO-001,ZEN-RAW-S09:row:11996,ZEN-RAW-S09,SENSOR09,SENSOR09.CSV,row:11996,2024-09-10T06:39:30,LEG-01,REAL_PUBLIC_DATA,DERIVED
CP-DEMO-001,BATCH-DEMO-001,SHIP-DEMO-001,ZEN-RAW-S09:row:11997,ZEN-RAW-S09,SENSOR09,SENSOR09.CSV,row:11997,2024-09-10T06:39:35,LEG-01,REAL_PUBLIC_DATA,DERIVED
CP-DEMO-001,BATCH-DEMO-001,SHIP-DEMO-001,ZEN-RAW-S09:row:11998,ZEN-RAW-S09,SENSOR09,SENSOR09.CSV,row:11998,2024-09-10T06:39:40,LEG-01,REAL_PUBLIC_DATA,DERIVED
CP-DEMO-001,BATCH-DEMO-001,SHIP-DEMO-001,ZEN-RAW-S09:row:11999,ZEN-RAW-S09,SENSOR09,SENSOR09.CSV,row:11999,2024-09-10T06:39:45,LEG-01,REAL_PUBLIC_DATA,DERIVED
CP-DEMO-001,BATCH-DEMO-001,SHIP-DEMO-001,ZEN-RAW-S09:row:12000,ZEN-RAW-S09,SENSOR09,SENSOR09.CSV,row:12000,2024-09-10T06:39:50,LEG-01,REAL_PUBLIC_DATA,DERIVED
CP-DEMO-001,BATCH-DEMO-001,SHIP-DEMO-001,ZEN-RAW-S09:row:12001,ZEN-RAW-S09,SENSOR09,SENSOR09.CSV,row:12001,2024-09-10T06:39:55,LEG-01,REAL_PUBLIC_DATA,DERIVED
CP-DEMO-001,BATCH-DEMO-001,SHIP-DEMO-001,ZEN-RAW-S09:row:12002,ZEN-RAW-S09,SENSOR09,SENSOR09.CSV,row:12002,2024-09-10T06:40:00,LEG-01,REAL_PUBLIC_DATA,DERIVED
CP-DEMO-001,BATCH-DEMO-001,SHIP-DEMO-001,ZEN-RAW-S09:row:12003,ZEN-RAW-S09,SENSOR09,SENSOR09.CSV,row:12003,2024-09-10T06:40:05,LEG-01,REAL_PUBLIC_DATA,DERIVED
CP-DEMO-001,BATCH-DEMO-001,SHIP-DEMO-001,ZEN-RAW-S09:row:12004,ZEN-RAW-S09,SENSOR09,SENSOR09.CSV,row:12004,2024-09-10T06:40:10,LEG-01,REAL_PUBLIC_DATA,DERIVED
CP-DEMO-001,BATCH-DEMO-001,SHIP-DEMO-001,ZEN-RAW-S09:row:12005,ZEN-RAW-S09,SENSOR09,SENSOR09.CSV,row:12005,2024-09-10T06:40:15,LEG-01,REAL_PUBLIC_DATA,DERIVED
CP-DEMO-001,BATCH-DEMO-001,SHIP-DEMO-001,ZEN-RAW-S09:row:12006,ZEN-RAW-S09,SENSOR09,SENSOR09.CSV,row:12006,2024-09-10T06:40:20,LEG-01,REAL_PUBLIC_DATA,DERIVED
CP-DEMO-001,BATCH-DEMO-001,SHIP-DEMO-001,ZEN-RAW-S09:row:12007,ZEN-RAW-S09,SENSOR09,SENSOR09.CSV,row:12007,2024-09-10T06:40:25,LEG-01,REAL_PUBLIC_DATA,DERIVED
CP-DEMO-001,BATCH-DEMO-001,SHIP-DEMO-001,ZEN-RAW-S09:row:12008,ZEN-RAW-S09,SENSOR09,SENSOR09.CSV,row:12008,2024-09-10T06:40:30,LEG-01,REAL_PUBLIC_DATA,DERIVED
CP-DEMO-001,BATCH-DEMO-001,SHIP-DEMO-001,ZEN-RAW-S09:row:12009,ZEN-RAW-S09,SENSOR09,SENSOR09.CSV,row:12009,2024-09-10T06:40:35,LEG-01,REAL_PUBLIC_DATA,DERIVED
CP-DEMO-001,BATCH-DEMO-001,SHIP-DEMO-001,ZEN-RAW-S09:row:12010,ZEN-RAW-S09,SENSOR09,SENSOR09.CSV,row:12010,2024-09-10T06:40:40,LEG-01,REAL_PUBLIC_DATA,DERIVED
CP-DEMO-001,BATCH-DEMO-001,SHIP-DEMO-001,ZEN-RAW-S09:row:12011,ZEN-RAW-S09,SENSOR09,SENSOR09.CSV,row:12011,2024-09-10T06:40:45,LEG-01,REAL_PUBLIC_DATA,DERIVED
CP-DEMO-001,BATCH-DEMO-001,SHIP-DEMO-001,ZEN-RAW-S09:row:12012,ZEN-RAW-S09,SENSOR09,SENSOR09.CSV,row:12012,2024-09-10T06:40:50,LEG-01,REAL_PUBLIC_DATA,DERIVED
CP-DEMO-001,BATCH-DEMO-001,SHIP-DEMO-001,ZEN-RAW-S09:row:12013,ZEN-RAW-S09,SENSOR09,SENSOR09.CSV,row:12013,2024-09-10T06:40:55,LEG-01,REAL_PUBLIC_DATA,DERIVED
CP-DEMO-001,BATCH-DEMO-001,SHIP-DEMO-001,ZEN-RAW-S09:row:12014,ZEN-RAW-S09,SENSOR09,SENSOR09.CSV,row:12014,2024-09-10T06:41:00,LEG-01,REAL_PUBLIC_DATA,DERIVED
CP-DEMO-001,BATCH-DEMO-001,SHIP-DEMO-001,ZEN-RAW-S09:row:12015,ZEN-RAW-S09,SENSOR09,SENSOR09.CSV,row:12015,2024-09-10T06:41:05,LEG-01,REAL_PUBLIC_DATA,DERIVED
CP-DEMO-001,BATCH-DEMO-001,SHIP-DEMO-001,ZEN-RAW-S09:row:12016,ZEN-RAW-S09,SENSOR09,SENSOR09.CSV,row:12016,2024-09-10T06:41:10,LEG-01,REAL_PUBLIC_DATA,DERIVED
CP-DEMO-001,BATCH-DEMO-001,SHIP-DEMO-001,ZEN-RAW-S09:row:12017,ZEN-RAW-S09,SENSOR09,SENSOR09.CSV,row:12017,2024-09-10T06:41:15,LEG-01,REAL_PUBLIC_DATA,DERIVED
CP-DEMO-001,BATCH-DEMO-001,SHIP-DEMO-001,ZEN-RAW-S09:row:12018,ZEN-RAW-S09,SENSOR09,SENSOR09.CSV,row:12018,2024-09-10T06:41:20,LEG-01,REAL_PUBLIC_DATA,DERIVED
CP-DEMO-001,BATCH-DEMO-001,SHIP-DEMO-001,ZEN-RAW-S09:row:12019,ZEN-RAW-S09,SENSOR09,SENSOR09.CSV,row:12019,2024-09-10T06:41:25,LEG-01,REAL_PUBLIC_DATA,DERIVED
CP-DEMO-001,BATCH-DEMO-001,SHIP-DEMO-001,ZEN-RAW-S09:row:12020,ZEN-RAW-S09,SENSOR09,SENSOR09.CSV,row:12020,2024-09-10T06:41:30,LEG-01,REAL_PUBLIC_DATA,DERIVED
CP-DEMO-001,BATCH-DEMO-001,SHIP-DEMO-001,ZEN-RAW-S09:row:12021,ZEN-RAW-S09,SENSOR09,SENSOR09.CSV,row:12021,2024-09-10T06:41:35,LEG-01,REAL_PUBLIC_DATA,DERIVED
CP-DEMO-001,BATCH-DEMO-001,SHIP-DEMO-001,ZEN-RAW-S09:row:12022,ZEN-RAW-S09,SENSOR09,SENSOR09.CSV,row:12022,2024-09-10T06:41:40,LEG-01,REAL_PUBLIC_DATA,DERIVED
CP-DEMO-001,BATCH-DEMO-001,SHIP-DEMO-001,ZEN-RAW-S09:row:12023,ZEN-RAW-S09,SENSOR09,SENSOR09.CSV,row:12023,2024-09-10T06:41:45,LEG-01,REAL_PUBLIC_DATA,DERIVED
CP-DEMO-001,BATCH-DEMO-001,SHIP-DEMO-001,ZEN-RAW-S09:row:12024,ZEN-RAW-S09,SENSOR09,SENSOR09.CSV,row:12024,2024-09-10T06:41:50,LEG-01,REAL_PUBLIC_DATA,DERIVED
CP-DEMO-001,BATCH-DEMO-001,SHIP-DEMO-001,ZEN-RAW-S09:row:12025,ZEN-RAW-S09,SENSOR09,SENSOR09.CSV,row:12025,2024-09-10T06:41:55,LEG-01,REAL_PUBLIC_DATA,DERIVED
CP-DEMO-001,BATCH-DEMO-001,SHIP-DEMO-001,ZEN-RAW-S09:row:12026,ZEN-RAW-S09,SENSOR09,SENSOR09.CSV,row:12026,2024-09-10T06:42:00,LEG-01,REAL_PUBLIC_DATA,DERIVED
CP-DEMO-001,BATCH-DEMO-001,SHIP-DEMO-001,ZEN-RAW-S09:row:12027,ZEN-RAW-S09,SENSOR09,SENSOR09.CSV,row:12027,2024-09-10T06:42:05,LEG-01,REAL_PUBLIC_DATA,DERIVED
CP-DEMO-001,BATCH-DEMO-001,SHIP-DEMO-001,ZEN-RAW-S09:row:12028,ZEN-RAW-S09,SENSOR09,SENSOR09.CSV,row:12028,2024-09-10T06:42:10,LEG-01,REAL_PUBLIC_DATA,DERIVED
CP-DEMO-001,BATCH-DEMO-001,SHIP-DEMO-001,ZEN-RAW-S09:row:12029,ZEN-RAW-S09,SENSOR09,SENSOR09.CSV,row:12029,2024-09-10T06:42:15,LEG-01,REAL_PUBLIC_DATA,DERIVED
CP-DEMO-001,BATCH-DEMO-001,SHIP-DEMO-001,ZEN-RAW-S09:row:12030,ZEN-RAW-S09,SENSOR09,SENSOR09.CSV,row:12030,2024-09-10T06:42:20,LEG-01,REAL_PUBLIC_DATA,DERIVED
CP-DEMO-001,BATCH-DEMO-001,SHIP-DEMO-001,ZEN-RAW-S09:row:12031,ZEN-RAW-S09,SENSOR09,SENSOR09.CSV,row:12031,2024-09-10T06:42:25,LEG-01,REAL_PUBLIC_DATA,DERIVED
CP-DEMO-001,BATCH-DEMO-001,SHIP-DEMO-001,ZEN-RAW-S09:row:12032,ZEN-RAW-S09,SENSOR09,SENSOR09.CSV,row:12032,2024-09-10T06:42:30,LEG-01,REAL_PUBLIC_DATA,DERIVED
CP-DEMO-001,BATCH-DEMO-001,SHIP-DEMO-001,ZEN-RAW-S09:row:12033,ZEN-RAW-S09,SENSOR09,SENSOR09.CSV,row:12033,2024-09-10T06:42:35,LEG-01,REAL_PUBLIC_DATA,DERIVED
CP-DEMO-001,BATCH-DEMO-001,SHIP-DEMO-001,ZEN-RAW-S09:row:12034,ZEN-RAW-S09,SENSOR09,SENSOR09.CSV,row:12034,2024-09-10T06:42:40,LEG-01,REAL_PUBLIC_DATA,DERIVED
CP-DEMO-001,BATCH-DEMO-001,SHIP-DEMO-001,ZEN-RAW-S09:row:12035,ZEN-RAW-S09,SENSOR09,SENSOR09.CSV,row:12035,2024-09-10T06:42:45,LEG-01,REAL_PUBLIC_DATA,DERIVED
CP-DEMO-001,BATCH-DEMO-001,SHIP-DEMO-001,ZEN-RAW-S09:row:12036,ZEN-RAW-S09,SENSOR09,SENSOR09.CSV,row:12036,2024-09-10T06:42:50,LEG-01,REAL_PUBLIC_DATA,DERIVED
CP-DEMO-001,BATCH-DEMO-001,SHIP-DEMO-001,ZEN-RAW-S09:row:12037,ZEN-RAW-S09,SENSOR09,SENSOR09.CSV,row:12037,2024-09-10T06:42:55,LEG-01,REAL_PUBLIC_DATA,DERIVED
CP-DEMO-001,BATCH-DEMO-001,SHIP-DEMO-001,ZEN-RAW-S09:row:12038,ZEN-RAW-S09,SENSOR09,SENSOR09.CSV,row:12038,2024-09-10T06:43:00,LEG-01,REAL_PUBLIC_DATA,DERIVED
CP-DEMO-001,BATCH-DEMO-001,SHIP-DEMO-001,ZEN-RAW-S09:row:12039,ZEN-RAW-S09,SENSOR09,SENSOR09.CSV,row:12039,2024-09-10T06:43:05,LEG-01,REAL_PUBLIC_DATA,DERIVED
CP-DEMO-001,BATCH-DEMO-001,SHIP-DEMO-001,ZEN-RAW-S09:row:12040,ZEN-RAW-S09,SENSOR09,SENSOR09.CSV,row:12040,2024-09-10T06:43:10,LEG-01,REAL_PUBLIC_DATA,DERIVED
CP-DEMO-001,BATCH-DEMO-001,SHIP-DEMO-001,ZEN-RAW-S09:row:12041,ZEN-RAW-S09,SENSOR09,SENSOR09.CSV,row:12041,2024-09-10T06:43:15,LEG-01,REAL_PUBLIC_DATA,DERIVED
CP-DEMO-001,BATCH-DEMO-001,SHIP-DEMO-001,ZEN-RAW-S09:row:12042,ZEN-RAW-S09,SENSOR09,SENSOR09.CSV,row:12042,2024-09-10T06:43:20,LEG-01,REAL_PUBLIC_DATA,DERIVED
CP-DEMO-001,BATCH-DEMO-001,SHIP-DEMO-001,ZEN-RAW-S09:row:12043,ZEN-RAW-S09,SENSOR09,SENSOR09.CSV,row:12043,2024-09-10T06:43:25,LEG-01,REAL_PUBLIC_DATA,DERIVED
CP-DEMO-001,BATCH-DEMO-001,SHIP-DEMO-001,ZEN-RAW-S09:row:12044,ZEN-RAW-S09,SENSOR09,SENSOR09.CSV,row:12044,2024-09-10T06:43:30,LEG-01,REAL_PUBLIC_DATA,DERIVED
CP-DEMO-001,BATCH-DEMO-001,SHIP-DEMO-001,ZEN-RAW-S09:row:12045,ZEN-RAW-S09,SENSOR09,SENSOR09.CSV,row:12045,2024-09-10T06:43:35,LEG-01,REAL_PUBLIC_DATA,DERIVED
CP-DEMO-001,BATCH-DEMO-001,SHIP-DEMO-001,ZEN-RAW-S09:row:12046,ZEN-RAW-S09,SENSOR09,SENSOR09.CSV,row:12046,2024-09-10T06:43:40,LEG-01,REAL_PUBLIC_DATA,DERIVED
CP-DEMO-001,BATCH-DEMO-001,SHIP-DEMO-001,ZEN-RAW-S09:row:12047,ZEN-RAW-S09,SENSOR09,SENSOR09.CSV,row:12047,2024-09-10T06:43:45,LEG-01,REAL_PUBLIC_DATA,DERIVED
CP-DEMO-001,BATCH-DEMO-001,SHIP-DEMO-001,ZEN-RAW-S09:row:12048,ZEN-RAW-S09,SENSOR09,SENSOR09.CSV,row:12048,2024-09-10T06:43:50,LEG-01,REAL_PUBLIC_DATA,DERIVED
CP-DEMO-001,BATCH-DEMO-001,SHIP-DEMO-001,ZEN-RAW-S09:row:12049,ZEN-RAW-S09,SENSOR09,SENSOR09.CSV,row:12049,2024-09-10T06:43:55,LEG-01,REAL_PUBLIC_DATA,DERIVED
CP-DEMO-001,BATCH-DEMO-001,SHIP-DEMO-001,ZEN-RAW-S09:row:12050,ZEN-RAW-S09,SENSOR09,SENSOR09.CSV,row:12050,2024-09-10T06:44:00,LEG-01,REAL_PUBLIC_DATA,DERIVED
CP-DEMO-001,BATCH-DEMO-001,SHIP-DEMO-001,ZEN-RAW-S09:row:12051,ZEN-RAW-S09,SENSOR09,SENSOR09.CSV,row:12051,2024-09-10T06:44:05,LEG-01,REAL_PUBLIC_DATA,DERIVED
CP-DEMO-001,BATCH-DEMO-001,SHIP-DEMO-001,ZEN-RAW-S09:row:12052,ZEN-RAW-S09,SENSOR09,SENSOR09.CSV,row:12052,2024-09-10T06:44:10,LEG-01,REAL_PUBLIC_DATA,DERIVED
CP-DEMO-001,BATCH-DEMO-001,SHIP-DEMO-001,ZEN-RAW-S09:row:12053,ZEN-RAW-S09,SENSOR09,SENSOR09.CSV,row:12053,2024-09-10T06:44:15,LEG-01,REAL_PUBLIC_DATA,DERIVED
CP-DEMO-001,BATCH-DEMO-001,SHIP-DEMO-001,ZEN-RAW-S09:row:12054,ZEN-RAW-S09,SENSOR09,SENSOR09.CSV,row:12054,2024-09-10T06:44:20,LEG-01,REAL_PUBLIC_DATA,DERIVED
CP-DEMO-001,BATCH-DEMO-001,SHIP-DEMO-001,ZEN-RAW-S09:row:12055,ZEN-RAW-S09,SENSOR09,SENSOR09.CSV,row:12055,2024-09-10T06:44:25,LEG-01,REAL_PUBLIC_DATA,DERIVED
CP-DEMO-001,BATCH-DEMO-001,SHIP-DEMO-001,ZEN-RAW-S09:row:12056,ZEN-RAW-S09,SENSOR09,SENSOR09.CSV,row:12056,2024-09-10T06:44:30,LEG-01,REAL_PUBLIC_DATA,DERIVED
CP-DEMO-001,BATCH-DEMO-001,SHIP-DEMO-001,ZEN-RAW-S09:row:12057,ZEN-RAW-S09,SENSOR09,SENSOR09.CSV,row:12057,2024-09-10T06:44:35,LEG-01,REAL_PUBLIC_DATA,DERIVED
CP-DEMO-001,BATCH-DEMO-001,SHIP-DEMO-001,ZEN-RAW-S09:row:12058,ZEN-RAW-S09,SENSOR09,SENSOR09.CSV,row:12058,2024-09-10T06:44:40,LEG-01,REAL_PUBLIC_DATA,DERIVED
CP-DEMO-001,BATCH-DEMO-001,SHIP-DEMO-001,ZEN-RAW-S09:row:12059,ZEN-RAW-S09,SENSOR09,SENSOR09.CSV,row:12059,2024-09-10T06:44:45,LEG-01,REAL_PUBLIC_DATA,DERIVED
CP-DEMO-001,BATCH-DEMO-001,SHIP-DEMO-001,ZEN-RAW-S09:row:12060,ZEN-RAW-S09,SENSOR09,SENSOR09.CSV,row:12060,2024-09-10T06:44:50,LEG-01,REAL_PUBLIC_DATA,DERIVED
CP-DEMO-001,BATCH-DEMO-001,SHIP-DEMO-001,ZEN-RAW-S09:row:12061,ZEN-RAW-S09,SENSOR09,SENSOR09.CSV,row:12061,2024-09-10T06:44:55,LEG-01,REAL_PUBLIC_DATA,DERIVED
CP-DEMO-001,BATCH-DEMO-001,SHIP-DEMO-001,ZEN-RAW-S09:row:12062,ZEN-RAW-S09,SENSOR09,SENSOR09.CSV,row:12062,2024-09-10T06:45:00,LEG-01,REAL_PUBLIC_DATA,DERIVED
CP-DEMO-001,BATCH-DEMO-001,SHIP-DEMO-001,ZEN-RAW-S09:row:12063,ZEN-RAW-S09,SENSOR09,SENSOR09.CSV,row:12063,2024-09-10T06:45:05,LEG-01,REAL_PUBLIC_DATA,DERIVED
CP-DEMO-001,BATCH-DEMO-001,SHIP-DEMO-001,ZEN-RAW-S09:row:12064,ZEN-RAW-S09,SENSOR09,SENSOR09.CSV,row:12064,2024-09-10T06:45:10,LEG-01,REAL_PUBLIC_DATA,DERIVED
CP-DEMO-001,BATCH-DEMO-001,SHIP-DEMO-001,ZEN-RAW-S09:row:12065,ZEN-RAW-S09,SENSOR09,SENSOR09.CSV,row:12065,2024-09-10T06:45:15,LEG-01,REAL_PUBLIC_DATA,DERIVED
CP-DEMO-001,BATCH-DEMO-001,SHIP-DEMO-001,ZEN-RAW-S09:row:12066,ZEN-RAW-S09,SENSOR09,SENSOR09.CSV,row:12066,2024-09-10T06:45:20,LEG-01,REAL_PUBLIC_DATA,DERIVED
CP-DEMO-001,BATCH-DEMO-001,SHIP-DEMO-001,ZEN-RAW-S09:row:12067,ZEN-RAW-S09,SENSOR09,SENSOR09.CSV,row:12067,2024-09-10T06:45:25,LEG-01,REAL_PUBLIC_DATA,DERIVED
CP-DEMO-001,BATCH-DEMO-001,SHIP-DEMO-001,ZEN-RAW-S09:row:12068,ZEN-RAW-S09,SENSOR09,SENSOR09.CSV,row:12068,2024-09-10T06:45:30,LEG-01,REAL_PUBLIC_DATA,DERIVED
CP-DEMO-001,BATCH-DEMO-001,SHIP-DEMO-001,ZEN-RAW-S09:row:12069,ZEN-RAW-S09,SENSOR09,SENSOR09.CSV,row:12069,2024-09-10T06:45:35,LEG-01,REAL_PUBLIC_DATA,DERIVED
CP-DEMO-001,BATCH-DEMO-001,SHIP-DEMO-001,ZEN-RAW-S09:row:12070,ZEN-RAW-S09,SENSOR09,SENSOR09.CSV,row:12070,2024-09-10T06:45:40,LEG-01,REAL_PUBLIC_DATA,DERIVED
CP-DEMO-001,BATCH-DEMO-001,SHIP-DEMO-001,ZEN-RAW-S09:row:12071,ZEN-RAW-S09,SENSOR09,SENSOR09.CSV,row:12071,2024-09-10T06:45:45,LEG-01,REAL_PUBLIC_DATA,DERIVED
CP-DEMO-001,BATCH-DEMO-001,SHIP-DEMO-001,ZEN-RAW-S09:row:12072,ZEN-RAW-S09,SENSOR09,SENSOR09.CSV,row:12072,2024-09-10T06:45:50,LEG-01,REAL_PUBLIC_DATA,DERIVED
CP-DEMO-001,BATCH-DEMO-001,SHIP-DEMO-001,ZEN-RAW-S09:row:12073,ZEN-RAW-S09,SENSOR09,SENSOR09.CSV,row:12073,2024-09-10T06:45:55,LEG-01,REAL_PUBLIC_DATA,DERIVED
CP-DEMO-001,BATCH-DEMO-001,SHIP-DEMO-001,ZEN-RAW-S09:row:12074,ZEN-RAW-S09,SENSOR09,SENSOR09.CSV,row:12074,2024-09-10T06:46:00,LEG-01,REAL_PUBLIC_DATA,DERIVED
CP-DEMO-001,BATCH-DEMO-001,SHIP-DEMO-001,ZEN-RAW-S09:row:12075,ZEN-RAW-S09,SENSOR09,SENSOR09.CSV,row:12075,2024-09-10T06:46:05,LEG-01,REAL_PUBLIC_DATA,DERIVED
CP-DEMO-001,BATCH-DEMO-001,SHIP-DEMO-001,ZEN-RAW-S09:row:12076,ZEN-RAW-S09,SENSOR09,SENSOR09.CSV,row:12076,2024-09-10T06:46:10,LEG-01,REAL_PUBLIC_DATA,DERIVED
CP-DEMO-001,BATCH-DEMO-001,SHIP-DEMO-001,ZEN-RAW-S09:row:12077,ZEN-RAW-S09,SENSOR09,SENSOR09.CSV,row:12077,2024-09-10T06:46:15,LEG-01,REAL_PUBLIC_DATA,DERIVED
CP-DEMO-001,BATCH-DEMO-001,SHIP-DEMO-001,ZEN-RAW-S09:row:12078,ZEN-RAW-S09,SENSOR09,SENSOR09.CSV,row:12078,2024-09-10T06:46:20,LEG-01,REAL_PUBLIC_DATA,DERIVED
CP-DEMO-001,BATCH-DEMO-001,SHIP-DEMO-001,ZEN-RAW-S09:row:12079,ZEN-RAW-S09,SENSOR09,SENSOR09.CSV,row:12079,2024-09-10T06:46:25,LEG-01,REAL_PUBLIC_DATA,DERIVED
CP-DEMO-001,BATCH-DEMO-001,SHIP-DEMO-001,ZEN-RAW-S09:row:12080,ZEN-RAW-S09,SENSOR09,SENSOR09.CSV,row:12080,2024-09-10T06:46:30,LEG-01,REAL_PUBLIC_DATA,DERIVED
CP-DEMO-001,BATCH-DEMO-001,SHIP-DEMO-001,ZEN-RAW-S09:row:12081,ZEN-RAW-S09,SENSOR09,SENSOR09.CSV,row:12081,2024-09-10T06:46:35,LEG-01,REAL_PUBLIC_DATA,DERIVED
CP-DEMO-001,BATCH-DEMO-001,SHIP-DEMO-001,ZEN-RAW-S09:row:12082,ZEN-RAW-S09,SENSOR09,SENSOR09.CSV,row:12082,2024-09-10T06:46:40,LEG-01,REAL_PUBLIC_DATA,DERIVED
CP-DEMO-001,BATCH-DEMO-001,SHIP-DEMO-001,ZEN-RAW-S09:row:12083,ZEN-RAW-S09,SENSOR09,SENSOR09.CSV,row:12083,2024-09-10T06:46:45,LEG-01,REAL_PUBLIC_DATA,DERIVED
CP-DEMO-001,BATCH-DEMO-001,SHIP-DEMO-001,ZEN-RAW-S09:row:12084,ZEN-RAW-S09,SENSOR09,SENSOR09.CSV,row:12084,2024-09-10T06:46:50,LEG-01,REAL_PUBLIC_DATA,DERIVED
CP-DEMO-001,BATCH-DEMO-001,SHIP-DEMO-001,ZEN-RAW-S09:row:12085,ZEN-RAW-S09,SENSOR09,SENSOR09.CSV,row:12085,2024-09-10T06:46:55,LEG-01,REAL_PUBLIC_DATA,DERIVED
CP-DEMO-001,BATCH-DEMO-001,SHIP-DEMO-001,ZEN-RAW-S09:row:12086,ZEN-RAW-S09,SENSOR09,SENSOR09.CSV,row:12086,2024-09-10T06:47:00,LEG-01,REAL_PUBLIC_DATA,DERIVED
CP-DEMO-001,BATCH-DEMO-001,SHIP-DEMO-001,ZEN-RAW-S09:row:12087,ZEN-RAW-S09,SENSOR09,SENSOR09.CSV,row:12087,2024-09-10T06:47:05,LEG-01,REAL_PUBLIC_DATA,DERIVED
CP-DEMO-001,BATCH-DEMO-001,SHIP-DEMO-001,ZEN-RAW-S09:row:12088,ZEN-RAW-S09,SENSOR09,SENSOR09.CSV,row:12088,2024-09-10T06:47:10,LEG-01,REAL_PUBLIC_DATA,DERIVED
CP-DEMO-001,BATCH-DEMO-001,SHIP-DEMO-001,ZEN-RAW-S09:row:12089,ZEN-RAW-S09,SENSOR09,SENSOR09.CSV,row:12089,2024-09-10T06:47:15,LEG-01,REAL_PUBLIC_DATA,DERIVED
CP-DEMO-001,BATCH-DEMO-001,SHIP-DEMO-001,ZEN-RAW-S09:row:12090,ZEN-RAW-S09,SENSOR09,SENSOR09.CSV,row:12090,2024-09-10T06:47:20,LEG-01,REAL_PUBLIC_DATA,DERIVED
CP-DEMO-001,BATCH-DEMO-001,SHIP-DEMO-001,ZEN-RAW-S09:row:12091,ZEN-RAW-S09,SENSOR09,SENSOR09.CSV,row:12091,2024-09-10T06:47:25,LEG-01,REAL_PUBLIC_DATA,DERIVED
CP-DEMO-001,BATCH-DEMO-001,SHIP-DEMO-001,ZEN-RAW-S09:row:12092,ZEN-RAW-S09,SENSOR09,SENSOR09.CSV,row:12092,2024-09-10T06:47:30,LEG-01,REAL_PUBLIC_DATA,DERIVED
CP-DEMO-001,BATCH-DEMO-001,SHIP-DEMO-001,ZEN-RAW-S09:row:12093,ZEN-RAW-S09,SENSOR09,SENSOR09.CSV,row:12093,2024-09-10T06:47:35,LEG-01,REAL_PUBLIC_DATA,DERIVED
CP-DEMO-001,BATCH-DEMO-001,SHIP-DEMO-001,ZEN-RAW-S09:row:12094,ZEN-RAW-S09,SENSOR09,SENSOR09.CSV,row:12094,2024-09-10T06:47:40,LEG-01,REAL_PUBLIC_DATA,DERIVED
CP-DEMO-001,BATCH-DEMO-001,SHIP-DEMO-001,ZEN-RAW-S09:row:12095,ZEN-RAW-S09,SENSOR09,SENSOR09.CSV,row:12095,2024-09-10T06:47:45,LEG-01,REAL_PUBLIC_DATA,DERIVED
CP-DEMO-001,BATCH-DEMO-001,SHIP-DEMO-001,ZEN-RAW-S09:row:12096,ZEN-RAW-S09,SENSOR09,SENSOR09.CSV,row:12096,2024-09-10T06:47:50,LEG-01,REAL_PUBLIC_DATA,DERIVED
CP-DEMO-001,BATCH-DEMO-001,SHIP-DEMO-001,ZEN-RAW-S09:row:12097,ZEN-RAW-S09,SENSOR09,SENSOR09.CSV,row:12097,2024-09-10T06:47:55,LEG-01,REAL_PUBLIC_DATA,DERIVED
CP-DEMO-001,BATCH-DEMO-001,SHIP-DEMO-001,ZEN-RAW-S09:row:12098,ZEN-RAW-S09,SENSOR09,SENSOR09.CSV,row:12098,2024-09-10T06:48:00,LEG-01,REAL_PUBLIC_DATA,DERIVED
CP-DEMO-001,BATCH-DEMO-001,SHIP-DEMO-001,ZEN-RAW-S09:row:12099,ZEN-RAW-S09,SENSOR09,SENSOR09.CSV,row:12099,2024-09-10T06:48:05,LEG-01,REAL_PUBLIC_DATA,DERIVED
CP-DEMO-001,BATCH-DEMO-001,SHIP-DEMO-001,ZEN-RAW-S09:row:12100,ZEN-RAW-S09,SENSOR09,SENSOR09.CSV,row:12100,2024-09-10T06:48:10,LEG-01,REAL_PUBLIC_DATA,DERIVED
CP-DEMO-001,BATCH-DEMO-001,SHIP-DEMO-001,ZEN-RAW-S09:row:12101,ZEN-RAW-S09,SENSOR09,SENSOR09.CSV,row:12101,2024-09-10T06:48:15,LEG-01,REAL_PUBLIC_DATA,DERIVED
CP-DEMO-001,BATCH-DEMO-001,SHIP-DEMO-001,ZEN-RAW-S09:row:12102,ZEN-RAW-S09,SENSOR09,SENSOR09.CSV,row:12102,2024-09-10T06:48:20,LEG-01,REAL_PUBLIC_DATA,DERIVED
CP-DEMO-001,BATCH-DEMO-001,SHIP-DEMO-001,ZEN-RAW-S09:row:12103,ZEN-RAW-S09,SENSOR09,SENSOR09.CSV,row:12103,2024-09-10T06:48:25,LEG-01,REAL_PUBLIC_DATA,DERIVED
CP-DEMO-001,BATCH-DEMO-001,SHIP-DEMO-001,ZEN-RAW-S09:row:12104,ZEN-RAW-S09,SENSOR09,SENSOR09.CSV,row:12104,2024-09-10T06:48:30,LEG-01,REAL_PUBLIC_DATA,DERIVED
CP-DEMO-001,BATCH-DEMO-001,SHIP-DEMO-001,ZEN-RAW-S09:row:12105,ZEN-RAW-S09,SENSOR09,SENSOR09.CSV,row:12105,2024-09-10T06:48:35,LEG-01,REAL_PUBLIC_DATA,DERIVED
CP-DEMO-001,BATCH-DEMO-001,SHIP-DEMO-001,ZEN-RAW-S09:row:12106,ZEN-RAW-S09,SENSOR09,SENSOR09.CSV,row:12106,2024-09-10T06:48:40,LEG-01,REAL_PUBLIC_DATA,DERIVED
CP-DEMO-001,BATCH-DEMO-001,SHIP-DEMO-001,ZEN-RAW-S09:row:12107,ZEN-RAW-S09,SENSOR09,SENSOR09.CSV,row:12107,2024-09-10T06:48:45,LEG-01,REAL_PUBLIC_DATA,DERIVED
CP-DEMO-001,BATCH-DEMO-001,SHIP-DEMO-001,ZEN-RAW-S09:row:12108,ZEN-RAW-S09,SENSOR09,SENSOR09.CSV,row:12108,2024-09-10T06:48:50,LEG-01,REAL_PUBLIC_DATA,DERIVED
CP-DEMO-001,BATCH-DEMO-001,SHIP-DEMO-001,ZEN-RAW-S09:row:12109,ZEN-RAW-S09,SENSOR09,SENSOR09.CSV,row:12109,2024-09-10T06:48:55,LEG-01,REAL_PUBLIC_DATA,DERIVED
CP-DEMO-001,BATCH-DEMO-001,SHIP-DEMO-001,ZEN-RAW-S09:row:12110,ZEN-RAW-S09,SENSOR09,SENSOR09.CSV,row:12110,2024-09-10T06:49:00,LEG-01,REAL_PUBLIC_DATA,DERIVED
CP-DEMO-001,BATCH-DEMO-001,SHIP-DEMO-001,ZEN-RAW-S09:row:12111,ZEN-RAW-S09,SENSOR09,SENSOR09.CSV,row:12111,2024-09-10T06:49:05,LEG-01,REAL_PUBLIC_DATA,DERIVED
CP-DEMO-001,BATCH-DEMO-001,SHIP-DEMO-001,ZEN-RAW-S09:row:12112,ZEN-RAW-S09,SENSOR09,SENSOR09.CSV,row:12112,2024-09-10T06:49:10,LEG-01,REAL_PUBLIC_DATA,DERIVED
CP-DEMO-001,BATCH-DEMO-001,SHIP-DEMO-001,ZEN-RAW-S09:row:12113,ZEN-RAW-S09,SENSOR09,SENSOR09.CSV,row:12113,2024-09-10T06:49:15,LEG-01,REAL_PUBLIC_DATA,DERIVED
CP-DEMO-001,BATCH-DEMO-001,SHIP-DEMO-001,ZEN-RAW-S09:row:12114,ZEN-RAW-S09,SENSOR09,SENSOR09.CSV,row:12114,2024-09-10T06:49:20,LEG-01,REAL_PUBLIC_DATA,DERIVED
CP-DEMO-001,BATCH-DEMO-001,SHIP-DEMO-001,ZEN-RAW-S09:row:12115,ZEN-RAW-S09,SENSOR09,SENSOR09.CSV,row:12115,2024-09-10T06:49:25,LEG-01,REAL_PUBLIC_DATA,DERIVED
CP-DEMO-001,BATCH-DEMO-001,SHIP-DEMO-001,ZEN-RAW-S09:row:12116,ZEN-RAW-S09,SENSOR09,SENSOR09.CSV,row:12116,2024-09-10T06:49:30,LEG-01,REAL_PUBLIC_DATA,DERIVED
CP-DEMO-001,BATCH-DEMO-001,SHIP-DEMO-001,ZEN-RAW-S09:row:12117,ZEN-RAW-S09,SENSOR09,SENSOR09.CSV,row:12117,2024-09-10T06:49:35,LEG-01,REAL_PUBLIC_DATA,DERIVED
CP-DEMO-001,BATCH-DEMO-001,SHIP-DEMO-001,ZEN-RAW-S09:row:12118,ZEN-RAW-S09,SENSOR09,SENSOR09.CSV,row:12118,2024-09-10T06:49:40,LEG-01,REAL_PUBLIC_DATA,DERIVED
CP-DEMO-001,BATCH-DEMO-001,SHIP-DEMO-001,ZEN-RAW-S09:row:12119,ZEN-RAW-S09,SENSOR09,SENSOR09.CSV,row:12119,2024-09-10T06:49:45,LEG-01,REAL_PUBLIC_DATA,DERIVED
CP-DEMO-001,BATCH-DEMO-001,SHIP-DEMO-001,ZEN-RAW-S09:row:12120,ZEN-RAW-S09,SENSOR09,SENSOR09.CSV,row:12120,2024-09-10T06:49:50,LEG-01,REAL_PUBLIC_DATA,DERIVED
CP-DEMO-001,BATCH-DEMO-001,SHIP-DEMO-001,ZEN-RAW-S09:row:12121,ZEN-RAW-S09,SENSOR09,SENSOR09.CSV,row:12121,2024-09-10T06:49:55,LEG-01,REAL_PUBLIC_DATA,DERIVED
CP-DEMO-001,BATCH-DEMO-001,SHIP-DEMO-001,ZEN-RAW-S09:row:12122,ZEN-RAW-S09,SENSOR09,SENSOR09.CSV,row:12122,2024-09-10T06:50:00,LEG-01,REAL_PUBLIC_DATA,DERIVED
CP-DEMO-001,BATCH-DEMO-001,SHIP-DEMO-001,ZEN-RAW-S09:row:12123,ZEN-RAW-S09,SENSOR09,SENSOR09.CSV,row:12123,2024-09-10T06:50:05,LEG-01,REAL_PUBLIC_DATA,DERIVED
CP-DEMO-001,BATCH-DEMO-001,SHIP-DEMO-001,ZEN-RAW-S09:row:12124,ZEN-RAW-S09,SENSOR09,SENSOR09.CSV,row:12124,2024-09-10T06:50:10,LEG-01,REAL_PUBLIC_DATA,DERIVED
CP-DEMO-001,BATCH-DEMO-001,SHIP-DEMO-001,ZEN-RAW-S09:row:12125,ZEN-RAW-S09,SENSOR09,SENSOR09.CSV,row:12125,2024-09-10T06:50:15,LEG-01,REAL_PUBLIC_DATA,DERIVED
CP-DEMO-001,BATCH-DEMO-001,SHIP-DEMO-001,ZEN-RAW-S09:row:12126,ZEN-RAW-S09,SENSOR09,SENSOR09.CSV,row:12126,2024-09-10T06:50:20,LEG-01,REAL_PUBLIC_DATA,DERIVED
CP-DEMO-001,BATCH-DEMO-001,SHIP-DEMO-001,ZEN-RAW-S09:row:12127,ZEN-RAW-S09,SENSOR09,SENSOR09.CSV,row:12127,2024-09-10T06:50:25,LEG-01,REAL_PUBLIC_DATA,DERIVED
CP-DEMO-001,BATCH-DEMO-001,SHIP-DEMO-001,ZEN-RAW-S09:row:12128,ZEN-RAW-S09,SENSOR09,SENSOR09.CSV,row:12128,2024-09-10T06:50:30,LEG-01,REAL_PUBLIC_DATA,DERIVED
CP-DEMO-001,BATCH-DEMO-001,SHIP-DEMO-001,ZEN-RAW-S09:row:12129,ZEN-RAW-S09,SENSOR09,SENSOR09.CSV,row:12129,2024-09-10T06:50:35,LEG-01,REAL_PUBLIC_DATA,DERIVED
CP-DEMO-001,BATCH-DEMO-001,SHIP-DEMO-001,ZEN-RAW-S09:row:12130,ZEN-RAW-S09,SENSOR09,SENSOR09.CSV,row:12130,2024-09-10T06:50:40,LEG-01,REAL_PUBLIC_DATA,DERIVED
CP-DEMO-001,BATCH-DEMO-001,SHIP-DEMO-001,ZEN-RAW-S09:row:12131,ZEN-RAW-S09,SENSOR09,SENSOR09.CSV,row:12131,2024-09-10T06:50:45,LEG-01,REAL_PUBLIC_DATA,DERIVED
CP-DEMO-001,BATCH-DEMO-001,SHIP-DEMO-001,ZEN-RAW-S09:row:12132,ZEN-RAW-S09,SENSOR09,SENSOR09.CSV,row:12132,2024-09-10T06:50:50,LEG-01,REAL_PUBLIC_DATA,DERIVED
CP-DEMO-001,BATCH-DEMO-001,SHIP-DEMO-001,ZEN-RAW-S09:row:12133,ZEN-RAW-S09,SENSOR09,SENSOR09.CSV,row:12133,2024-09-10T06:50:55,LEG-01,REAL_PUBLIC_DATA,DERIVED
CP-DEMO-001,BATCH-DEMO-001,SHIP-DEMO-001,ZEN-RAW-S09:row:12134,ZEN-RAW-S09,SENSOR09,SENSOR09.CSV,row:12134,2024-09-10T06:51:00,LEG-01,REAL_PUBLIC_DATA,DERIVED
CP-DEMO-001,BATCH-DEMO-001,SHIP-DEMO-001,ZEN-RAW-S09:row:12135,ZEN-RAW-S09,SENSOR09,SENSOR09.CSV,row:12135,2024-09-10T06:51:05,LEG-01,REAL_PUBLIC_DATA,DERIVED
CP-DEMO-001,BATCH-DEMO-001,SHIP-DEMO-001,ZEN-RAW-S09:row:12136,ZEN-RAW-S09,SENSOR09,SENSOR09.CSV,row:12136,2024-09-10T06:51:10,LEG-01,REAL_PUBLIC_DATA,DERIVED
CP-DEMO-001,BATCH-DEMO-001,SHIP-DEMO-001,ZEN-RAW-S09:row:12137,ZEN-RAW-S09,SENSOR09,SENSOR09.CSV,row:12137,2024-09-10T06:51:15,LEG-01,REAL_PUBLIC_DATA,DERIVED
CP-DEMO-001,BATCH-DEMO-001,SHIP-DEMO-001,ZEN-RAW-S09:row:12138,ZEN-RAW-S09,SENSOR09,SENSOR09.CSV,row:12138,2024-09-10T06:51:20,LEG-01,REAL_PUBLIC_DATA,DERIVED
CP-DEMO-001,BATCH-DEMO-001,SHIP-DEMO-001,ZEN-RAW-S09:row:12139,ZEN-RAW-S09,SENSOR09,SENSOR09.CSV,row:12139,2024-09-10T06:51:25,LEG-01,REAL_PUBLIC_DATA,DERIVED
CP-DEMO-001,BATCH-DEMO-001,SHIP-DEMO-001,ZEN-RAW-S09:row:12140,ZEN-RAW-S09,SENSOR09,SENSOR09.CSV,row:12140,2024-09-10T06:51:30,LEG-01,REAL_PUBLIC_DATA,DERIVED
CP-DEMO-001,BATCH-DEMO-001,SHIP-DEMO-001,ZEN-RAW-S09:row:12141,ZEN-RAW-S09,SENSOR09,SENSOR09.CSV,row:12141,2024-09-10T06:51:35,LEG-01,REAL_PUBLIC_DATA,DERIVED
CP-DEMO-001,BATCH-DEMO-001,SHIP-DEMO-001,ZEN-RAW-S09:row:12142,ZEN-RAW-S09,SENSOR09,SENSOR09.CSV,row:12142,2024-09-10T06:51:40,LEG-01,REAL_PUBLIC_DATA,DERIVED
CP-DEMO-001,BATCH-DEMO-001,SHIP-DEMO-001,ZEN-RAW-S09:row:12143,ZEN-RAW-S09,SENSOR09,SENSOR09.CSV,row:12143,2024-09-10T06:51:45,LEG-01,REAL_PUBLIC_DATA,DERIVED
CP-DEMO-001,BATCH-DEMO-001,SHIP-DEMO-001,ZEN-RAW-S09:row:12144,ZEN-RAW-S09,SENSOR09,SENSOR09.CSV,row:12144,2024-09-10T06:51:50,LEG-01,REAL_PUBLIC_DATA,DERIVED
CP-DEMO-001,BATCH-DEMO-001,SHIP-DEMO-001,ZEN-RAW-S09:row:12145,ZEN-RAW-S09,SENSOR09,SENSOR09.CSV,row:12145,2024-09-10T06:51:55,LEG-01,REAL_PUBLIC_DATA,DERIVED
CP-DEMO-001,BATCH-DEMO-001,SHIP-DEMO-001,ZEN-RAW-S09:row:12146,ZEN-RAW-S09,SENSOR09,SENSOR09.CSV,row:12146,2024-09-10T06:52:00,LEG-01,REAL_PUBLIC_DATA,DERIVED
CP-DEMO-001,BATCH-DEMO-001,SHIP-DEMO-001,ZEN-RAW-S09:row:12147,ZEN-RAW-S09,SENSOR09,SENSOR09.CSV,row:12147,2024-09-10T06:52:05,LEG-01,REAL_PUBLIC_DATA,DERIVED
CP-DEMO-001,BATCH-DEMO-001,SHIP-DEMO-001,ZEN-RAW-S09:row:12148,ZEN-RAW-S09,SENSOR09,SENSOR09.CSV,row:12148,2024-09-10T06:52:10,LEG-01,REAL_PUBLIC_DATA,DERIVED
CP-DEMO-001,BATCH-DEMO-001,SHIP-DEMO-001,ZEN-RAW-S09:row:12149,ZEN-RAW-S09,SENSOR09,SENSOR09.CSV,row:12149,2024-09-10T06:52:15,LEG-01,REAL_PUBLIC_DATA,DERIVED
CP-DEMO-001,BATCH-DEMO-001,SHIP-DEMO-001,ZEN-RAW-S09:row:12150,ZEN-RAW-S09,SENSOR09,SENSOR09.CSV,row:12150,2024-09-10T06:52:20,LEG-01,REAL_PUBLIC_DATA,DERIVED
CP-DEMO-001,BATCH-DEMO-001,SHIP-DEMO-001,ZEN-RAW-S09:row:12151,ZEN-RAW-S09,SENSOR09,SENSOR09.CSV,row:12151,2024-09-10T06:52:25,LEG-01,REAL_PUBLIC_DATA,DERIVED
CP-DEMO-001,BATCH-DEMO-001,SHIP-DEMO-001,ZEN-RAW-S09:row:12152,ZEN-RAW-S09,SENSOR09,SENSOR09.CSV,row:12152,2024-09-10T06:52:30,LEG-01,REAL_PUBLIC_DATA,DERIVED
CP-DEMO-001,BATCH-DEMO-001,SHIP-DEMO-001,ZEN-RAW-S09:row:12153,ZEN-RAW-S09,SENSOR09,SENSOR09.CSV,row:12153,2024-09-10T06:52:35,LEG-01,REAL_PUBLIC_DATA,DERIVED
CP-DEMO-001,BATCH-DEMO-001,SHIP-DEMO-001,ZEN-RAW-S09:row:12154,ZEN-RAW-S09,SENSOR09,SENSOR09.CSV,row:12154,2024-09-10T06:52:40,LEG-01,REAL_PUBLIC_DATA,DERIVED
CP-DEMO-001,BATCH-DEMO-001,SHIP-DEMO-001,ZEN-RAW-S09:row:12155,ZEN-RAW-S09,SENSOR09,SENSOR09.CSV,row:12155,2024-09-10T06:52:45,LEG-01,REAL_PUBLIC_DATA,DERIVED
CP-DEMO-001,BATCH-DEMO-001,SHIP-DEMO-001,ZEN-RAW-S09:row:12156,ZEN-RAW-S09,SENSOR09,SENSOR09.CSV,row:12156,2024-09-10T06:52:50,LEG-01,REAL_PUBLIC_DATA,DERIVED
CP-DEMO-001,BATCH-DEMO-001,SHIP-DEMO-001,ZEN-RAW-S09:row:12157,ZEN-RAW-S09,SENSOR09,SENSOR09.CSV,row:12157,2024-09-10T06:52:55,LEG-01,REAL_PUBLIC_DATA,DERIVED
CP-DEMO-001,BATCH-DEMO-001,SHIP-DEMO-001,ZEN-RAW-S09:row:12158,ZEN-RAW-S09,SENSOR09,SENSOR09.CSV,row:12158,2024-09-10T06:53:00,LEG-01,REAL_PUBLIC_DATA,DERIVED
CP-DEMO-001,BATCH-DEMO-001,SHIP-DEMO-001,ZEN-RAW-S09:row:12159,ZEN-RAW-S09,SENSOR09,SENSOR09.CSV,row:12159,2024-09-10T06:53:05,LEG-01,REAL_PUBLIC_DATA,DERIVED
CP-DEMO-001,BATCH-DEMO-001,SHIP-DEMO-001,ZEN-RAW-S09:row:12160,ZEN-RAW-S09,SENSOR09,SENSOR09.CSV,row:12160,2024-09-10T06:53:10,LEG-01,REAL_PUBLIC_DATA,DERIVED
CP-DEMO-001,BATCH-DEMO-001,SHIP-DEMO-001,ZEN-RAW-S09:row:12161,ZEN-RAW-S09,SENSOR09,SENSOR09.CSV,row:12161,2024-09-10T06:53:15,LEG-01,REAL_PUBLIC_DATA,DERIVED
CP-DEMO-001,BATCH-DEMO-001,SHIP-DEMO-001,ZEN-RAW-S09:row:12162,ZEN-RAW-S09,SENSOR09,SENSOR09.CSV,row:12162,2024-09-10T06:53:20,LEG-01,REAL_PUBLIC_DATA,DERIVED
CP-DEMO-001,BATCH-DEMO-001,SHIP-DEMO-001,ZEN-RAW-S09:row:12163,ZEN-RAW-S09,SENSOR09,SENSOR09.CSV,row:12163,2024-09-10T06:53:25,LEG-01,REAL_PUBLIC_DATA,DERIVED
CP-DEMO-001,BATCH-DEMO-001,SHIP-DEMO-001,ZEN-RAW-S09:row:12164,ZEN-RAW-S09,SENSOR09,SENSOR09.CSV,row:12164,2024-09-10T06:53:30,LEG-01,REAL_PUBLIC_DATA,DERIVED
CP-DEMO-001,BATCH-DEMO-001,SHIP-DEMO-001,ZEN-RAW-S09:row:12165,ZEN-RAW-S09,SENSOR09,SENSOR09.CSV,row:12165,2024-09-10T06:53:35,LEG-01,REAL_PUBLIC_DATA,DERIVED
CP-DEMO-001,BATCH-DEMO-001,SHIP-DEMO-001,ZEN-RAW-S09:row:12166,ZEN-RAW-S09,SENSOR09,SENSOR09.CSV,row:12166,2024-09-10T06:53:40,LEG-01,REAL_PUBLIC_DATA,DERIVED
CP-DEMO-001,BATCH-DEMO-001,SHIP-DEMO-001,ZEN-RAW-S09:row:12167,ZEN-RAW-S09,SENSOR09,SENSOR09.CSV,row:12167,2024-09-10T06:53:45,LEG-01,REAL_PUBLIC_DATA,DERIVED
CP-DEMO-001,BATCH-DEMO-001,SHIP-DEMO-001,ZEN-RAW-S09:row:12168,ZEN-RAW-S09,SENSOR09,SENSOR09.CSV,row:12168,2024-09-10T06:53:50,LEG-01,REAL_PUBLIC_DATA,DERIVED
CP-DEMO-001,BATCH-DEMO-001,SHIP-DEMO-001,ZEN-RAW-S09:row:12169,ZEN-RAW-S09,SENSOR09,SENSOR09.CSV,row:12169,2024-09-10T06:53:55,LEG-01,REAL_PUBLIC_DATA,DERIVED
CP-DEMO-001,BATCH-DEMO-001,SHIP-DEMO-001,ZEN-RAW-S09:row:12170,ZEN-RAW-S09,SENSOR09,SENSOR09.CSV,row:12170,2024-09-10T06:54:00,LEG-01,REAL_PUBLIC_DATA,DERIVED
CP-DEMO-001,BATCH-DEMO-001,SHIP-DEMO-001,ZEN-RAW-S09:row:12171,ZEN-RAW-S09,SENSOR09,SENSOR09.CSV,row:12171,2024-09-10T06:54:05,LEG-01,REAL_PUBLIC_DATA,DERIVED
CP-DEMO-001,BATCH-DEMO-001,SHIP-DEMO-001,ZEN-RAW-S09:row:12172,ZEN-RAW-S09,SENSOR09,SENSOR09.CSV,row:12172,2024-09-10T06:54:10,LEG-01,REAL_PUBLIC_DATA,DERIVED
CP-DEMO-001,BATCH-DEMO-001,SHIP-DEMO-001,ZEN-RAW-S09:row:12173,ZEN-RAW-S09,SENSOR09,SENSOR09.CSV,row:12173,2024-09-10T06:54:15,LEG-01,REAL_PUBLIC_DATA,DERIVED
CP-DEMO-001,BATCH-DEMO-001,SHIP-DEMO-001,ZEN-RAW-S09:row:12174,ZEN-RAW-S09,SENSOR09,SENSOR09.CSV,row:12174,2024-09-10T06:54:20,LEG-01,REAL_PUBLIC_DATA,DERIVED
CP-DEMO-001,BATCH-DEMO-001,SHIP-DEMO-001,ZEN-RAW-S09:row:12175,ZEN-RAW-S09,SENSOR09,SENSOR09.CSV,row:12175,2024-09-10T06:54:25,LEG-01,REAL_PUBLIC_DATA,DERIVED
CP-DEMO-001,BATCH-DEMO-001,SHIP-DEMO-001,ZEN-RAW-S09:row:12176,ZEN-RAW-S09,SENSOR09,SENSOR09.CSV,row:12176,2024-09-10T06:54:30,LEG-01,REAL_PUBLIC_DATA,DERIVED
CP-DEMO-001,BATCH-DEMO-001,SHIP-DEMO-001,ZEN-RAW-S09:row:12177,ZEN-RAW-S09,SENSOR09,SENSOR09.CSV,row:12177,2024-09-10T06:54:35,LEG-01,REAL_PUBLIC_DATA,DERIVED
CP-DEMO-001,BATCH-DEMO-001,SHIP-DEMO-001,ZEN-RAW-S09:row:12178,ZEN-RAW-S09,SENSOR09,SENSOR09.CSV,row:12178,2024-09-10T06:54:40,LEG-01,REAL_PUBLIC_DATA,DERIVED
CP-DEMO-001,BATCH-DEMO-001,SHIP-DEMO-001,ZEN-RAW-S09:row:12179,ZEN-RAW-S09,SENSOR09,SENSOR09.CSV,row:12179,2024-09-10T06:54:45,LEG-01,REAL_PUBLIC_DATA,DERIVED
CP-DEMO-001,BATCH-DEMO-001,SHIP-DEMO-001,ZEN-RAW-S09:row:12180,ZEN-RAW-S09,SENSOR09,SENSOR09.CSV,row:12180,2024-09-10T06:54:50,LEG-01,REAL_PUBLIC_DATA,DERIVED
CP-DEMO-001,BATCH-DEMO-001,SHIP-DEMO-001,ZEN-RAW-S09:row:12181,ZEN-RAW-S09,SENSOR09,SENSOR09.CSV,row:12181,2024-09-10T06:54:55,LEG-01,REAL_PUBLIC_DATA,DERIVED
CP-DEMO-001,BATCH-DEMO-001,SHIP-DEMO-001,ZEN-RAW-S09:row:12182,ZEN-RAW-S09,SENSOR09,SENSOR09.CSV,row:12182,2024-09-10T06:55:00,LEG-01,REAL_PUBLIC_DATA,DERIVED
CP-DEMO-001,BATCH-DEMO-001,SHIP-DEMO-001,ZEN-RAW-S09:row:12183,ZEN-RAW-S09,SENSOR09,SENSOR09.CSV,row:12183,2024-09-10T06:55:05,LEG-01,REAL_PUBLIC_DATA,DERIVED
CP-DEMO-001,BATCH-DEMO-001,SHIP-DEMO-001,ZEN-RAW-S09:row:12184,ZEN-RAW-S09,SENSOR09,SENSOR09.CSV,row:12184,2024-09-10T06:55:10,LEG-01,REAL_PUBLIC_DATA,DERIVED
CP-DEMO-001,BATCH-DEMO-001,SHIP-DEMO-001,ZEN-RAW-S09:row:12185,ZEN-RAW-S09,SENSOR09,SENSOR09.CSV,row:12185,2024-09-10T06:55:15,LEG-01,REAL_PUBLIC_DATA,DERIVED
CP-DEMO-001,BATCH-DEMO-001,SHIP-DEMO-001,ZEN-RAW-S09:row:12186,ZEN-RAW-S09,SENSOR09,SENSOR09.CSV,row:12186,2024-09-10T06:55:20,LEG-01,REAL_PUBLIC_DATA,DERIVED
CP-DEMO-001,BATCH-DEMO-001,SHIP-DEMO-001,ZEN-RAW-S09:row:12187,ZEN-RAW-S09,SENSOR09,SENSOR09.CSV,row:12187,2024-09-10T06:55:25,LEG-01,REAL_PUBLIC_DATA,DERIVED
CP-DEMO-001,BATCH-DEMO-001,SHIP-DEMO-001,ZEN-RAW-S09:row:12188,ZEN-RAW-S09,SENSOR09,SENSOR09.CSV,row:12188,2024-09-10T06:55:30,LEG-01,REAL_PUBLIC_DATA,DERIVED
CP-DEMO-001,BATCH-DEMO-001,SHIP-DEMO-001,ZEN-RAW-S09:row:12189,ZEN-RAW-S09,SENSOR09,SENSOR09.CSV,row:12189,2024-09-10T06:55:35,LEG-01,REAL_PUBLIC_DATA,DERIVED
CP-DEMO-001,BATCH-DEMO-001,SHIP-DEMO-001,ZEN-RAW-S09:row:12190,ZEN-RAW-S09,SENSOR09,SENSOR09.CSV,row:12190,2024-09-10T06:55:40,LEG-01,REAL_PUBLIC_DATA,DERIVED
CP-DEMO-001,BATCH-DEMO-001,SHIP-DEMO-001,ZEN-RAW-S09:row:12191,ZEN-RAW-S09,SENSOR09,SENSOR09.CSV,row:12191,2024-09-10T06:55:45,LEG-01,REAL_PUBLIC_DATA,DERIVED
CP-DEMO-001,BATCH-DEMO-001,SHIP-DEMO-001,ZEN-RAW-S09:row:12192,ZEN-RAW-S09,SENSOR09,SENSOR09.CSV,row:12192,2024-09-10T06:55:50,LEG-01,REAL_PUBLIC_DATA,DERIVED
CP-DEMO-001,BATCH-DEMO-001,SHIP-DEMO-001,ZEN-RAW-S09:row:12193,ZEN-RAW-S09,SENSOR09,SENSOR09.CSV,row:12193,2024-09-10T06:55:55,LEG-01,REAL_PUBLIC_DATA,DERIVED
CP-DEMO-001,BATCH-DEMO-001,SHIP-DEMO-001,ZEN-RAW-S09:row:12194,ZEN-RAW-S09,SENSOR09,SENSOR09.CSV,row:12194,2024-09-10T06:56:00,LEG-01,REAL_PUBLIC_DATA,DERIVED
CP-DEMO-001,BATCH-DEMO-001,SHIP-DEMO-001,ZEN-RAW-S09:row:12195,ZEN-RAW-S09,SENSOR09,SENSOR09.CSV,row:12195,2024-09-10T06:56:05,LEG-01,REAL_PUBLIC_DATA,DERIVED
CP-DEMO-001,BATCH-DEMO-001,SHIP-DEMO-001,ZEN-RAW-S09:row:12196,ZEN-RAW-S09,SENSOR09,SENSOR09.CSV,row:12196,2024-09-10T06:56:10,LEG-01,REAL_PUBLIC_DATA,DERIVED
CP-DEMO-001,BATCH-DEMO-001,SHIP-DEMO-001,ZEN-RAW-S09:row:12197,ZEN-RAW-S09,SENSOR09,SENSOR09.CSV,row:12197,2024-09-10T06:56:15,LEG-01,REAL_PUBLIC_DATA,DERIVED
CP-DEMO-001,BATCH-DEMO-001,SHIP-DEMO-001,ZEN-RAW-S09:row:12198,ZEN-RAW-S09,SENSOR09,SENSOR09.CSV,row:12198,2024-09-10T06:56:20,LEG-01,REAL_PUBLIC_DATA,DERIVED
CP-DEMO-001,BATCH-DEMO-001,SHIP-DEMO-001,ZEN-RAW-S09:row:12199,ZEN-RAW-S09,SENSOR09,SENSOR09.CSV,row:12199,2024-09-10T06:56:25,LEG-01,REAL_PUBLIC_DATA,DERIVED
CP-DEMO-001,BATCH-DEMO-001,SHIP-DEMO-001,ZEN-RAW-S09:row:12200,ZEN-RAW-S09,SENSOR09,SENSOR09.CSV,row:12200,2024-09-10T06:56:30,LEG-01,REAL_PUBLIC_DATA,DERIVED
CP-DEMO-001,BATCH-DEMO-001,SHIP-DEMO-001,ZEN-RAW-S09:row:12201,ZEN-RAW-S09,SENSOR09,SENSOR09.CSV,row:12201,2024-09-10T06:56:35,LEG-01,REAL_PUBLIC_DATA,DERIVED
CP-DEMO-001,BATCH-DEMO-001,SHIP-DEMO-001,ZEN-RAW-S09:row:12202,ZEN-RAW-S09,SENSOR09,SENSOR09.CSV,row:12202,2024-09-10T06:56:40,LEG-01,REAL_PUBLIC_DATA,DERIVED
CP-DEMO-001,BATCH-DEMO-001,SHIP-DEMO-001,ZEN-RAW-S09:row:12203,ZEN-RAW-S09,SENSOR09,SENSOR09.CSV,row:12203,2024-09-10T06:56:45,LEG-01,REAL_PUBLIC_DATA,DERIVED
CP-DEMO-001,BATCH-DEMO-001,SHIP-DEMO-001,ZEN-RAW-S09:row:12204,ZEN-RAW-S09,SENSOR09,SENSOR09.CSV,row:12204,2024-09-10T06:56:50,LEG-01,REAL_PUBLIC_DATA,DERIVED
CP-DEMO-001,BATCH-DEMO-001,SHIP-DEMO-001,ZEN-RAW-S09:row:12205,ZEN-RAW-S09,SENSOR09,SENSOR09.CSV,row:12205,2024-09-10T06:56:55,LEG-01,REAL_PUBLIC_DATA,DERIVED
CP-DEMO-001,BATCH-DEMO-001,SHIP-DEMO-001,ZEN-RAW-S09:row:12206,ZEN-RAW-S09,SENSOR09,SENSOR09.CSV,row:12206,2024-09-10T06:57:00,LEG-01,REAL_PUBLIC_DATA,DERIVED
CP-DEMO-001,BATCH-DEMO-001,SHIP-DEMO-001,ZEN-RAW-S09:row:12207,ZEN-RAW-S09,SENSOR09,SENSOR09.CSV,row:12207,2024-09-10T06:57:05,LEG-01,REAL_PUBLIC_DATA,DERIVED
CP-DEMO-001,BATCH-DEMO-001,SHIP-DEMO-001,ZEN-RAW-S09:row:12208,ZEN-RAW-S09,SENSOR09,SENSOR09.CSV,row:12208,2024-09-10T06:57:10,LEG-01,REAL_PUBLIC_DATA,DERIVED
CP-DEMO-001,BATCH-DEMO-001,SHIP-DEMO-001,ZEN-RAW-S09:row:12209,ZEN-RAW-S09,SENSOR09,SENSOR09.CSV,row:12209,2024-09-10T06:57:15,LEG-01,REAL_PUBLIC_DATA,DERIVED
CP-DEMO-001,BATCH-DEMO-001,SHIP-DEMO-001,ZEN-RAW-S09:row:12210,ZEN-RAW-S09,SENSOR09,SENSOR09.CSV,row:12210,2024-09-10T06:57:20,LEG-01,REAL_PUBLIC_DATA,DERIVED
CP-DEMO-001,BATCH-DEMO-001,SHIP-DEMO-001,ZEN-RAW-S09:row:12211,ZEN-RAW-S09,SENSOR09,SENSOR09.CSV,row:12211,2024-09-10T06:57:25,LEG-01,REAL_PUBLIC_DATA,DERIVED
CP-DEMO-001,BATCH-DEMO-001,SHIP-DEMO-001,ZEN-RAW-S09:row:12212,ZEN-RAW-S09,SENSOR09,SENSOR09.CSV,row:12212,2024-09-10T06:57:30,LEG-01,REAL_PUBLIC_DATA,DERIVED
CP-DEMO-001,BATCH-DEMO-001,SHIP-DEMO-001,ZEN-RAW-S09:row:12213,ZEN-RAW-S09,SENSOR09,SENSOR09.CSV,row:12213,2024-09-10T06:57:35,LEG-01,REAL_PUBLIC_DATA,DERIVED
CP-DEMO-001,BATCH-DEMO-001,SHIP-DEMO-001,ZEN-RAW-S09:row:12214,ZEN-RAW-S09,SENSOR09,SENSOR09.CSV,row:12214,2024-09-10T06:57:40,LEG-01,REAL_PUBLIC_DATA,DERIVED
CP-DEMO-001,BATCH-DEMO-001,SHIP-DEMO-001,ZEN-RAW-S09:row:12215,ZEN-RAW-S09,SENSOR09,SENSOR09.CSV,row:12215,2024-09-10T06:57:45,LEG-01,REAL_PUBLIC_DATA,DERIVED
CP-DEMO-001,BATCH-DEMO-001,SHIP-DEMO-001,ZEN-RAW-S09:row:12216,ZEN-RAW-S09,SENSOR09,SENSOR09.CSV,row:12216,2024-09-10T06:57:50,LEG-01,REAL_PUBLIC_DATA,DERIVED
CP-DEMO-001,BATCH-DEMO-001,SHIP-DEMO-001,ZEN-RAW-S09:row:12217,ZEN-RAW-S09,SENSOR09,SENSOR09.CSV,row:12217,2024-09-10T06:57:55,LEG-01,REAL_PUBLIC_DATA,DERIVED
CP-DEMO-001,BATCH-DEMO-001,SHIP-DEMO-001,ZEN-RAW-S09:row:12218,ZEN-RAW-S09,SENSOR09,SENSOR09.CSV,row:12218,2024-09-10T06:58:00,LEG-01,REAL_PUBLIC_DATA,DERIVED
CP-DEMO-001,BATCH-DEMO-001,SHIP-DEMO-001,ZEN-RAW-S09:row:12219,ZEN-RAW-S09,SENSOR09,SENSOR09.CSV,row:12219,2024-09-10T06:58:05,LEG-01,REAL_PUBLIC_DATA,DERIVED
CP-DEMO-001,BATCH-DEMO-001,SHIP-DEMO-001,ZEN-RAW-S09:row:12220,ZEN-RAW-S09,SENSOR09,SENSOR09.CSV,row:12220,2024-09-10T06:58:10,LEG-01,REAL_PUBLIC_DATA,DERIVED
CP-DEMO-001,BATCH-DEMO-001,SHIP-DEMO-001,ZEN-RAW-S09:row:12221,ZEN-RAW-S09,SENSOR09,SENSOR09.CSV,row:12221,2024-09-10T06:58:15,LEG-01,REAL_PUBLIC_DATA,DERIVED
CP-DEMO-001,BATCH-DEMO-001,SHIP-DEMO-001,ZEN-RAW-S09:row:12222,ZEN-RAW-S09,SENSOR09,SENSOR09.CSV,row:12222,2024-09-10T06:58:20,LEG-01,REAL_PUBLIC_DATA,DERIVED
CP-DEMO-001,BATCH-DEMO-001,SHIP-DEMO-001,ZEN-RAW-S09:row:12223,ZEN-RAW-S09,SENSOR09,SENSOR09.CSV,row:12223,2024-09-10T06:58:25,LEG-01,REAL_PUBLIC_DATA,DERIVED
CP-DEMO-001,BATCH-DEMO-001,SHIP-DEMO-001,ZEN-RAW-S09:row:12224,ZEN-RAW-S09,SENSOR09,SENSOR09.CSV,row:12224,2024-09-10T06:58:30,LEG-01,REAL_PUBLIC_DATA,DERIVED
CP-DEMO-001,BATCH-DEMO-001,SHIP-DEMO-001,ZEN-RAW-S09:row:12225,ZEN-RAW-S09,SENSOR09,SENSOR09.CSV,row:12225,2024-09-10T06:58:35,LEG-01,REAL_PUBLIC_DATA,DERIVED
CP-DEMO-001,BATCH-DEMO-001,SHIP-DEMO-001,ZEN-RAW-S09:row:12226,ZEN-RAW-S09,SENSOR09,SENSOR09.CSV,row:12226,2024-09-10T06:58:40,LEG-01,REAL_PUBLIC_DATA,DERIVED
CP-DEMO-001,BATCH-DEMO-001,SHIP-DEMO-001,ZEN-RAW-S09:row:12227,ZEN-RAW-S09,SENSOR09,SENSOR09.CSV,row:12227,2024-09-10T06:58:45,LEG-01,REAL_PUBLIC_DATA,DERIVED
CP-DEMO-001,BATCH-DEMO-001,SHIP-DEMO-001,ZEN-RAW-S09:row:12228,ZEN-RAW-S09,SENSOR09,SENSOR09.CSV,row:12228,2024-09-10T06:58:50,LEG-01,REAL_PUBLIC_DATA,DERIVED
CP-DEMO-001,BATCH-DEMO-001,SHIP-DEMO-001,ZEN-RAW-S09:row:12229,ZEN-RAW-S09,SENSOR09,SENSOR09.CSV,row:12229,2024-09-10T06:58:55,LEG-01,REAL_PUBLIC_DATA,DERIVED
CP-DEMO-001,BATCH-DEMO-001,SHIP-DEMO-001,ZEN-RAW-S09:row:12230,ZEN-RAW-S09,SENSOR09,SENSOR09.CSV,row:12230,2024-09-10T06:59:00,LEG-01,REAL_PUBLIC_DATA,DERIVED
CP-DEMO-001,BATCH-DEMO-001,SHIP-DEMO-001,ZEN-RAW-S09:row:12231,ZEN-RAW-S09,SENSOR09,SENSOR09.CSV,row:12231,2024-09-10T06:59:05,LEG-01,REAL_PUBLIC_DATA,DERIVED
CP-DEMO-001,BATCH-DEMO-001,SHIP-DEMO-001,ZEN-RAW-S09:row:12232,ZEN-RAW-S09,SENSOR09,SENSOR09.CSV,row:12232,2024-09-10T06:59:10,LEG-01,REAL_PUBLIC_DATA,DERIVED
CP-DEMO-001,BATCH-DEMO-001,SHIP-DEMO-001,ZEN-RAW-S09:row:12233,ZEN-RAW-S09,SENSOR09,SENSOR09.CSV,row:12233,2024-09-10T06:59:15,LEG-01,REAL_PUBLIC_DATA,DERIVED
CP-DEMO-001,BATCH-DEMO-001,SHIP-DEMO-001,ZEN-RAW-S09:row:12234,ZEN-RAW-S09,SENSOR09,SENSOR09.CSV,row:12234,2024-09-10T06:59:20,LEG-01,REAL_PUBLIC_DATA,DERIVED
CP-DEMO-001,BATCH-DEMO-001,SHIP-DEMO-001,ZEN-RAW-S09:row:12235,ZEN-RAW-S09,SENSOR09,SENSOR09.CSV,row:12235,2024-09-10T06:59:25,LEG-01,REAL_PUBLIC_DATA,DERIVED
CP-DEMO-001,BATCH-DEMO-001,SHIP-DEMO-001,ZEN-RAW-S09:row:12236,ZEN-RAW-S09,SENSOR09,SENSOR09.CSV,row:12236,2024-09-10T06:59:30,LEG-01,REAL_PUBLIC_DATA,DERIVED
CP-DEMO-001,BATCH-DEMO-001,SHIP-DEMO-001,ZEN-RAW-S09:row:12237,ZEN-RAW-S09,SENSOR09,SENSOR09.CSV,row:12237,2024-09-10T06:59:35,LEG-01,REAL_PUBLIC_DATA,DERIVED
CP-DEMO-001,BATCH-DEMO-001,SHIP-DEMO-001,ZEN-RAW-S09:row:12238,ZEN-RAW-S09,SENSOR09,SENSOR09.CSV,row:12238,2024-09-10T06:59:40,LEG-01,REAL_PUBLIC_DATA,DERIVED
CP-DEMO-001,BATCH-DEMO-001,SHIP-DEMO-001,ZEN-RAW-S09:row:12239,ZEN-RAW-S09,SENSOR09,SENSOR09.CSV,row:12239,2024-09-10T06:59:45,LEG-01,REAL_PUBLIC_DATA,DERIVED
CP-DEMO-001,BATCH-DEMO-001,SHIP-DEMO-001,ZEN-RAW-S09:row:12240,ZEN-RAW-S09,SENSOR09,SENSOR09.CSV,row:12240,2024-09-10T06:59:50,LEG-01,REAL_PUBLIC_DATA,DERIVED
CP-DEMO-001,BATCH-DEMO-001,SHIP-DEMO-001,ZEN-RAW-S09:row:12241,ZEN-RAW-S09,SENSOR09,SENSOR09.CSV,row:12241,2024-09-10T06:59:55,LEG-01,REAL_PUBLIC_DATA,DERIVED
CP-DEMO-001,BATCH-DEMO-001,SHIP-DEMO-001,ZEN-RAW-S09:row:12242,ZEN-RAW-S09,SENSOR09,SENSOR09.CSV,row:12242,2024-09-10T07:00:00,LEG-02,REAL_PUBLIC_DATA,DERIVED
CP-DEMO-001,BATCH-DEMO-001,SHIP-DEMO-001,ZEN-RAW-S09:row:12243,ZEN-RAW-S09,SENSOR09,SENSOR09.CSV,row:12243,2024-09-10T07:00:05,LEG-02,REAL_PUBLIC_DATA,DERIVED
CP-DEMO-001,BATCH-DEMO-001,SHIP-DEMO-001,ZEN-RAW-S09:row:12244,ZEN-RAW-S09,SENSOR09,SENSOR09.CSV,row:12244,2024-09-10T07:00:10,LEG-02,REAL_PUBLIC_DATA,DERIVED
CP-DEMO-001,BATCH-DEMO-001,SHIP-DEMO-001,ZEN-RAW-S09:row:12245,ZEN-RAW-S09,SENSOR09,SENSOR09.CSV,row:12245,2024-09-10T07:00:15,LEG-02,REAL_PUBLIC_DATA,DERIVED
CP-DEMO-001,BATCH-DEMO-001,SHIP-DEMO-001,ZEN-RAW-S09:row:12246,ZEN-RAW-S09,SENSOR09,SENSOR09.CSV,row:12246,2024-09-10T07:00:20,LEG-02,REAL_PUBLIC_DATA,DERIVED
CP-DEMO-001,BATCH-DEMO-001,SHIP-DEMO-001,ZEN-RAW-S09:row:12247,ZEN-RAW-S09,SENSOR09,SENSOR09.CSV,row:12247,2024-09-10T07:00:25,LEG-02,REAL_PUBLIC_DATA,DERIVED
CP-DEMO-001,BATCH-DEMO-001,SHIP-DEMO-001,ZEN-RAW-S09:row:12248,ZEN-RAW-S09,SENSOR09,SENSOR09.CSV,row:12248,2024-09-10T07:00:30,LEG-02,REAL_PUBLIC_DATA,DERIVED
CP-DEMO-001,BATCH-DEMO-001,SHIP-DEMO-001,ZEN-RAW-S09:row:12249,ZEN-RAW-S09,SENSOR09,SENSOR09.CSV,row:12249,2024-09-10T07:00:35,LEG-02,REAL_PUBLIC_DATA,DERIVED
CP-DEMO-001,BATCH-DEMO-001,SHIP-DEMO-001,ZEN-RAW-S09:row:12250,ZEN-RAW-S09,SENSOR09,SENSOR09.CSV,row:12250,2024-09-10T07:00:40,LEG-02,REAL_PUBLIC_DATA,DERIVED
CP-DEMO-001,BATCH-DEMO-001,SHIP-DEMO-001,ZEN-RAW-S09:row:12251,ZEN-RAW-S09,SENSOR09,SENSOR09.CSV,row:12251,2024-09-10T07:00:45,LEG-02,REAL_PUBLIC_DATA,DERIVED
CP-DEMO-001,BATCH-DEMO-001,SHIP-DEMO-001,ZEN-RAW-S09:row:12252,ZEN-RAW-S09,SENSOR09,SENSOR09.CSV,row:12252,2024-09-10T07:00:50,LEG-02,REAL_PUBLIC_DATA,DERIVED
CP-DEMO-001,BATCH-DEMO-001,SHIP-DEMO-001,ZEN-RAW-S09:row:12253,ZEN-RAW-S09,SENSOR09,SENSOR09.CSV,row:12253,2024-09-10T07:00:55,LEG-02,REAL_PUBLIC_DATA,DERIVED
CP-DEMO-001,BATCH-DEMO-001,SHIP-DEMO-001,ZEN-RAW-S09:row:12254,ZEN-RAW-S09,SENSOR09,SENSOR09.CSV,row:12254,2024-09-10T07:01:00,LEG-02,REAL_PUBLIC_DATA,DERIVED
CP-DEMO-001,BATCH-DEMO-001,SHIP-DEMO-001,ZEN-RAW-S09:row:12255,ZEN-RAW-S09,SENSOR09,SENSOR09.CSV,row:12255,2024-09-10T07:01:05,LEG-02,REAL_PUBLIC_DATA,DERIVED
CP-DEMO-001,BATCH-DEMO-001,SHIP-DEMO-001,ZEN-RAW-S09:row:12256,ZEN-RAW-S09,SENSOR09,SENSOR09.CSV,row:12256,2024-09-10T07:01:10,LEG-02,REAL_PUBLIC_DATA,DERIVED
CP-DEMO-001,BATCH-DEMO-001,SHIP-DEMO-001,ZEN-RAW-S09:row:12257,ZEN-RAW-S09,SENSOR09,SENSOR09.CSV,row:12257,2024-09-10T07:01:15,LEG-02,REAL_PUBLIC_DATA,DERIVED
CP-DEMO-001,BATCH-DEMO-001,SHIP-DEMO-001,ZEN-RAW-S09:row:12258,ZEN-RAW-S09,SENSOR09,SENSOR09.CSV,row:12258,2024-09-10T07:01:20,LEG-02,REAL_PUBLIC_DATA,DERIVED
CP-DEMO-001,BATCH-DEMO-001,SHIP-DEMO-001,ZEN-RAW-S09:row:12259,ZEN-RAW-S09,SENSOR09,SENSOR09.CSV,row:12259,2024-09-10T07:01:25,LEG-02,REAL_PUBLIC_DATA,DERIVED
CP-DEMO-001,BATCH-DEMO-001,SHIP-DEMO-001,ZEN-RAW-S09:row:12260,ZEN-RAW-S09,SENSOR09,SENSOR09.CSV,row:12260,2024-09-10T07:01:30,LEG-02,REAL_PUBLIC_DATA,DERIVED
CP-DEMO-001,BATCH-DEMO-001,SHIP-DEMO-001,ZEN-RAW-S09:row:12261,ZEN-RAW-S09,SENSOR09,SENSOR09.CSV,row:12261,2024-09-10T07:01:35,LEG-02,REAL_PUBLIC_DATA,DERIVED
CP-DEMO-001,BATCH-DEMO-001,SHIP-DEMO-001,ZEN-RAW-S09:row:12262,ZEN-RAW-S09,SENSOR09,SENSOR09.CSV,row:12262,2024-09-10T07:01:40,LEG-02,REAL_PUBLIC_DATA,DERIVED
CP-DEMO-001,BATCH-DEMO-001,SHIP-DEMO-001,ZEN-RAW-S09:row:12263,ZEN-RAW-S09,SENSOR09,SENSOR09.CSV,row:12263,2024-09-10T07:01:45,LEG-02,REAL_PUBLIC_DATA,DERIVED
CP-DEMO-001,BATCH-DEMO-001,SHIP-DEMO-001,ZEN-RAW-S09:row:12264,ZEN-RAW-S09,SENSOR09,SENSOR09.CSV,row:12264,2024-09-10T07:01:50,LEG-02,REAL_PUBLIC_DATA,DERIVED
CP-DEMO-001,BATCH-DEMO-001,SHIP-DEMO-001,ZEN-RAW-S09:row:12265,ZEN-RAW-S09,SENSOR09,SENSOR09.CSV,row:12265,2024-09-10T07:01:55,LEG-02,REAL_PUBLIC_DATA,DERIVED
CP-DEMO-001,BATCH-DEMO-001,SHIP-DEMO-001,ZEN-RAW-S09:row:12266,ZEN-RAW-S09,SENSOR09,SENSOR09.CSV,row:12266,2024-09-10T07:02:00,LEG-02,REAL_PUBLIC_DATA,DERIVED
CP-DEMO-001,BATCH-DEMO-001,SHIP-DEMO-001,ZEN-RAW-S09:row:12267,ZEN-RAW-S09,SENSOR09,SENSOR09.CSV,row:12267,2024-09-10T07:02:05,LEG-02,REAL_PUBLIC_DATA,DERIVED
CP-DEMO-001,BATCH-DEMO-001,SHIP-DEMO-001,ZEN-RAW-S09:row:12268,ZEN-RAW-S09,SENSOR09,SENSOR09.CSV,row:12268,2024-09-10T07:02:10,LEG-02,REAL_PUBLIC_DATA,DERIVED
CP-DEMO-001,BATCH-DEMO-001,SHIP-DEMO-001,ZEN-RAW-S09:row:12269,ZEN-RAW-S09,SENSOR09,SENSOR09.CSV,row:12269,2024-09-10T07:02:15,LEG-02,REAL_PUBLIC_DATA,DERIVED
CP-DEMO-001,BATCH-DEMO-001,SHIP-DEMO-001,ZEN-RAW-S09:row:12270,ZEN-RAW-S09,SENSOR09,SENSOR09.CSV,row:12270,2024-09-10T07:02:20,LEG-02,REAL_PUBLIC_DATA,DERIVED
CP-DEMO-001,BATCH-DEMO-001,SHIP-DEMO-001,ZEN-RAW-S09:row:12271,ZEN-RAW-S09,SENSOR09,SENSOR09.CSV,row:12271,2024-09-10T07:02:25,LEG-02,REAL_PUBLIC_DATA,DERIVED
CP-DEMO-001,BATCH-DEMO-001,SHIP-DEMO-001,ZEN-RAW-S09:row:12272,ZEN-RAW-S09,SENSOR09,SENSOR09.CSV,row:12272,2024-09-10T07:02:30,LEG-02,REAL_PUBLIC_DATA,DERIVED
CP-DEMO-001,BATCH-DEMO-001,SHIP-DEMO-001,ZEN-RAW-S09:row:12273,ZEN-RAW-S09,SENSOR09,SENSOR09.CSV,row:12273,2024-09-10T07:02:35,LEG-02,REAL_PUBLIC_DATA,DERIVED
CP-DEMO-001,BATCH-DEMO-001,SHIP-DEMO-001,ZEN-RAW-S09:row:12274,ZEN-RAW-S09,SENSOR09,SENSOR09.CSV,row:12274,2024-09-10T07:02:40,LEG-02,REAL_PUBLIC_DATA,DERIVED
CP-DEMO-001,BATCH-DEMO-001,SHIP-DEMO-001,ZEN-RAW-S09:row:12275,ZEN-RAW-S09,SENSOR09,SENSOR09.CSV,row:12275,2024-09-10T07:02:45,LEG-02,REAL_PUBLIC_DATA,DERIVED
CP-DEMO-001,BATCH-DEMO-001,SHIP-DEMO-001,ZEN-RAW-S09:row:12276,ZEN-RAW-S09,SENSOR09,SENSOR09.CSV,row:12276,2024-09-10T07:02:50,LEG-02,REAL_PUBLIC_DATA,DERIVED
CP-DEMO-001,BATCH-DEMO-001,SHIP-DEMO-001,ZEN-RAW-S09:row:12277,ZEN-RAW-S09,SENSOR09,SENSOR09.CSV,row:12277,2024-09-10T07:02:55,LEG-02,REAL_PUBLIC_DATA,DERIVED
CP-DEMO-001,BATCH-DEMO-001,SHIP-DEMO-001,ZEN-RAW-S09:row:12278,ZEN-RAW-S09,SENSOR09,SENSOR09.CSV,row:12278,2024-09-10T07:03:00,LEG-02,REAL_PUBLIC_DATA,DERIVED
CP-DEMO-001,BATCH-DEMO-001,SHIP-DEMO-001,ZEN-RAW-S09:row:12279,ZEN-RAW-S09,SENSOR09,SENSOR09.CSV,row:12279,2024-09-10T07:03:05,LEG-02,REAL_PUBLIC_DATA,DERIVED
CP-DEMO-001,BATCH-DEMO-001,SHIP-DEMO-001,ZEN-RAW-S09:row:12280,ZEN-RAW-S09,SENSOR09,SENSOR09.CSV,row:12280,2024-09-10T07:03:10,LEG-02,REAL_PUBLIC_DATA,DERIVED
CP-DEMO-001,BATCH-DEMO-001,SHIP-DEMO-001,ZEN-RAW-S09:row:12281,ZEN-RAW-S09,SENSOR09,SENSOR09.CSV,row:12281,2024-09-10T07:03:15,LEG-02,REAL_PUBLIC_DATA,DERIVED
CP-DEMO-001,BATCH-DEMO-001,SHIP-DEMO-001,ZEN-RAW-S09:row:12282,ZEN-RAW-S09,SENSOR09,SENSOR09.CSV,row:12282,2024-09-10T07:03:20,LEG-02,REAL_PUBLIC_DATA,DERIVED
CP-DEMO-001,BATCH-DEMO-001,SHIP-DEMO-001,ZEN-RAW-S09:row:12283,ZEN-RAW-S09,SENSOR09,SENSOR09.CSV,row:12283,2024-09-10T07:03:25,LEG-02,REAL_PUBLIC_DATA,DERIVED
CP-DEMO-001,BATCH-DEMO-001,SHIP-DEMO-001,ZEN-RAW-S09:row:12284,ZEN-RAW-S09,SENSOR09,SENSOR09.CSV,row:12284,2024-09-10T07:03:30,LEG-02,REAL_PUBLIC_DATA,DERIVED
CP-DEMO-001,BATCH-DEMO-001,SHIP-DEMO-001,ZEN-RAW-S09:row:12285,ZEN-RAW-S09,SENSOR09,SENSOR09.CSV,row:12285,2024-09-10T07:03:35,LEG-02,REAL_PUBLIC_DATA,DERIVED
CP-DEMO-001,BATCH-DEMO-001,SHIP-DEMO-001,ZEN-RAW-S09:row:12286,ZEN-RAW-S09,SENSOR09,SENSOR09.CSV,row:12286,2024-09-10T07:03:40,LEG-02,REAL_PUBLIC_DATA,DERIVED
CP-DEMO-001,BATCH-DEMO-001,SHIP-DEMO-001,ZEN-RAW-S09:row:12287,ZEN-RAW-S09,SENSOR09,SENSOR09.CSV,row:12287,2024-09-10T07:03:45,LEG-02,REAL_PUBLIC_DATA,DERIVED
CP-DEMO-001,BATCH-DEMO-001,SHIP-DEMO-001,ZEN-RAW-S09:row:12288,ZEN-RAW-S09,SENSOR09,SENSOR09.CSV,row:12288,2024-09-10T07:03:50,LEG-02,REAL_PUBLIC_DATA,DERIVED
CP-DEMO-001,BATCH-DEMO-001,SHIP-DEMO-001,ZEN-RAW-S09:row:12289,ZEN-RAW-S09,SENSOR09,SENSOR09.CSV,row:12289,2024-09-10T07:03:55,LEG-02,REAL_PUBLIC_DATA,DERIVED
CP-DEMO-001,BATCH-DEMO-001,SHIP-DEMO-001,ZEN-RAW-S09:row:12290,ZEN-RAW-S09,SENSOR09,SENSOR09.CSV,row:12290,2024-09-10T07:04:00,LEG-02,REAL_PUBLIC_DATA,DERIVED
CP-DEMO-001,BATCH-DEMO-001,SHIP-DEMO-001,ZEN-RAW-S09:row:12291,ZEN-RAW-S09,SENSOR09,SENSOR09.CSV,row:12291,2024-09-10T07:04:05,LEG-02,REAL_PUBLIC_DATA,DERIVED
CP-DEMO-001,BATCH-DEMO-001,SHIP-DEMO-001,ZEN-RAW-S09:row:12292,ZEN-RAW-S09,SENSOR09,SENSOR09.CSV,row:12292,2024-09-10T07:04:10,LEG-02,REAL_PUBLIC_DATA,DERIVED
CP-DEMO-001,BATCH-DEMO-001,SHIP-DEMO-001,ZEN-RAW-S09:row:12293,ZEN-RAW-S09,SENSOR09,SENSOR09.CSV,row:12293,2024-09-10T07:04:15,LEG-02,REAL_PUBLIC_DATA,DERIVED
CP-DEMO-001,BATCH-DEMO-001,SHIP-DEMO-001,ZEN-RAW-S09:row:12294,ZEN-RAW-S09,SENSOR09,SENSOR09.CSV,row:12294,2024-09-10T07:04:20,LEG-02,REAL_PUBLIC_DATA,DERIVED
CP-DEMO-001,BATCH-DEMO-001,SHIP-DEMO-001,ZEN-RAW-S09:row:12295,ZEN-RAW-S09,SENSOR09,SENSOR09.CSV,row:12295,2024-09-10T07:04:25,LEG-02,REAL_PUBLIC_DATA,DERIVED
CP-DEMO-001,BATCH-DEMO-001,SHIP-DEMO-001,ZEN-RAW-S09:row:12296,ZEN-RAW-S09,SENSOR09,SENSOR09.CSV,row:12296,2024-09-10T07:04:30,LEG-02,REAL_PUBLIC_DATA,DERIVED
CP-DEMO-001,BATCH-DEMO-001,SHIP-DEMO-001,ZEN-RAW-S09:row:12297,ZEN-RAW-S09,SENSOR09,SENSOR09.CSV,row:12297,2024-09-10T07:04:35,LEG-02,REAL_PUBLIC_DATA,DERIVED
CP-DEMO-001,BATCH-DEMO-001,SHIP-DEMO-001,ZEN-RAW-S09:row:12298,ZEN-RAW-S09,SENSOR09,SENSOR09.CSV,row:12298,2024-09-10T07:04:40,LEG-02,REAL_PUBLIC_DATA,DERIVED
CP-DEMO-001,BATCH-DEMO-001,SHIP-DEMO-001,ZEN-RAW-S09:row:12299,ZEN-RAW-S09,SENSOR09,SENSOR09.CSV,row:12299,2024-09-10T07:04:45,LEG-02,REAL_PUBLIC_DATA,DERIVED
CP-DEMO-001,BATCH-DEMO-001,SHIP-DEMO-001,ZEN-RAW-S09:row:12300,ZEN-RAW-S09,SENSOR09,SENSOR09.CSV,row:12300,2024-09-10T07:04:50,LEG-02,REAL_PUBLIC_DATA,DERIVED
CP-DEMO-001,BATCH-DEMO-001,SHIP-DEMO-001,ZEN-RAW-S09:row:12301,ZEN-RAW-S09,SENSOR09,SENSOR09.CSV,row:12301,2024-09-10T07:04:55,LEG-02,REAL_PUBLIC_DATA,DERIVED
CP-DEMO-001,BATCH-DEMO-001,SHIP-DEMO-001,ZEN-RAW-S09:row:12302,ZEN-RAW-S09,SENSOR09,SENSOR09.CSV,row:12302,2024-09-10T07:05:00,LEG-02,REAL_PUBLIC_DATA,DERIVED
CP-DEMO-001,BATCH-DEMO-001,SHIP-DEMO-001,ZEN-RAW-S09:row:12303,ZEN-RAW-S09,SENSOR09,SENSOR09.CSV,row:12303,2024-09-10T07:05:05,LEG-02,REAL_PUBLIC_DATA,DERIVED
CP-DEMO-001,BATCH-DEMO-001,SHIP-DEMO-001,ZEN-RAW-S09:row:12304,ZEN-RAW-S09,SENSOR09,SENSOR09.CSV,row:12304,2024-09-10T07:05:10,LEG-02,REAL_PUBLIC_DATA,DERIVED
CP-DEMO-001,BATCH-DEMO-001,SHIP-DEMO-001,ZEN-RAW-S09:row:12305,ZEN-RAW-S09,SENSOR09,SENSOR09.CSV,row:12305,2024-09-10T07:05:15,LEG-02,REAL_PUBLIC_DATA,DERIVED
CP-DEMO-001,BATCH-DEMO-001,SHIP-DEMO-001,ZEN-RAW-S09:row:12306,ZEN-RAW-S09,SENSOR09,SENSOR09.CSV,row:12306,2024-09-10T07:05:20,LEG-02,REAL_PUBLIC_DATA,DERIVED
CP-DEMO-001,BATCH-DEMO-001,SHIP-DEMO-001,ZEN-RAW-S09:row:12307,ZEN-RAW-S09,SENSOR09,SENSOR09.CSV,row:12307,2024-09-10T07:05:25,LEG-02,REAL_PUBLIC_DATA,DERIVED
CP-DEMO-001,BATCH-DEMO-001,SHIP-DEMO-001,ZEN-RAW-S09:row:12308,ZEN-RAW-S09,SENSOR09,SENSOR09.CSV,row:12308,2024-09-10T07:05:30,LEG-02,REAL_PUBLIC_DATA,DERIVED
CP-DEMO-001,BATCH-DEMO-001,SHIP-DEMO-001,ZEN-RAW-S09:row:12309,ZEN-RAW-S09,SENSOR09,SENSOR09.CSV,row:12309,2024-09-10T07:05:35,LEG-02,REAL_PUBLIC_DATA,DERIVED
CP-DEMO-001,BATCH-DEMO-001,SHIP-DEMO-001,ZEN-RAW-S09:row:12310,ZEN-RAW-S09,SENSOR09,SENSOR09.CSV,row:12310,2024-09-10T07:05:40,LEG-02,REAL_PUBLIC_DATA,DERIVED
CP-DEMO-001,BATCH-DEMO-001,SHIP-DEMO-001,ZEN-RAW-S09:row:12311,ZEN-RAW-S09,SENSOR09,SENSOR09.CSV,row:12311,2024-09-10T07:05:45,LEG-02,REAL_PUBLIC_DATA,DERIVED
CP-DEMO-001,BATCH-DEMO-001,SHIP-DEMO-001,ZEN-RAW-S09:row:12312,ZEN-RAW-S09,SENSOR09,SENSOR09.CSV,row:12312,2024-09-10T07:05:50,LEG-02,REAL_PUBLIC_DATA,DERIVED
CP-DEMO-001,BATCH-DEMO-001,SHIP-DEMO-001,ZEN-RAW-S09:row:12313,ZEN-RAW-S09,SENSOR09,SENSOR09.CSV,row:12313,2024-09-10T07:05:55,LEG-02,REAL_PUBLIC_DATA,DERIVED
CP-DEMO-001,BATCH-DEMO-001,SHIP-DEMO-001,ZEN-RAW-S09:row:12314,ZEN-RAW-S09,SENSOR09,SENSOR09.CSV,row:12314,2024-09-10T07:06:00,LEG-02,REAL_PUBLIC_DATA,DERIVED
CP-DEMO-001,BATCH-DEMO-001,SHIP-DEMO-001,ZEN-RAW-S09:row:12315,ZEN-RAW-S09,SENSOR09,SENSOR09.CSV,row:12315,2024-09-10T07:06:05,LEG-02,REAL_PUBLIC_DATA,DERIVED
CP-DEMO-001,BATCH-DEMO-001,SHIP-DEMO-001,ZEN-RAW-S09:row:12316,ZEN-RAW-S09,SENSOR09,SENSOR09.CSV,row:12316,2024-09-10T07:06:10,LEG-02,REAL_PUBLIC_DATA,DERIVED
CP-DEMO-001,BATCH-DEMO-001,SHIP-DEMO-001,ZEN-RAW-S09:row:12317,ZEN-RAW-S09,SENSOR09,SENSOR09.CSV,row:12317,2024-09-10T07:06:15,LEG-02,REAL_PUBLIC_DATA,DERIVED
CP-DEMO-001,BATCH-DEMO-001,SHIP-DEMO-001,ZEN-RAW-S09:row:12318,ZEN-RAW-S09,SENSOR09,SENSOR09.CSV,row:12318,2024-09-10T07:06:20,LEG-02,REAL_PUBLIC_DATA,DERIVED
CP-DEMO-001,BATCH-DEMO-001,SHIP-DEMO-001,ZEN-RAW-S09:row:12319,ZEN-RAW-S09,SENSOR09,SENSOR09.CSV,row:12319,2024-09-10T07:06:25,LEG-02,REAL_PUBLIC_DATA,DERIVED
CP-DEMO-001,BATCH-DEMO-001,SHIP-DEMO-001,ZEN-RAW-S09:row:12320,ZEN-RAW-S09,SENSOR09,SENSOR09.CSV,row:12320,2024-09-10T07:06:30,LEG-02,REAL_PUBLIC_DATA,DERIVED
CP-DEMO-001,BATCH-DEMO-001,SHIP-DEMO-001,ZEN-RAW-S09:row:12321,ZEN-RAW-S09,SENSOR09,SENSOR09.CSV,row:12321,2024-09-10T07:06:35,LEG-02,REAL_PUBLIC_DATA,DERIVED
CP-DEMO-001,BATCH-DEMO-001,SHIP-DEMO-001,ZEN-RAW-S09:row:12322,ZEN-RAW-S09,SENSOR09,SENSOR09.CSV,row:12322,2024-09-10T07:06:40,LEG-02,REAL_PUBLIC_DATA,DERIVED
CP-DEMO-001,BATCH-DEMO-001,SHIP-DEMO-001,ZEN-RAW-S09:row:12323,ZEN-RAW-S09,SENSOR09,SENSOR09.CSV,row:12323,2024-09-10T07:06:45,LEG-02,REAL_PUBLIC_DATA,DERIVED
CP-DEMO-001,BATCH-DEMO-001,SHIP-DEMO-001,ZEN-RAW-S09:row:12324,ZEN-RAW-S09,SENSOR09,SENSOR09.CSV,row:12324,2024-09-10T07:06:50,LEG-02,REAL_PUBLIC_DATA,DERIVED
CP-DEMO-001,BATCH-DEMO-001,SHIP-DEMO-001,ZEN-RAW-S09:row:12325,ZEN-RAW-S09,SENSOR09,SENSOR09.CSV,row:12325,2024-09-10T07:06:55,LEG-02,REAL_PUBLIC_DATA,DERIVED
CP-DEMO-001,BATCH-DEMO-001,SHIP-DEMO-001,ZEN-RAW-S09:row:12326,ZEN-RAW-S09,SENSOR09,SENSOR09.CSV,row:12326,2024-09-10T07:07:00,LEG-02,REAL_PUBLIC_DATA,DERIVED
CP-DEMO-001,BATCH-DEMO-001,SHIP-DEMO-001,ZEN-RAW-S09:row:12327,ZEN-RAW-S09,SENSOR09,SENSOR09.CSV,row:12327,2024-09-10T07:07:05,LEG-02,REAL_PUBLIC_DATA,DERIVED
CP-DEMO-001,BATCH-DEMO-001,SHIP-DEMO-001,ZEN-RAW-S09:row:12328,ZEN-RAW-S09,SENSOR09,SENSOR09.CSV,row:12328,2024-09-10T07:07:10,LEG-02,REAL_PUBLIC_DATA,DERIVED
CP-DEMO-001,BATCH-DEMO-001,SHIP-DEMO-001,ZEN-RAW-S09:row:12329,ZEN-RAW-S09,SENSOR09,SENSOR09.CSV,row:12329,2024-09-10T07:07:15,LEG-02,REAL_PUBLIC_DATA,DERIVED
CP-DEMO-001,BATCH-DEMO-001,SHIP-DEMO-001,ZEN-RAW-S09:row:12330,ZEN-RAW-S09,SENSOR09,SENSOR09.CSV,row:12330,2024-09-10T07:07:20,LEG-02,REAL_PUBLIC_DATA,DERIVED
CP-DEMO-001,BATCH-DEMO-001,SHIP-DEMO-001,ZEN-RAW-S09:row:12331,ZEN-RAW-S09,SENSOR09,SENSOR09.CSV,row:12331,2024-09-10T07:07:25,LEG-02,REAL_PUBLIC_DATA,DERIVED
CP-DEMO-001,BATCH-DEMO-001,SHIP-DEMO-001,ZEN-RAW-S09:row:12332,ZEN-RAW-S09,SENSOR09,SENSOR09.CSV,row:12332,2024-09-10T07:07:30,LEG-02,REAL_PUBLIC_DATA,DERIVED
CP-DEMO-001,BATCH-DEMO-001,SHIP-DEMO-001,ZEN-RAW-S09:row:12333,ZEN-RAW-S09,SENSOR09,SENSOR09.CSV,row:12333,2024-09-10T07:07:35,LEG-02,REAL_PUBLIC_DATA,DERIVED
CP-DEMO-001,BATCH-DEMO-001,SHIP-DEMO-001,ZEN-RAW-S09:row:12334,ZEN-RAW-S09,SENSOR09,SENSOR09.CSV,row:12334,2024-09-10T07:07:40,LEG-02,REAL_PUBLIC_DATA,DERIVED
CP-DEMO-001,BATCH-DEMO-001,SHIP-DEMO-001,ZEN-RAW-S09:row:12335,ZEN-RAW-S09,SENSOR09,SENSOR09.CSV,row:12335,2024-09-10T07:07:45,LEG-02,REAL_PUBLIC_DATA,DERIVED
CP-DEMO-001,BATCH-DEMO-001,SHIP-DEMO-001,ZEN-RAW-S09:row:12336,ZEN-RAW-S09,SENSOR09,SENSOR09.CSV,row:12336,2024-09-10T07:07:50,LEG-02,REAL_PUBLIC_DATA,DERIVED
CP-DEMO-001,BATCH-DEMO-001,SHIP-DEMO-001,ZEN-RAW-S09:row:12337,ZEN-RAW-S09,SENSOR09,SENSOR09.CSV,row:12337,2024-09-10T07:07:55,LEG-02,REAL_PUBLIC_DATA,DERIVED
CP-DEMO-001,BATCH-DEMO-001,SHIP-DEMO-001,ZEN-RAW-S09:row:12338,ZEN-RAW-S09,SENSOR09,SENSOR09.CSV,row:12338,2024-09-10T07:08:00,LEG-02,REAL_PUBLIC_DATA,DERIVED
CP-DEMO-001,BATCH-DEMO-001,SHIP-DEMO-001,ZEN-RAW-S09:row:12339,ZEN-RAW-S09,SENSOR09,SENSOR09.CSV,row:12339,2024-09-10T07:08:05,LEG-02,REAL_PUBLIC_DATA,DERIVED
CP-DEMO-001,BATCH-DEMO-001,SHIP-DEMO-001,ZEN-RAW-S09:row:12340,ZEN-RAW-S09,SENSOR09,SENSOR09.CSV,row:12340,2024-09-10T07:08:10,LEG-02,REAL_PUBLIC_DATA,DERIVED
CP-DEMO-001,BATCH-DEMO-001,SHIP-DEMO-001,ZEN-RAW-S09:row:12341,ZEN-RAW-S09,SENSOR09,SENSOR09.CSV,row:12341,2024-09-10T07:08:15,LEG-02,REAL_PUBLIC_DATA,DERIVED
CP-DEMO-001,BATCH-DEMO-001,SHIP-DEMO-001,ZEN-RAW-S09:row:12342,ZEN-RAW-S09,SENSOR09,SENSOR09.CSV,row:12342,2024-09-10T07:08:20,LEG-02,REAL_PUBLIC_DATA,DERIVED
CP-DEMO-001,BATCH-DEMO-001,SHIP-DEMO-001,ZEN-RAW-S09:row:12343,ZEN-RAW-S09,SENSOR09,SENSOR09.CSV,row:12343,2024-09-10T07:08:25,LEG-02,REAL_PUBLIC_DATA,DERIVED
CP-DEMO-001,BATCH-DEMO-001,SHIP-DEMO-001,ZEN-RAW-S09:row:12344,ZEN-RAW-S09,SENSOR09,SENSOR09.CSV,row:12344,2024-09-10T07:08:30,LEG-02,REAL_PUBLIC_DATA,DERIVED
CP-DEMO-001,BATCH-DEMO-001,SHIP-DEMO-001,ZEN-RAW-S09:row:12345,ZEN-RAW-S09,SENSOR09,SENSOR09.CSV,row:12345,2024-09-10T07:08:35,LEG-02,REAL_PUBLIC_DATA,DERIVED
CP-DEMO-001,BATCH-DEMO-001,SHIP-DEMO-001,ZEN-RAW-S09:row:12346,ZEN-RAW-S09,SENSOR09,SENSOR09.CSV,row:12346,2024-09-10T07:08:40,LEG-02,REAL_PUBLIC_DATA,DERIVED
CP-DEMO-001,BATCH-DEMO-001,SHIP-DEMO-001,ZEN-RAW-S09:row:12347,ZEN-RAW-S09,SENSOR09,SENSOR09.CSV,row:12347,2024-09-10T07:08:45,LEG-02,REAL_PUBLIC_DATA,DERIVED
CP-DEMO-001,BATCH-DEMO-001,SHIP-DEMO-001,ZEN-RAW-S09:row:12348,ZEN-RAW-S09,SENSOR09,SENSOR09.CSV,row:12348,2024-09-10T07:08:50,LEG-02,REAL_PUBLIC_DATA,DERIVED
CP-DEMO-001,BATCH-DEMO-001,SHIP-DEMO-001,ZEN-RAW-S09:row:12349,ZEN-RAW-S09,SENSOR09,SENSOR09.CSV,row:12349,2024-09-10T07:08:55,LEG-02,REAL_PUBLIC_DATA,DERIVED
CP-DEMO-001,BATCH-DEMO-001,SHIP-DEMO-001,ZEN-RAW-S09:row:12350,ZEN-RAW-S09,SENSOR09,SENSOR09.CSV,row:12350,2024-09-10T07:09:00,LEG-02,REAL_PUBLIC_DATA,DERIVED
CP-DEMO-001,BATCH-DEMO-001,SHIP-DEMO-001,ZEN-RAW-S09:row:12351,ZEN-RAW-S09,SENSOR09,SENSOR09.CSV,row:12351,2024-09-10T07:09:05,LEG-02,REAL_PUBLIC_DATA,DERIVED
CP-DEMO-001,BATCH-DEMO-001,SHIP-DEMO-001,ZEN-RAW-S09:row:12352,ZEN-RAW-S09,SENSOR09,SENSOR09.CSV,row:12352,2024-09-10T07:09:10,LEG-02,REAL_PUBLIC_DATA,DERIVED
CP-DEMO-001,BATCH-DEMO-001,SHIP-DEMO-001,ZEN-RAW-S09:row:12353,ZEN-RAW-S09,SENSOR09,SENSOR09.CSV,row:12353,2024-09-10T07:09:15,LEG-02,REAL_PUBLIC_DATA,DERIVED
CP-DEMO-001,BATCH-DEMO-001,SHIP-DEMO-001,ZEN-RAW-S09:row:12354,ZEN-RAW-S09,SENSOR09,SENSOR09.CSV,row:12354,2024-09-10T07:09:20,LEG-02,REAL_PUBLIC_DATA,DERIVED
CP-DEMO-001,BATCH-DEMO-001,SHIP-DEMO-001,ZEN-RAW-S09:row:12355,ZEN-RAW-S09,SENSOR09,SENSOR09.CSV,row:12355,2024-09-10T07:09:25,LEG-02,REAL_PUBLIC_DATA,DERIVED
CP-DEMO-001,BATCH-DEMO-001,SHIP-DEMO-001,ZEN-RAW-S09:row:12356,ZEN-RAW-S09,SENSOR09,SENSOR09.CSV,row:12356,2024-09-10T07:09:30,LEG-02,REAL_PUBLIC_DATA,DERIVED
CP-DEMO-001,BATCH-DEMO-001,SHIP-DEMO-001,ZEN-RAW-S09:row:12357,ZEN-RAW-S09,SENSOR09,SENSOR09.CSV,row:12357,2024-09-10T07:09:35,LEG-02,REAL_PUBLIC_DATA,DERIVED
CP-DEMO-001,BATCH-DEMO-001,SHIP-DEMO-001,ZEN-RAW-S09:row:12358,ZEN-RAW-S09,SENSOR09,SENSOR09.CSV,row:12358,2024-09-10T07:09:40,LEG-02,REAL_PUBLIC_DATA,DERIVED
CP-DEMO-001,BATCH-DEMO-001,SHIP-DEMO-001,ZEN-RAW-S09:row:12359,ZEN-RAW-S09,SENSOR09,SENSOR09.CSV,row:12359,2024-09-10T07:09:45,LEG-02,REAL_PUBLIC_DATA,DERIVED
CP-DEMO-001,BATCH-DEMO-001,SHIP-DEMO-001,ZEN-RAW-S09:row:12360,ZEN-RAW-S09,SENSOR09,SENSOR09.CSV,row:12360,2024-09-10T07:09:50,LEG-02,REAL_PUBLIC_DATA,DERIVED
CP-DEMO-001,BATCH-DEMO-001,SHIP-DEMO-001,ZEN-RAW-S09:row:12361,ZEN-RAW-S09,SENSOR09,SENSOR09.CSV,row:12361,2024-09-10T07:09:55,LEG-02,REAL_PUBLIC_DATA,DERIVED
CP-DEMO-001,BATCH-DEMO-001,SHIP-DEMO-001,ZEN-RAW-S09:row:12362,ZEN-RAW-S09,SENSOR09,SENSOR09.CSV,row:12362,2024-09-10T07:10:00,LEG-02,REAL_PUBLIC_DATA,DERIVED
CP-DEMO-001,BATCH-DEMO-001,SHIP-DEMO-001,ZEN-RAW-S09:row:12363,ZEN-RAW-S09,SENSOR09,SENSOR09.CSV,row:12363,2024-09-10T07:10:05,LEG-02,REAL_PUBLIC_DATA,DERIVED
CP-DEMO-001,BATCH-DEMO-001,SHIP-DEMO-001,ZEN-RAW-S09:row:12364,ZEN-RAW-S09,SENSOR09,SENSOR09.CSV,row:12364,2024-09-10T07:10:10,LEG-02,REAL_PUBLIC_DATA,DERIVED
CP-DEMO-001,BATCH-DEMO-001,SHIP-DEMO-001,ZEN-RAW-S09:row:12365,ZEN-RAW-S09,SENSOR09,SENSOR09.CSV,row:12365,2024-09-10T07:10:15,LEG-02,REAL_PUBLIC_DATA,DERIVED
CP-DEMO-001,BATCH-DEMO-001,SHIP-DEMO-001,ZEN-RAW-S09:row:12366,ZEN-RAW-S09,SENSOR09,SENSOR09.CSV,row:12366,2024-09-10T07:10:20,LEG-02,REAL_PUBLIC_DATA,DERIVED
CP-DEMO-001,BATCH-DEMO-001,SHIP-DEMO-001,ZEN-RAW-S09:row:12367,ZEN-RAW-S09,SENSOR09,SENSOR09.CSV,row:12367,2024-09-10T07:10:25,LEG-02,REAL_PUBLIC_DATA,DERIVED
CP-DEMO-001,BATCH-DEMO-001,SHIP-DEMO-001,ZEN-RAW-S09:row:12368,ZEN-RAW-S09,SENSOR09,SENSOR09.CSV,row:12368,2024-09-10T07:10:30,LEG-02,REAL_PUBLIC_DATA,DERIVED
CP-DEMO-001,BATCH-DEMO-001,SHIP-DEMO-001,ZEN-RAW-S09:row:12369,ZEN-RAW-S09,SENSOR09,SENSOR09.CSV,row:12369,2024-09-10T07:10:35,LEG-02,REAL_PUBLIC_DATA,DERIVED
CP-DEMO-001,BATCH-DEMO-001,SHIP-DEMO-001,ZEN-RAW-S09:row:12370,ZEN-RAW-S09,SENSOR09,SENSOR09.CSV,row:12370,2024-09-10T07:10:40,LEG-02,REAL_PUBLIC_DATA,DERIVED
CP-DEMO-001,BATCH-DEMO-001,SHIP-DEMO-001,ZEN-RAW-S09:row:12371,ZEN-RAW-S09,SENSOR09,SENSOR09.CSV,row:12371,2024-09-10T07:10:45,LEG-02,REAL_PUBLIC_DATA,DERIVED
CP-DEMO-001,BATCH-DEMO-001,SHIP-DEMO-001,ZEN-RAW-S09:row:12372,ZEN-RAW-S09,SENSOR09,SENSOR09.CSV,row:12372,2024-09-10T07:10:50,LEG-02,REAL_PUBLIC_DATA,DERIVED
CP-DEMO-001,BATCH-DEMO-001,SHIP-DEMO-001,ZEN-RAW-S09:row:12373,ZEN-RAW-S09,SENSOR09,SENSOR09.CSV,row:12373,2024-09-10T07:10:55,LEG-02,REAL_PUBLIC_DATA,DERIVED
CP-DEMO-001,BATCH-DEMO-001,SHIP-DEMO-001,ZEN-RAW-S09:row:12374,ZEN-RAW-S09,SENSOR09,SENSOR09.CSV,row:12374,2024-09-10T07:11:00,LEG-02,REAL_PUBLIC_DATA,DERIVED
CP-DEMO-001,BATCH-DEMO-001,SHIP-DEMO-001,ZEN-RAW-S09:row:12375,ZEN-RAW-S09,SENSOR09,SENSOR09.CSV,row:12375,2024-09-10T07:11:05,LEG-02,REAL_PUBLIC_DATA,DERIVED
CP-DEMO-001,BATCH-DEMO-001,SHIP-DEMO-001,ZEN-RAW-S09:row:12376,ZEN-RAW-S09,SENSOR09,SENSOR09.CSV,row:12376,2024-09-10T07:11:10,LEG-02,REAL_PUBLIC_DATA,DERIVED
CP-DEMO-001,BATCH-DEMO-001,SHIP-DEMO-001,ZEN-RAW-S09:row:12377,ZEN-RAW-S09,SENSOR09,SENSOR09.CSV,row:12377,2024-09-10T07:11:15,LEG-02,REAL_PUBLIC_DATA,DERIVED
CP-DEMO-001,BATCH-DEMO-001,SHIP-DEMO-001,ZEN-RAW-S09:row:12378,ZEN-RAW-S09,SENSOR09,SENSOR09.CSV,row:12378,2024-09-10T07:11:20,LEG-02,REAL_PUBLIC_DATA,DERIVED
CP-DEMO-001,BATCH-DEMO-001,SHIP-DEMO-001,ZEN-RAW-S09:row:12379,ZEN-RAW-S09,SENSOR09,SENSOR09.CSV,row:12379,2024-09-10T07:11:25,LEG-02,REAL_PUBLIC_DATA,DERIVED
CP-DEMO-001,BATCH-DEMO-001,SHIP-DEMO-001,ZEN-RAW-S09:row:12380,ZEN-RAW-S09,SENSOR09,SENSOR09.CSV,row:12380,2024-09-10T07:11:30,LEG-02,REAL_PUBLIC_DATA,DERIVED
CP-DEMO-001,BATCH-DEMO-001,SHIP-DEMO-001,ZEN-RAW-S09:row:12381,ZEN-RAW-S09,SENSOR09,SENSOR09.CSV,row:12381,2024-09-10T07:11:35,LEG-02,REAL_PUBLIC_DATA,DERIVED
CP-DEMO-001,BATCH-DEMO-001,SHIP-DEMO-001,ZEN-RAW-S09:row:12382,ZEN-RAW-S09,SENSOR09,SENSOR09.CSV,row:12382,2024-09-10T07:11:40,LEG-02,REAL_PUBLIC_DATA,DERIVED
CP-DEMO-001,BATCH-DEMO-001,SHIP-DEMO-001,ZEN-RAW-S09:row:12383,ZEN-RAW-S09,SENSOR09,SENSOR09.CSV,row:12383,2024-09-10T07:11:45,LEG-02,REAL_PUBLIC_DATA,DERIVED
CP-DEMO-001,BATCH-DEMO-001,SHIP-DEMO-001,ZEN-RAW-S09:row:12384,ZEN-RAW-S09,SENSOR09,SENSOR09.CSV,row:12384,2024-09-10T07:11:50,LEG-02,REAL_PUBLIC_DATA,DERIVED
CP-DEMO-001,BATCH-DEMO-001,SHIP-DEMO-001,ZEN-RAW-S09:row:12385,ZEN-RAW-S09,SENSOR09,SENSOR09.CSV,row:12385,2024-09-10T07:11:55,LEG-02,REAL_PUBLIC_DATA,DERIVED
CP-DEMO-001,BATCH-DEMO-001,SHIP-DEMO-001,ZEN-RAW-S09:row:12386,ZEN-RAW-S09,SENSOR09,SENSOR09.CSV,row:12386,2024-09-10T07:12:00,LEG-02,REAL_PUBLIC_DATA,DERIVED
CP-DEMO-001,BATCH-DEMO-001,SHIP-DEMO-001,ZEN-RAW-S09:row:12387,ZEN-RAW-S09,SENSOR09,SENSOR09.CSV,row:12387,2024-09-10T07:12:05,LEG-02,REAL_PUBLIC_DATA,DERIVED
CP-DEMO-001,BATCH-DEMO-001,SHIP-DEMO-001,ZEN-RAW-S09:row:12388,ZEN-RAW-S09,SENSOR09,SENSOR09.CSV,row:12388,2024-09-10T07:12:10,LEG-02,REAL_PUBLIC_DATA,DERIVED
CP-DEMO-001,BATCH-DEMO-001,SHIP-DEMO-001,ZEN-RAW-S09:row:12389,ZEN-RAW-S09,SENSOR09,SENSOR09.CSV,row:12389,2024-09-10T07:12:15,LEG-02,REAL_PUBLIC_DATA,DERIVED
CP-DEMO-001,BATCH-DEMO-001,SHIP-DEMO-001,ZEN-RAW-S09:row:12390,ZEN-RAW-S09,SENSOR09,SENSOR09.CSV,row:12390,2024-09-10T07:12:20,LEG-02,REAL_PUBLIC_DATA,DERIVED
CP-DEMO-001,BATCH-DEMO-001,SHIP-DEMO-001,ZEN-RAW-S09:row:12391,ZEN-RAW-S09,SENSOR09,SENSOR09.CSV,row:12391,2024-09-10T07:12:25,LEG-02,REAL_PUBLIC_DATA,DERIVED
CP-DEMO-001,BATCH-DEMO-001,SHIP-DEMO-001,ZEN-RAW-S09:row:12392,ZEN-RAW-S09,SENSOR09,SENSOR09.CSV,row:12392,2024-09-10T07:12:30,LEG-02,REAL_PUBLIC_DATA,DERIVED
CP-DEMO-001,BATCH-DEMO-001,SHIP-DEMO-001,ZEN-RAW-S09:row:12393,ZEN-RAW-S09,SENSOR09,SENSOR09.CSV,row:12393,2024-09-10T07:12:35,LEG-02,REAL_PUBLIC_DATA,DERIVED
CP-DEMO-001,BATCH-DEMO-001,SHIP-DEMO-001,ZEN-RAW-S09:row:12394,ZEN-RAW-S09,SENSOR09,SENSOR09.CSV,row:12394,2024-09-10T07:12:40,LEG-02,REAL_PUBLIC_DATA,DERIVED
CP-DEMO-001,BATCH-DEMO-001,SHIP-DEMO-001,ZEN-RAW-S09:row:12395,ZEN-RAW-S09,SENSOR09,SENSOR09.CSV,row:12395,2024-09-10T07:12:45,LEG-02,REAL_PUBLIC_DATA,DERIVED
CP-DEMO-001,BATCH-DEMO-001,SHIP-DEMO-001,ZEN-RAW-S09:row:12396,ZEN-RAW-S09,SENSOR09,SENSOR09.CSV,row:12396,2024-09-10T07:12:50,LEG-02,REAL_PUBLIC_DATA,DERIVED
CP-DEMO-001,BATCH-DEMO-001,SHIP-DEMO-001,ZEN-RAW-S09:row:12397,ZEN-RAW-S09,SENSOR09,SENSOR09.CSV,row:12397,2024-09-10T07:12:55,LEG-02,REAL_PUBLIC_DATA,DERIVED
CP-DEMO-001,BATCH-DEMO-001,SHIP-DEMO-001,ZEN-RAW-S09:row:12398,ZEN-RAW-S09,SENSOR09,SENSOR09.CSV,row:12398,2024-09-10T07:13:00,LEG-02,REAL_PUBLIC_DATA,DERIVED
CP-DEMO-001,BATCH-DEMO-001,SHIP-DEMO-001,ZEN-RAW-S09:row:12399,ZEN-RAW-S09,SENSOR09,SENSOR09.CSV,row:12399,2024-09-10T07:13:05,LEG-02,REAL_PUBLIC_DATA,DERIVED
CP-DEMO-001,BATCH-DEMO-001,SHIP-DEMO-001,ZEN-RAW-S09:row:12400,ZEN-RAW-S09,SENSOR09,SENSOR09.CSV,row:12400,2024-09-10T07:13:10,LEG-02,REAL_PUBLIC_DATA,DERIVED
CP-DEMO-001,BATCH-DEMO-001,SHIP-DEMO-001,ZEN-RAW-S09:row:12401,ZEN-RAW-S09,SENSOR09,SENSOR09.CSV,row:12401,2024-09-10T07:13:15,LEG-02,REAL_PUBLIC_DATA,DERIVED
CP-DEMO-001,BATCH-DEMO-001,SHIP-DEMO-001,ZEN-RAW-S09:row:12402,ZEN-RAW-S09,SENSOR09,SENSOR09.CSV,row:12402,2024-09-10T07:13:20,LEG-02,REAL_PUBLIC_DATA,DERIVED
CP-DEMO-001,BATCH-DEMO-001,SHIP-DEMO-001,ZEN-RAW-S09:row:12403,ZEN-RAW-S09,SENSOR09,SENSOR09.CSV,row:12403,2024-09-10T07:13:25,LEG-02,REAL_PUBLIC_DATA,DERIVED
CP-DEMO-001,BATCH-DEMO-001,SHIP-DEMO-001,ZEN-RAW-S09:row:12404,ZEN-RAW-S09,SENSOR09,SENSOR09.CSV,row:12404,2024-09-10T07:13:30,LEG-02,REAL_PUBLIC_DATA,DERIVED
CP-DEMO-001,BATCH-DEMO-001,SHIP-DEMO-001,ZEN-RAW-S09:row:12405,ZEN-RAW-S09,SENSOR09,SENSOR09.CSV,row:12405,2024-09-10T07:13:35,LEG-02,REAL_PUBLIC_DATA,DERIVED
CP-DEMO-001,BATCH-DEMO-001,SHIP-DEMO-001,ZEN-RAW-S09:row:12406,ZEN-RAW-S09,SENSOR09,SENSOR09.CSV,row:12406,2024-09-10T07:13:40,LEG-02,REAL_PUBLIC_DATA,DERIVED
CP-DEMO-001,BATCH-DEMO-001,SHIP-DEMO-001,ZEN-RAW-S09:row:12407,ZEN-RAW-S09,SENSOR09,SENSOR09.CSV,row:12407,2024-09-10T07:13:45,LEG-02,REAL_PUBLIC_DATA,DERIVED
CP-DEMO-001,BATCH-DEMO-001,SHIP-DEMO-001,ZEN-RAW-S09:row:12408,ZEN-RAW-S09,SENSOR09,SENSOR09.CSV,row:12408,2024-09-10T07:13:50,LEG-02,REAL_PUBLIC_DATA,DERIVED
CP-DEMO-001,BATCH-DEMO-001,SHIP-DEMO-001,ZEN-RAW-S09:row:12409,ZEN-RAW-S09,SENSOR09,SENSOR09.CSV,row:12409,2024-09-10T07:13:55,LEG-02,REAL_PUBLIC_DATA,DERIVED
CP-DEMO-001,BATCH-DEMO-001,SHIP-DEMO-001,ZEN-RAW-S09:row:12410,ZEN-RAW-S09,SENSOR09,SENSOR09.CSV,row:12410,2024-09-10T07:14:00,LEG-02,REAL_PUBLIC_DATA,DERIVED
CP-DEMO-001,BATCH-DEMO-001,SHIP-DEMO-001,ZEN-RAW-S09:row:12411,ZEN-RAW-S09,SENSOR09,SENSOR09.CSV,row:12411,2024-09-10T07:14:05,LEG-02,REAL_PUBLIC_DATA,DERIVED
CP-DEMO-001,BATCH-DEMO-001,SHIP-DEMO-001,ZEN-RAW-S09:row:12412,ZEN-RAW-S09,SENSOR09,SENSOR09.CSV,row:12412,2024-09-10T07:14:10,LEG-02,REAL_PUBLIC_DATA,DERIVED
CP-DEMO-001,BATCH-DEMO-001,SHIP-DEMO-001,ZEN-RAW-S09:row:12413,ZEN-RAW-S09,SENSOR09,SENSOR09.CSV,row:12413,2024-09-10T07:14:15,LEG-02,REAL_PUBLIC_DATA,DERIVED
CP-DEMO-001,BATCH-DEMO-001,SHIP-DEMO-001,ZEN-RAW-S09:row:12414,ZEN-RAW-S09,SENSOR09,SENSOR09.CSV,row:12414,2024-09-10T07:14:20,LEG-02,REAL_PUBLIC_DATA,DERIVED
CP-DEMO-001,BATCH-DEMO-001,SHIP-DEMO-001,ZEN-RAW-S09:row:12415,ZEN-RAW-S09,SENSOR09,SENSOR09.CSV,row:12415,2024-09-10T07:14:25,LEG-02,REAL_PUBLIC_DATA,DERIVED
CP-DEMO-001,BATCH-DEMO-001,SHIP-DEMO-001,ZEN-RAW-S09:row:12416,ZEN-RAW-S09,SENSOR09,SENSOR09.CSV,row:12416,2024-09-10T07:14:30,LEG-02,REAL_PUBLIC_DATA,DERIVED
CP-DEMO-001,BATCH-DEMO-001,SHIP-DEMO-001,ZEN-RAW-S09:row:12417,ZEN-RAW-S09,SENSOR09,SENSOR09.CSV,row:12417,2024-09-10T07:14:35,LEG-02,REAL_PUBLIC_DATA,DERIVED
CP-DEMO-001,BATCH-DEMO-001,SHIP-DEMO-001,ZEN-RAW-S09:row:12418,ZEN-RAW-S09,SENSOR09,SENSOR09.CSV,row:12418,2024-09-10T07:14:40,LEG-02,REAL_PUBLIC_DATA,DERIVED
CP-DEMO-001,BATCH-DEMO-001,SHIP-DEMO-001,ZEN-RAW-S09:row:12419,ZEN-RAW-S09,SENSOR09,SENSOR09.CSV,row:12419,2024-09-10T07:14:45,LEG-02,REAL_PUBLIC_DATA,DERIVED
CP-DEMO-001,BATCH-DEMO-001,SHIP-DEMO-001,ZEN-RAW-S09:row:12420,ZEN-RAW-S09,SENSOR09,SENSOR09.CSV,row:12420,2024-09-10T07:14:50,LEG-02,REAL_PUBLIC_DATA,DERIVED
CP-DEMO-001,BATCH-DEMO-001,SHIP-DEMO-001,ZEN-RAW-S09:row:12421,ZEN-RAW-S09,SENSOR09,SENSOR09.CSV,row:12421,2024-09-10T07:14:55,LEG-02,REAL_PUBLIC_DATA,DERIVED
CP-DEMO-001,BATCH-DEMO-001,SHIP-DEMO-001,ZEN-RAW-S09:row:12422,ZEN-RAW-S09,SENSOR09,SENSOR09.CSV,row:12422,2024-09-10T07:15:00,LEG-02,REAL_PUBLIC_DATA,DERIVED
CP-DEMO-001,BATCH-DEMO-001,SHIP-DEMO-001,ZEN-RAW-S09:row:12423,ZEN-RAW-S09,SENSOR09,SENSOR09.CSV,row:12423,2024-09-10T07:15:05,LEG-02,REAL_PUBLIC_DATA,DERIVED
CP-DEMO-001,BATCH-DEMO-001,SHIP-DEMO-001,ZEN-RAW-S09:row:12424,ZEN-RAW-S09,SENSOR09,SENSOR09.CSV,row:12424,2024-09-10T07:15:10,LEG-02,REAL_PUBLIC_DATA,DERIVED
CP-DEMO-001,BATCH-DEMO-001,SHIP-DEMO-001,ZEN-RAW-S09:row:12425,ZEN-RAW-S09,SENSOR09,SENSOR09.CSV,row:12425,2024-09-10T07:15:15,LEG-02,REAL_PUBLIC_DATA,DERIVED
CP-DEMO-001,BATCH-DEMO-001,SHIP-DEMO-001,ZEN-RAW-S09:row:12426,ZEN-RAW-S09,SENSOR09,SENSOR09.CSV,row:12426,2024-09-10T07:15:20,LEG-02,REAL_PUBLIC_DATA,DERIVED
CP-DEMO-001,BATCH-DEMO-001,SHIP-DEMO-001,ZEN-RAW-S09:row:12427,ZEN-RAW-S09,SENSOR09,SENSOR09.CSV,row:12427,2024-09-10T07:15:25,LEG-02,REAL_PUBLIC_DATA,DERIVED
CP-DEMO-001,BATCH-DEMO-001,SHIP-DEMO-001,ZEN-RAW-S09:row:12428,ZEN-RAW-S09,SENSOR09,SENSOR09.CSV,row:12428,2024-09-10T07:15:30,LEG-02,REAL_PUBLIC_DATA,DERIVED
CP-DEMO-001,BATCH-DEMO-001,SHIP-DEMO-001,ZEN-RAW-S09:row:12429,ZEN-RAW-S09,SENSOR09,SENSOR09.CSV,row:12429,2024-09-10T07:15:35,LEG-02,REAL_PUBLIC_DATA,DERIVED
CP-DEMO-001,BATCH-DEMO-001,SHIP-DEMO-001,ZEN-RAW-S09:row:12430,ZEN-RAW-S09,SENSOR09,SENSOR09.CSV,row:12430,2024-09-10T07:15:40,LEG-02,REAL_PUBLIC_DATA,DERIVED
CP-DEMO-001,BATCH-DEMO-001,SHIP-DEMO-001,ZEN-RAW-S09:row:12431,ZEN-RAW-S09,SENSOR09,SENSOR09.CSV,row:12431,2024-09-10T07:15:45,LEG-02,REAL_PUBLIC_DATA,DERIVED
CP-DEMO-001,BATCH-DEMO-001,SHIP-DEMO-001,ZEN-RAW-S09:row:12432,ZEN-RAW-S09,SENSOR09,SENSOR09.CSV,row:12432,2024-09-10T07:15:50,LEG-02,REAL_PUBLIC_DATA,DERIVED
CP-DEMO-001,BATCH-DEMO-001,SHIP-DEMO-001,ZEN-RAW-S09:row:12433,ZEN-RAW-S09,SENSOR09,SENSOR09.CSV,row:12433,2024-09-10T07:15:55,LEG-02,REAL_PUBLIC_DATA,DERIVED
CP-DEMO-001,BATCH-DEMO-001,SHIP-DEMO-001,ZEN-RAW-S09:row:12434,ZEN-RAW-S09,SENSOR09,SENSOR09.CSV,row:12434,2024-09-10T07:16:00,LEG-02,REAL_PUBLIC_DATA,DERIVED
CP-DEMO-001,BATCH-DEMO-001,SHIP-DEMO-001,ZEN-RAW-S09:row:12435,ZEN-RAW-S09,SENSOR09,SENSOR09.CSV,row:12435,2024-09-10T07:16:05,LEG-02,REAL_PUBLIC_DATA,DERIVED
CP-DEMO-001,BATCH-DEMO-001,SHIP-DEMO-001,ZEN-RAW-S09:row:12436,ZEN-RAW-S09,SENSOR09,SENSOR09.CSV,row:12436,2024-09-10T07:16:10,LEG-02,REAL_PUBLIC_DATA,DERIVED
CP-DEMO-001,BATCH-DEMO-001,SHIP-DEMO-001,ZEN-RAW-S09:row:12437,ZEN-RAW-S09,SENSOR09,SENSOR09.CSV,row:12437,2024-09-10T07:16:15,LEG-02,REAL_PUBLIC_DATA,DERIVED
CP-DEMO-001,BATCH-DEMO-001,SHIP-DEMO-001,ZEN-RAW-S09:row:12438,ZEN-RAW-S09,SENSOR09,SENSOR09.CSV,row:12438,2024-09-10T07:16:20,LEG-02,REAL_PUBLIC_DATA,DERIVED
CP-DEMO-001,BATCH-DEMO-001,SHIP-DEMO-001,ZEN-RAW-S09:row:12439,ZEN-RAW-S09,SENSOR09,SENSOR09.CSV,row:12439,2024-09-10T07:16:25,LEG-02,REAL_PUBLIC_DATA,DERIVED
CP-DEMO-001,BATCH-DEMO-001,SHIP-DEMO-001,ZEN-RAW-S09:row:12440,ZEN-RAW-S09,SENSOR09,SENSOR09.CSV,row:12440,2024-09-10T07:16:30,LEG-02,REAL_PUBLIC_DATA,DERIVED
CP-DEMO-001,BATCH-DEMO-001,SHIP-DEMO-001,ZEN-RAW-S09:row:12441,ZEN-RAW-S09,SENSOR09,SENSOR09.CSV,row:12441,2024-09-10T07:16:35,LEG-02,REAL_PUBLIC_DATA,DERIVED
CP-DEMO-001,BATCH-DEMO-001,SHIP-DEMO-001,ZEN-RAW-S09:row:12442,ZEN-RAW-S09,SENSOR09,SENSOR09.CSV,row:12442,2024-09-10T07:16:40,LEG-02,REAL_PUBLIC_DATA,DERIVED
CP-DEMO-001,BATCH-DEMO-001,SHIP-DEMO-001,ZEN-RAW-S09:row:12443,ZEN-RAW-S09,SENSOR09,SENSOR09.CSV,row:12443,2024-09-10T07:16:45,LEG-02,REAL_PUBLIC_DATA,DERIVED
CP-DEMO-001,BATCH-DEMO-001,SHIP-DEMO-001,ZEN-RAW-S09:row:12444,ZEN-RAW-S09,SENSOR09,SENSOR09.CSV,row:12444,2024-09-10T07:16:50,LEG-02,REAL_PUBLIC_DATA,DERIVED
CP-DEMO-001,BATCH-DEMO-001,SHIP-DEMO-001,ZEN-RAW-S09:row:12445,ZEN-RAW-S09,SENSOR09,SENSOR09.CSV,row:12445,2024-09-10T07:16:55,LEG-02,REAL_PUBLIC_DATA,DERIVED
CP-DEMO-001,BATCH-DEMO-001,SHIP-DEMO-001,ZEN-RAW-S09:row:12446,ZEN-RAW-S09,SENSOR09,SENSOR09.CSV,row:12446,2024-09-10T07:17:00,LEG-02,REAL_PUBLIC_DATA,DERIVED
CP-DEMO-001,BATCH-DEMO-001,SHIP-DEMO-001,ZEN-RAW-S09:row:12447,ZEN-RAW-S09,SENSOR09,SENSOR09.CSV,row:12447,2024-09-10T07:17:05,LEG-02,REAL_PUBLIC_DATA,DERIVED
CP-DEMO-001,BATCH-DEMO-001,SHIP-DEMO-001,ZEN-RAW-S09:row:12448,ZEN-RAW-S09,SENSOR09,SENSOR09.CSV,row:12448,2024-09-10T07:17:10,LEG-02,REAL_PUBLIC_DATA,DERIVED
CP-DEMO-001,BATCH-DEMO-001,SHIP-DEMO-001,ZEN-RAW-S09:row:12449,ZEN-RAW-S09,SENSOR09,SENSOR09.CSV,row:12449,2024-09-10T07:17:15,LEG-02,REAL_PUBLIC_DATA,DERIVED
CP-DEMO-001,BATCH-DEMO-001,SHIP-DEMO-001,ZEN-RAW-S09:row:12450,ZEN-RAW-S09,SENSOR09,SENSOR09.CSV,row:12450,2024-09-10T07:17:20,LEG-02,REAL_PUBLIC_DATA,DERIVED
CP-DEMO-001,BATCH-DEMO-001,SHIP-DEMO-001,ZEN-RAW-S09:row:12451,ZEN-RAW-S09,SENSOR09,SENSOR09.CSV,row:12451,2024-09-10T07:17:25,LEG-02,REAL_PUBLIC_DATA,DERIVED
CP-DEMO-001,BATCH-DEMO-001,SHIP-DEMO-001,ZEN-RAW-S09:row:12452,ZEN-RAW-S09,SENSOR09,SENSOR09.CSV,row:12452,2024-09-10T07:17:30,LEG-02,REAL_PUBLIC_DATA,DERIVED
CP-DEMO-001,BATCH-DEMO-001,SHIP-DEMO-001,ZEN-RAW-S09:row:12453,ZEN-RAW-S09,SENSOR09,SENSOR09.CSV,row:12453,2024-09-10T07:17:35,LEG-02,REAL_PUBLIC_DATA,DERIVED
CP-DEMO-001,BATCH-DEMO-001,SHIP-DEMO-001,ZEN-RAW-S09:row:12454,ZEN-RAW-S09,SENSOR09,SENSOR09.CSV,row:12454,2024-09-10T07:17:40,LEG-02,REAL_PUBLIC_DATA,DERIVED
CP-DEMO-001,BATCH-DEMO-001,SHIP-DEMO-001,ZEN-RAW-S09:row:12455,ZEN-RAW-S09,SENSOR09,SENSOR09.CSV,row:12455,2024-09-10T07:17:45,LEG-02,REAL_PUBLIC_DATA,DERIVED
CP-DEMO-001,BATCH-DEMO-001,SHIP-DEMO-001,ZEN-RAW-S09:row:12456,ZEN-RAW-S09,SENSOR09,SENSOR09.CSV,row:12456,2024-09-10T07:17:50,LEG-02,REAL_PUBLIC_DATA,DERIVED
CP-DEMO-001,BATCH-DEMO-001,SHIP-DEMO-001,ZEN-RAW-S09:row:12457,ZEN-RAW-S09,SENSOR09,SENSOR09.CSV,row:12457,2024-09-10T07:17:55,LEG-02,REAL_PUBLIC_DATA,DERIVED
CP-DEMO-001,BATCH-DEMO-001,SHIP-DEMO-001,ZEN-RAW-S09:row:12458,ZEN-RAW-S09,SENSOR09,SENSOR09.CSV,row:12458,2024-09-10T07:18:00,LEG-02,REAL_PUBLIC_DATA,DERIVED
CP-DEMO-001,BATCH-DEMO-001,SHIP-DEMO-001,ZEN-RAW-S09:row:12459,ZEN-RAW-S09,SENSOR09,SENSOR09.CSV,row:12459,2024-09-10T07:18:05,LEG-02,REAL_PUBLIC_DATA,DERIVED
CP-DEMO-001,BATCH-DEMO-001,SHIP-DEMO-001,ZEN-RAW-S09:row:12460,ZEN-RAW-S09,SENSOR09,SENSOR09.CSV,row:12460,2024-09-10T07:18:10,LEG-02,REAL_PUBLIC_DATA,DERIVED
CP-DEMO-001,BATCH-DEMO-001,SHIP-DEMO-001,ZEN-RAW-S09:row:12461,ZEN-RAW-S09,SENSOR09,SENSOR09.CSV,row:12461,2024-09-10T07:18:15,LEG-02,REAL_PUBLIC_DATA,DERIVED
CP-DEMO-001,BATCH-DEMO-001,SHIP-DEMO-001,ZEN-RAW-S09:row:12462,ZEN-RAW-S09,SENSOR09,SENSOR09.CSV,row:12462,2024-09-10T07:18:20,LEG-02,REAL_PUBLIC_DATA,DERIVED
CP-DEMO-001,BATCH-DEMO-001,SHIP-DEMO-001,ZEN-RAW-S09:row:12463,ZEN-RAW-S09,SENSOR09,SENSOR09.CSV,row:12463,2024-09-10T07:18:25,LEG-02,REAL_PUBLIC_DATA,DERIVED
CP-DEMO-001,BATCH-DEMO-001,SHIP-DEMO-001,ZEN-RAW-S09:row:12464,ZEN-RAW-S09,SENSOR09,SENSOR09.CSV,row:12464,2024-09-10T07:18:30,LEG-02,REAL_PUBLIC_DATA,DERIVED
CP-DEMO-001,BATCH-DEMO-001,SHIP-DEMO-001,ZEN-RAW-S09:row:12465,ZEN-RAW-S09,SENSOR09,SENSOR09.CSV,row:12465,2024-09-10T07:18:35,LEG-02,REAL_PUBLIC_DATA,DERIVED
CP-DEMO-001,BATCH-DEMO-001,SHIP-DEMO-001,ZEN-RAW-S09:row:12466,ZEN-RAW-S09,SENSOR09,SENSOR09.CSV,row:12466,2024-09-10T07:18:40,LEG-02,REAL_PUBLIC_DATA,DERIVED
CP-DEMO-001,BATCH-DEMO-001,SHIP-DEMO-001,ZEN-RAW-S09:row:12467,ZEN-RAW-S09,SENSOR09,SENSOR09.CSV,row:12467,2024-09-10T07:18:45,LEG-02,REAL_PUBLIC_DATA,DERIVED
CP-DEMO-001,BATCH-DEMO-001,SHIP-DEMO-001,ZEN-RAW-S09:row:12468,ZEN-RAW-S09,SENSOR09,SENSOR09.CSV,row:12468,2024-09-10T07:18:50,LEG-02,REAL_PUBLIC_DATA,DERIVED
CP-DEMO-001,BATCH-DEMO-001,SHIP-DEMO-001,ZEN-RAW-S09:row:12469,ZEN-RAW-S09,SENSOR09,SENSOR09.CSV,row:12469,2024-09-10T07:18:55,LEG-02,REAL_PUBLIC_DATA,DERIVED
CP-DEMO-001,BATCH-DEMO-001,SHIP-DEMO-001,ZEN-RAW-S09:row:12470,ZEN-RAW-S09,SENSOR09,SENSOR09.CSV,row:12470,2024-09-10T07:19:00,LEG-02,REAL_PUBLIC_DATA,DERIVED
CP-DEMO-001,BATCH-DEMO-001,SHIP-DEMO-001,ZEN-RAW-S09:row:12471,ZEN-RAW-S09,SENSOR09,SENSOR09.CSV,row:12471,2024-09-10T07:19:05,LEG-02,REAL_PUBLIC_DATA,DERIVED
CP-DEMO-001,BATCH-DEMO-001,SHIP-DEMO-001,ZEN-RAW-S09:row:12472,ZEN-RAW-S09,SENSOR09,SENSOR09.CSV,row:12472,2024-09-10T07:19:10,LEG-02,REAL_PUBLIC_DATA,DERIVED
CP-DEMO-001,BATCH-DEMO-001,SHIP-DEMO-001,ZEN-RAW-S09:row:12473,ZEN-RAW-S09,SENSOR09,SENSOR09.CSV,row:12473,2024-09-10T07:19:15,LEG-02,REAL_PUBLIC_DATA,DERIVED
CP-DEMO-001,BATCH-DEMO-001,SHIP-DEMO-001,ZEN-RAW-S09:row:12474,ZEN-RAW-S09,SENSOR09,SENSOR09.CSV,row:12474,2024-09-10T07:19:20,LEG-02,REAL_PUBLIC_DATA,DERIVED
CP-DEMO-001,BATCH-DEMO-001,SHIP-DEMO-001,ZEN-RAW-S09:row:12475,ZEN-RAW-S09,SENSOR09,SENSOR09.CSV,row:12475,2024-09-10T07:19:25,LEG-02,REAL_PUBLIC_DATA,DERIVED
CP-DEMO-001,BATCH-DEMO-001,SHIP-DEMO-001,ZEN-RAW-S09:row:12476,ZEN-RAW-S09,SENSOR09,SENSOR09.CSV,row:12476,2024-09-10T07:19:30,LEG-02,REAL_PUBLIC_DATA,DERIVED
CP-DEMO-001,BATCH-DEMO-001,SHIP-DEMO-001,ZEN-RAW-S09:row:12477,ZEN-RAW-S09,SENSOR09,SENSOR09.CSV,row:12477,2024-09-10T07:19:35,LEG-02,REAL_PUBLIC_DATA,DERIVED
CP-DEMO-001,BATCH-DEMO-001,SHIP-DEMO-001,ZEN-RAW-S09:row:12478,ZEN-RAW-S09,SENSOR09,SENSOR09.CSV,row:12478,2024-09-10T07:19:40,LEG-02,REAL_PUBLIC_DATA,DERIVED
CP-DEMO-001,BATCH-DEMO-001,SHIP-DEMO-001,ZEN-RAW-S09:row:12479,ZEN-RAW-S09,SENSOR09,SENSOR09.CSV,row:12479,2024-09-10T07:19:45,LEG-02,REAL_PUBLIC_DATA,DERIVED
CP-DEMO-001,BATCH-DEMO-001,SHIP-DEMO-001,ZEN-RAW-S09:row:12480,ZEN-RAW-S09,SENSOR09,SENSOR09.CSV,row:12480,2024-09-10T07:19:50,LEG-02,REAL_PUBLIC_DATA,DERIVED
CP-DEMO-001,BATCH-DEMO-001,SHIP-DEMO-001,ZEN-RAW-S09:row:12481,ZEN-RAW-S09,SENSOR09,SENSOR09.CSV,row:12481,2024-09-10T07:19:55,LEG-02,REAL_PUBLIC_DATA,DERIVED
CP-DEMO-001,BATCH-DEMO-001,SHIP-DEMO-001,ZEN-RAW-S09:row:12482,ZEN-RAW-S09,SENSOR09,SENSOR09.CSV,row:12482,2024-09-10T07:20:00,LEG-02,REAL_PUBLIC_DATA,DERIVED
CP-DEMO-001,BATCH-DEMO-001,SHIP-DEMO-001,ZEN-RAW-S09:row:12483,ZEN-RAW-S09,SENSOR09,SENSOR09.CSV,row:12483,2024-09-10T07:20:05,LEG-02,REAL_PUBLIC_DATA,DERIVED
CP-DEMO-001,BATCH-DEMO-001,SHIP-DEMO-001,ZEN-RAW-S09:row:12484,ZEN-RAW-S09,SENSOR09,SENSOR09.CSV,row:12484,2024-09-10T07:20:10,LEG-02,REAL_PUBLIC_DATA,DERIVED
CP-DEMO-001,BATCH-DEMO-001,SHIP-DEMO-001,ZEN-RAW-S09:row:12485,ZEN-RAW-S09,SENSOR09,SENSOR09.CSV,row:12485,2024-09-10T07:20:15,LEG-02,REAL_PUBLIC_DATA,DERIVED
CP-DEMO-001,BATCH-DEMO-001,SHIP-DEMO-001,ZEN-RAW-S09:row:12486,ZEN-RAW-S09,SENSOR09,SENSOR09.CSV,row:12486,2024-09-10T07:20:20,LEG-02,REAL_PUBLIC_DATA,DERIVED
CP-DEMO-001,BATCH-DEMO-001,SHIP-DEMO-001,ZEN-RAW-S09:row:12487,ZEN-RAW-S09,SENSOR09,SENSOR09.CSV,row:12487,2024-09-10T07:20:25,LEG-02,REAL_PUBLIC_DATA,DERIVED
CP-DEMO-001,BATCH-DEMO-001,SHIP-DEMO-001,ZEN-RAW-S09:row:12488,ZEN-RAW-S09,SENSOR09,SENSOR09.CSV,row:12488,2024-09-10T07:20:30,LEG-02,REAL_PUBLIC_DATA,DERIVED
CP-DEMO-001,BATCH-DEMO-001,SHIP-DEMO-001,ZEN-RAW-S09:row:12489,ZEN-RAW-S09,SENSOR09,SENSOR09.CSV,row:12489,2024-09-10T07:20:35,LEG-02,REAL_PUBLIC_DATA,DERIVED
CP-DEMO-001,BATCH-DEMO-001,SHIP-DEMO-001,ZEN-RAW-S09:row:12490,ZEN-RAW-S09,SENSOR09,SENSOR09.CSV,row:12490,2024-09-10T07:20:40,LEG-02,REAL_PUBLIC_DATA,DERIVED
CP-DEMO-001,BATCH-DEMO-001,SHIP-DEMO-001,ZEN-RAW-S09:row:12491,ZEN-RAW-S09,SENSOR09,SENSOR09.CSV,row:12491,2024-09-10T07:20:45,LEG-02,REAL_PUBLIC_DATA,DERIVED
CP-DEMO-001,BATCH-DEMO-001,SHIP-DEMO-001,ZEN-RAW-S09:row:12492,ZEN-RAW-S09,SENSOR09,SENSOR09.CSV,row:12492,2024-09-10T07:20:50,LEG-02,REAL_PUBLIC_DATA,DERIVED
CP-DEMO-001,BATCH-DEMO-001,SHIP-DEMO-001,ZEN-RAW-S09:row:12493,ZEN-RAW-S09,SENSOR09,SENSOR09.CSV,row:12493,2024-09-10T07:20:55,LEG-02,REAL_PUBLIC_DATA,DERIVED
CP-DEMO-001,BATCH-DEMO-001,SHIP-DEMO-001,ZEN-RAW-S09:row:12494,ZEN-RAW-S09,SENSOR09,SENSOR09.CSV,row:12494,2024-09-10T07:21:00,LEG-02,REAL_PUBLIC_DATA,DERIVED
CP-DEMO-001,BATCH-DEMO-001,SHIP-DEMO-001,ZEN-RAW-S09:row:12495,ZEN-RAW-S09,SENSOR09,SENSOR09.CSV,row:12495,2024-09-10T07:21:05,LEG-02,REAL_PUBLIC_DATA,DERIVED
CP-DEMO-001,BATCH-DEMO-001,SHIP-DEMO-001,ZEN-RAW-S09:row:12496,ZEN-RAW-S09,SENSOR09,SENSOR09.CSV,row:12496,2024-09-10T07:21:10,LEG-02,REAL_PUBLIC_DATA,DERIVED
CP-DEMO-001,BATCH-DEMO-001,SHIP-DEMO-001,ZEN-RAW-S09:row:12497,ZEN-RAW-S09,SENSOR09,SENSOR09.CSV,row:12497,2024-09-10T07:21:15,LEG-02,REAL_PUBLIC_DATA,DERIVED
CP-DEMO-001,BATCH-DEMO-001,SHIP-DEMO-001,ZEN-RAW-S09:row:12498,ZEN-RAW-S09,SENSOR09,SENSOR09.CSV,row:12498,2024-09-10T07:21:20,LEG-02,REAL_PUBLIC_DATA,DERIVED
CP-DEMO-001,BATCH-DEMO-001,SHIP-DEMO-001,ZEN-RAW-S09:row:12499,ZEN-RAW-S09,SENSOR09,SENSOR09.CSV,row:12499,2024-09-10T07:21:25,LEG-02,REAL_PUBLIC_DATA,DERIVED
CP-DEMO-001,BATCH-DEMO-001,SHIP-DEMO-001,ZEN-RAW-S09:row:12500,ZEN-RAW-S09,SENSOR09,SENSOR09.CSV,row:12500,2024-09-10T07:21:30,LEG-02,REAL_PUBLIC_DATA,DERIVED
CP-DEMO-001,BATCH-DEMO-001,SHIP-DEMO-001,ZEN-RAW-S09:row:12501,ZEN-RAW-S09,SENSOR09,SENSOR09.CSV,row:12501,2024-09-10T07:21:35,LEG-02,REAL_PUBLIC_DATA,DERIVED
CP-DEMO-001,BATCH-DEMO-001,SHIP-DEMO-001,ZEN-RAW-S09:row:12502,ZEN-RAW-S09,SENSOR09,SENSOR09.CSV,row:12502,2024-09-10T07:21:40,LEG-02,REAL_PUBLIC_DATA,DERIVED
CP-DEMO-001,BATCH-DEMO-001,SHIP-DEMO-001,ZEN-RAW-S09:row:12503,ZEN-RAW-S09,SENSOR09,SENSOR09.CSV,row:12503,2024-09-10T07:21:45,LEG-02,REAL_PUBLIC_DATA,DERIVED
CP-DEMO-001,BATCH-DEMO-001,SHIP-DEMO-001,ZEN-RAW-S09:row:12504,ZEN-RAW-S09,SENSOR09,SENSOR09.CSV,row:12504,2024-09-10T07:21:50,LEG-02,REAL_PUBLIC_DATA,DERIVED
CP-DEMO-001,BATCH-DEMO-001,SHIP-DEMO-001,ZEN-RAW-S09:row:12505,ZEN-RAW-S09,SENSOR09,SENSOR09.CSV,row:12505,2024-09-10T07:21:55,LEG-02,REAL_PUBLIC_DATA,DERIVED
CP-DEMO-001,BATCH-DEMO-001,SHIP-DEMO-001,ZEN-RAW-S09:row:12506,ZEN-RAW-S09,SENSOR09,SENSOR09.CSV,row:12506,2024-09-10T07:22:00,LEG-02,REAL_PUBLIC_DATA,DERIVED
CP-DEMO-001,BATCH-DEMO-001,SHIP-DEMO-001,ZEN-RAW-S09:row:12507,ZEN-RAW-S09,SENSOR09,SENSOR09.CSV,row:12507,2024-09-10T07:22:05,LEG-02,REAL_PUBLIC_DATA,DERIVED
CP-DEMO-001,BATCH-DEMO-001,SHIP-DEMO-001,ZEN-RAW-S09:row:12508,ZEN-RAW-S09,SENSOR09,SENSOR09.CSV,row:12508,2024-09-10T07:22:10,LEG-02,REAL_PUBLIC_DATA,DERIVED
CP-DEMO-001,BATCH-DEMO-001,SHIP-DEMO-001,ZEN-RAW-S09:row:12509,ZEN-RAW-S09,SENSOR09,SENSOR09.CSV,row:12509,2024-09-10T07:22:15,LEG-02,REAL_PUBLIC_DATA,DERIVED
CP-DEMO-001,BATCH-DEMO-001,SHIP-DEMO-001,ZEN-RAW-S09:row:12510,ZEN-RAW-S09,SENSOR09,SENSOR09.CSV,row:12510,2024-09-10T07:22:20,LEG-02,REAL_PUBLIC_DATA,DERIVED
CP-DEMO-001,BATCH-DEMO-001,SHIP-DEMO-001,ZEN-RAW-S09:row:12511,ZEN-RAW-S09,SENSOR09,SENSOR09.CSV,row:12511,2024-09-10T07:22:25,LEG-02,REAL_PUBLIC_DATA,DERIVED
CP-DEMO-001,BATCH-DEMO-001,SHIP-DEMO-001,ZEN-RAW-S09:row:12512,ZEN-RAW-S09,SENSOR09,SENSOR09.CSV,row:12512,2024-09-10T07:22:30,LEG-02,REAL_PUBLIC_DATA,DERIVED
CP-DEMO-001,BATCH-DEMO-001,SHIP-DEMO-001,ZEN-RAW-S09:row:12513,ZEN-RAW-S09,SENSOR09,SENSOR09.CSV,row:12513,2024-09-10T07:22:35,LEG-02,REAL_PUBLIC_DATA,DERIVED
CP-DEMO-001,BATCH-DEMO-001,SHIP-DEMO-001,ZEN-RAW-S09:row:12514,ZEN-RAW-S09,SENSOR09,SENSOR09.CSV,row:12514,2024-09-10T07:22:40,LEG-02,REAL_PUBLIC_DATA,DERIVED
CP-DEMO-001,BATCH-DEMO-001,SHIP-DEMO-001,ZEN-RAW-S09:row:12515,ZEN-RAW-S09,SENSOR09,SENSOR09.CSV,row:12515,2024-09-10T07:22:45,LEG-02,REAL_PUBLIC_DATA,DERIVED
CP-DEMO-001,BATCH-DEMO-001,SHIP-DEMO-001,ZEN-RAW-S09:row:12516,ZEN-RAW-S09,SENSOR09,SENSOR09.CSV,row:12516,2024-09-10T07:22:50,LEG-02,REAL_PUBLIC_DATA,DERIVED
CP-DEMO-001,BATCH-DEMO-001,SHIP-DEMO-001,ZEN-RAW-S09:row:12517,ZEN-RAW-S09,SENSOR09,SENSOR09.CSV,row:12517,2024-09-10T07:22:55,LEG-02,REAL_PUBLIC_DATA,DERIVED
CP-DEMO-001,BATCH-DEMO-001,SHIP-DEMO-001,ZEN-RAW-S09:row:12518,ZEN-RAW-S09,SENSOR09,SENSOR09.CSV,row:12518,2024-09-10T07:23:00,LEG-02,REAL_PUBLIC_DATA,DERIVED
CP-DEMO-001,BATCH-DEMO-001,SHIP-DEMO-001,ZEN-RAW-S09:row:12519,ZEN-RAW-S09,SENSOR09,SENSOR09.CSV,row:12519,2024-09-10T07:23:05,LEG-02,REAL_PUBLIC_DATA,DERIVED
CP-DEMO-001,BATCH-DEMO-001,SHIP-DEMO-001,ZEN-RAW-S09:row:12520,ZEN-RAW-S09,SENSOR09,SENSOR09.CSV,row:12520,2024-09-10T07:23:10,LEG-02,REAL_PUBLIC_DATA,DERIVED
CP-DEMO-001,BATCH-DEMO-001,SHIP-DEMO-001,ZEN-RAW-S09:row:12521,ZEN-RAW-S09,SENSOR09,SENSOR09.CSV,row:12521,2024-09-10T07:23:15,LEG-02,REAL_PUBLIC_DATA,DERIVED
CP-DEMO-001,BATCH-DEMO-001,SHIP-DEMO-001,ZEN-RAW-S09:row:12522,ZEN-RAW-S09,SENSOR09,SENSOR09.CSV,row:12522,2024-09-10T07:23:20,LEG-02,REAL_PUBLIC_DATA,DERIVED
CP-DEMO-001,BATCH-DEMO-001,SHIP-DEMO-001,ZEN-RAW-S09:row:12523,ZEN-RAW-S09,SENSOR09,SENSOR09.CSV,row:12523,2024-09-10T07:23:25,LEG-02,REAL_PUBLIC_DATA,DERIVED
CP-DEMO-001,BATCH-DEMO-001,SHIP-DEMO-001,ZEN-RAW-S09:row:12524,ZEN-RAW-S09,SENSOR09,SENSOR09.CSV,row:12524,2024-09-10T07:23:30,LEG-02,REAL_PUBLIC_DATA,DERIVED
CP-DEMO-001,BATCH-DEMO-001,SHIP-DEMO-001,ZEN-RAW-S09:row:12525,ZEN-RAW-S09,SENSOR09,SENSOR09.CSV,row:12525,2024-09-10T07:23:35,LEG-02,REAL_PUBLIC_DATA,DERIVED
CP-DEMO-001,BATCH-DEMO-001,SHIP-DEMO-001,ZEN-RAW-S09:row:12526,ZEN-RAW-S09,SENSOR09,SENSOR09.CSV,row:12526,2024-09-10T07:23:40,LEG-02,REAL_PUBLIC_DATA,DERIVED
CP-DEMO-001,BATCH-DEMO-001,SHIP-DEMO-001,ZEN-RAW-S09:row:12527,ZEN-RAW-S09,SENSOR09,SENSOR09.CSV,row:12527,2024-09-10T07:23:45,LEG-02,REAL_PUBLIC_DATA,DERIVED
CP-DEMO-001,BATCH-DEMO-001,SHIP-DEMO-001,ZEN-RAW-S09:row:12528,ZEN-RAW-S09,SENSOR09,SENSOR09.CSV,row:12528,2024-09-10T07:23:50,LEG-02,REAL_PUBLIC_DATA,DERIVED
CP-DEMO-001,BATCH-DEMO-001,SHIP-DEMO-001,ZEN-RAW-S09:row:12529,ZEN-RAW-S09,SENSOR09,SENSOR09.CSV,row:12529,2024-09-10T07:23:55,LEG-02,REAL_PUBLIC_DATA,DERIVED
CP-DEMO-001,BATCH-DEMO-001,SHIP-DEMO-001,ZEN-RAW-S09:row:12530,ZEN-RAW-S09,SENSOR09,SENSOR09.CSV,row:12530,2024-09-10T07:24:00,LEG-02,REAL_PUBLIC_DATA,DERIVED
CP-DEMO-001,BATCH-DEMO-001,SHIP-DEMO-001,ZEN-RAW-S09:row:12531,ZEN-RAW-S09,SENSOR09,SENSOR09.CSV,row:12531,2024-09-10T07:24:05,LEG-02,REAL_PUBLIC_DATA,DERIVED
CP-DEMO-001,BATCH-DEMO-001,SHIP-DEMO-001,ZEN-RAW-S09:row:12532,ZEN-RAW-S09,SENSOR09,SENSOR09.CSV,row:12532,2024-09-10T07:24:10,LEG-02,REAL_PUBLIC_DATA,DERIVED
CP-DEMO-001,BATCH-DEMO-001,SHIP-DEMO-001,ZEN-RAW-S09:row:12533,ZEN-RAW-S09,SENSOR09,SENSOR09.CSV,row:12533,2024-09-10T07:24:15,LEG-02,REAL_PUBLIC_DATA,DERIVED
CP-DEMO-001,BATCH-DEMO-001,SHIP-DEMO-001,ZEN-RAW-S09:row:12534,ZEN-RAW-S09,SENSOR09,SENSOR09.CSV,row:12534,2024-09-10T07:24:20,LEG-02,REAL_PUBLIC_DATA,DERIVED
CP-DEMO-001,BATCH-DEMO-001,SHIP-DEMO-001,ZEN-RAW-S09:row:12535,ZEN-RAW-S09,SENSOR09,SENSOR09.CSV,row:12535,2024-09-10T07:24:25,LEG-02,REAL_PUBLIC_DATA,DERIVED
CP-DEMO-001,BATCH-DEMO-001,SHIP-DEMO-001,ZEN-RAW-S09:row:12536,ZEN-RAW-S09,SENSOR09,SENSOR09.CSV,row:12536,2024-09-10T07:24:30,LEG-02,REAL_PUBLIC_DATA,DERIVED
CP-DEMO-001,BATCH-DEMO-001,SHIP-DEMO-001,ZEN-RAW-S09:row:12537,ZEN-RAW-S09,SENSOR09,SENSOR09.CSV,row:12537,2024-09-10T07:24:35,LEG-02,REAL_PUBLIC_DATA,DERIVED
CP-DEMO-001,BATCH-DEMO-001,SHIP-DEMO-001,ZEN-RAW-S09:row:12538,ZEN-RAW-S09,SENSOR09,SENSOR09.CSV,row:12538,2024-09-10T07:24:40,LEG-02,REAL_PUBLIC_DATA,DERIVED
CP-DEMO-001,BATCH-DEMO-001,SHIP-DEMO-001,ZEN-RAW-S09:row:12539,ZEN-RAW-S09,SENSOR09,SENSOR09.CSV,row:12539,2024-09-10T07:24:45,LEG-02,REAL_PUBLIC_DATA,DERIVED
CP-DEMO-001,BATCH-DEMO-001,SHIP-DEMO-001,ZEN-RAW-S09:row:12540,ZEN-RAW-S09,SENSOR09,SENSOR09.CSV,row:12540,2024-09-10T07:24:50,LEG-02,REAL_PUBLIC_DATA,DERIVED
CP-DEMO-001,BATCH-DEMO-001,SHIP-DEMO-001,ZEN-RAW-S09:row:12541,ZEN-RAW-S09,SENSOR09,SENSOR09.CSV,row:12541,2024-09-10T07:24:55,LEG-02,REAL_PUBLIC_DATA,DERIVED
CP-DEMO-001,BATCH-DEMO-001,SHIP-DEMO-001,ZEN-RAW-S09:row:12542,ZEN-RAW-S09,SENSOR09,SENSOR09.CSV,row:12542,2024-09-10T07:25:00,LEG-02,REAL_PUBLIC_DATA,DERIVED
CP-DEMO-001,BATCH-DEMO-001,SHIP-DEMO-001,ZEN-RAW-S09:row:12543,ZEN-RAW-S09,SENSOR09,SENSOR09.CSV,row:12543,2024-09-10T07:25:05,LEG-02,REAL_PUBLIC_DATA,DERIVED
CP-DEMO-001,BATCH-DEMO-001,SHIP-DEMO-001,ZEN-RAW-S09:row:12544,ZEN-RAW-S09,SENSOR09,SENSOR09.CSV,row:12544,2024-09-10T07:25:10,LEG-02,REAL_PUBLIC_DATA,DERIVED
CP-DEMO-001,BATCH-DEMO-001,SHIP-DEMO-001,ZEN-RAW-S09:row:12545,ZEN-RAW-S09,SENSOR09,SENSOR09.CSV,row:12545,2024-09-10T07:25:15,LEG-02,REAL_PUBLIC_DATA,DERIVED
CP-DEMO-001,BATCH-DEMO-001,SHIP-DEMO-001,ZEN-RAW-S09:row:12546,ZEN-RAW-S09,SENSOR09,SENSOR09.CSV,row:12546,2024-09-10T07:25:20,LEG-02,REAL_PUBLIC_DATA,DERIVED
CP-DEMO-001,BATCH-DEMO-001,SHIP-DEMO-001,ZEN-RAW-S09:row:12547,ZEN-RAW-S09,SENSOR09,SENSOR09.CSV,row:12547,2024-09-10T07:25:25,LEG-02,REAL_PUBLIC_DATA,DERIVED
CP-DEMO-001,BATCH-DEMO-001,SHIP-DEMO-001,ZEN-RAW-S09:row:12548,ZEN-RAW-S09,SENSOR09,SENSOR09.CSV,row:12548,2024-09-10T07:25:30,LEG-02,REAL_PUBLIC_DATA,DERIVED
CP-DEMO-001,BATCH-DEMO-001,SHIP-DEMO-001,ZEN-RAW-S09:row:12549,ZEN-RAW-S09,SENSOR09,SENSOR09.CSV,row:12549,2024-09-10T07:25:35,LEG-02,REAL_PUBLIC_DATA,DERIVED
CP-DEMO-001,BATCH-DEMO-001,SHIP-DEMO-001,ZEN-RAW-S09:row:12550,ZEN-RAW-S09,SENSOR09,SENSOR09.CSV,row:12550,2024-09-10T07:25:40,LEG-02,REAL_PUBLIC_DATA,DERIVED
CP-DEMO-001,BATCH-DEMO-001,SHIP-DEMO-001,ZEN-RAW-S09:row:12551,ZEN-RAW-S09,SENSOR09,SENSOR09.CSV,row:12551,2024-09-10T07:25:45,LEG-02,REAL_PUBLIC_DATA,DERIVED
CP-DEMO-001,BATCH-DEMO-001,SHIP-DEMO-001,ZEN-RAW-S09:row:12552,ZEN-RAW-S09,SENSOR09,SENSOR09.CSV,row:12552,2024-09-10T07:25:50,LEG-02,REAL_PUBLIC_DATA,DERIVED
CP-DEMO-001,BATCH-DEMO-001,SHIP-DEMO-001,ZEN-RAW-S09:row:12553,ZEN-RAW-S09,SENSOR09,SENSOR09.CSV,row:12553,2024-09-10T07:25:55,LEG-02,REAL_PUBLIC_DATA,DERIVED
CP-DEMO-001,BATCH-DEMO-001,SHIP-DEMO-001,ZEN-RAW-S09:row:12554,ZEN-RAW-S09,SENSOR09,SENSOR09.CSV,row:12554,2024-09-10T07:26:00,LEG-02,REAL_PUBLIC_DATA,DERIVED
CP-DEMO-001,BATCH-DEMO-001,SHIP-DEMO-001,ZEN-RAW-S09:row:12555,ZEN-RAW-S09,SENSOR09,SENSOR09.CSV,row:12555,2024-09-10T07:26:05,LEG-02,REAL_PUBLIC_DATA,DERIVED
CP-DEMO-001,BATCH-DEMO-001,SHIP-DEMO-001,ZEN-RAW-S09:row:12556,ZEN-RAW-S09,SENSOR09,SENSOR09.CSV,row:12556,2024-09-10T07:26:10,LEG-02,REAL_PUBLIC_DATA,DERIVED
CP-DEMO-001,BATCH-DEMO-001,SHIP-DEMO-001,ZEN-RAW-S09:row:12557,ZEN-RAW-S09,SENSOR09,SENSOR09.CSV,row:12557,2024-09-10T07:26:15,LEG-02,REAL_PUBLIC_DATA,DERIVED
CP-DEMO-001,BATCH-DEMO-001,SHIP-DEMO-001,ZEN-RAW-S09:row:12558,ZEN-RAW-S09,SENSOR09,SENSOR09.CSV,row:12558,2024-09-10T07:26:20,LEG-02,REAL_PUBLIC_DATA,DERIVED
CP-DEMO-001,BATCH-DEMO-001,SHIP-DEMO-001,ZEN-RAW-S09:row:12559,ZEN-RAW-S09,SENSOR09,SENSOR09.CSV,row:12559,2024-09-10T07:26:25,LEG-02,REAL_PUBLIC_DATA,DERIVED
CP-DEMO-001,BATCH-DEMO-001,SHIP-DEMO-001,ZEN-RAW-S09:row:12560,ZEN-RAW-S09,SENSOR09,SENSOR09.CSV,row:12560,2024-09-10T07:26:30,LEG-02,REAL_PUBLIC_DATA,DERIVED
CP-DEMO-001,BATCH-DEMO-001,SHIP-DEMO-001,ZEN-RAW-S09:row:12561,ZEN-RAW-S09,SENSOR09,SENSOR09.CSV,row:12561,2024-09-10T07:26:35,LEG-02,REAL_PUBLIC_DATA,DERIVED
CP-DEMO-001,BATCH-DEMO-001,SHIP-DEMO-001,ZEN-RAW-S09:row:12562,ZEN-RAW-S09,SENSOR09,SENSOR09.CSV,row:12562,2024-09-10T07:26:40,LEG-02,REAL_PUBLIC_DATA,DERIVED
CP-DEMO-001,BATCH-DEMO-001,SHIP-DEMO-001,ZEN-RAW-S09:row:12563,ZEN-RAW-S09,SENSOR09,SENSOR09.CSV,row:12563,2024-09-10T07:26:45,LEG-02,REAL_PUBLIC_DATA,DERIVED
CP-DEMO-001,BATCH-DEMO-001,SHIP-DEMO-001,ZEN-RAW-S09:row:12564,ZEN-RAW-S09,SENSOR09,SENSOR09.CSV,row:12564,2024-09-10T07:26:50,LEG-02,REAL_PUBLIC_DATA,DERIVED
CP-DEMO-001,BATCH-DEMO-001,SHIP-DEMO-001,ZEN-RAW-S09:row:12565,ZEN-RAW-S09,SENSOR09,SENSOR09.CSV,row:12565,2024-09-10T07:26:55,LEG-02,REAL_PUBLIC_DATA,DERIVED
CP-DEMO-001,BATCH-DEMO-001,SHIP-DEMO-001,ZEN-RAW-S09:row:12566,ZEN-RAW-S09,SENSOR09,SENSOR09.CSV,row:12566,2024-09-10T07:27:00,LEG-02,REAL_PUBLIC_DATA,DERIVED
CP-DEMO-001,BATCH-DEMO-001,SHIP-DEMO-001,ZEN-RAW-S09:row:12567,ZEN-RAW-S09,SENSOR09,SENSOR09.CSV,row:12567,2024-09-10T07:27:05,LEG-02,REAL_PUBLIC_DATA,DERIVED
CP-DEMO-001,BATCH-DEMO-001,SHIP-DEMO-001,ZEN-RAW-S09:row:12568,ZEN-RAW-S09,SENSOR09,SENSOR09.CSV,row:12568,2024-09-10T07:27:10,LEG-02,REAL_PUBLIC_DATA,DERIVED
CP-DEMO-001,BATCH-DEMO-001,SHIP-DEMO-001,ZEN-RAW-S09:row:12569,ZEN-RAW-S09,SENSOR09,SENSOR09.CSV,row:12569,2024-09-10T07:27:15,LEG-02,REAL_PUBLIC_DATA,DERIVED
CP-DEMO-001,BATCH-DEMO-001,SHIP-DEMO-001,ZEN-RAW-S09:row:12570,ZEN-RAW-S09,SENSOR09,SENSOR09.CSV,row:12570,2024-09-10T07:27:20,LEG-02,REAL_PUBLIC_DATA,DERIVED
CP-DEMO-001,BATCH-DEMO-001,SHIP-DEMO-001,ZEN-RAW-S09:row:12571,ZEN-RAW-S09,SENSOR09,SENSOR09.CSV,row:12571,2024-09-10T07:27:25,LEG-02,REAL_PUBLIC_DATA,DERIVED
CP-DEMO-001,BATCH-DEMO-001,SHIP-DEMO-001,ZEN-RAW-S09:row:12572,ZEN-RAW-S09,SENSOR09,SENSOR09.CSV,row:12572,2024-09-10T07:27:30,LEG-02,REAL_PUBLIC_DATA,DERIVED
CP-DEMO-001,BATCH-DEMO-001,SHIP-DEMO-001,ZEN-RAW-S09:row:12573,ZEN-RAW-S09,SENSOR09,SENSOR09.CSV,row:12573,2024-09-10T07:27:35,LEG-02,REAL_PUBLIC_DATA,DERIVED
CP-DEMO-001,BATCH-DEMO-001,SHIP-DEMO-001,ZEN-RAW-S09:row:12574,ZEN-RAW-S09,SENSOR09,SENSOR09.CSV,row:12574,2024-09-10T07:27:40,LEG-02,REAL_PUBLIC_DATA,DERIVED
CP-DEMO-001,BATCH-DEMO-001,SHIP-DEMO-001,ZEN-RAW-S09:row:12575,ZEN-RAW-S09,SENSOR09,SENSOR09.CSV,row:12575,2024-09-10T07:27:45,LEG-02,REAL_PUBLIC_DATA,DERIVED
CP-DEMO-001,BATCH-DEMO-001,SHIP-DEMO-001,ZEN-RAW-S09:row:12576,ZEN-RAW-S09,SENSOR09,SENSOR09.CSV,row:12576,2024-09-10T07:27:50,LEG-02,REAL_PUBLIC_DATA,DERIVED
CP-DEMO-001,BATCH-DEMO-001,SHIP-DEMO-001,ZEN-RAW-S09:row:12577,ZEN-RAW-S09,SENSOR09,SENSOR09.CSV,row:12577,2024-09-10T07:27:55,LEG-02,REAL_PUBLIC_DATA,DERIVED
CP-DEMO-001,BATCH-DEMO-001,SHIP-DEMO-001,ZEN-RAW-S09:row:12578,ZEN-RAW-S09,SENSOR09,SENSOR09.CSV,row:12578,2024-09-10T07:28:00,LEG-02,REAL_PUBLIC_DATA,DERIVED
CP-DEMO-001,BATCH-DEMO-001,SHIP-DEMO-001,ZEN-RAW-S09:row:12579,ZEN-RAW-S09,SENSOR09,SENSOR09.CSV,row:12579,2024-09-10T07:28:05,LEG-02,REAL_PUBLIC_DATA,DERIVED
CP-DEMO-001,BATCH-DEMO-001,SHIP-DEMO-001,ZEN-RAW-S09:row:12580,ZEN-RAW-S09,SENSOR09,SENSOR09.CSV,row:12580,2024-09-10T07:28:10,LEG-02,REAL_PUBLIC_DATA,DERIVED
CP-DEMO-001,BATCH-DEMO-001,SHIP-DEMO-001,ZEN-RAW-S09:row:12581,ZEN-RAW-S09,SENSOR09,SENSOR09.CSV,row:12581,2024-09-10T07:28:15,LEG-02,REAL_PUBLIC_DATA,DERIVED
CP-DEMO-001,BATCH-DEMO-001,SHIP-DEMO-001,ZEN-RAW-S09:row:12582,ZEN-RAW-S09,SENSOR09,SENSOR09.CSV,row:12582,2024-09-10T07:28:20,LEG-02,REAL_PUBLIC_DATA,DERIVED
CP-DEMO-001,BATCH-DEMO-001,SHIP-DEMO-001,ZEN-RAW-S09:row:12583,ZEN-RAW-S09,SENSOR09,SENSOR09.CSV,row:12583,2024-09-10T07:28:25,LEG-02,REAL_PUBLIC_DATA,DERIVED
CP-DEMO-001,BATCH-DEMO-001,SHIP-DEMO-001,ZEN-RAW-S09:row:12584,ZEN-RAW-S09,SENSOR09,SENSOR09.CSV,row:12584,2024-09-10T07:28:30,LEG-02,REAL_PUBLIC_DATA,DERIVED
CP-DEMO-001,BATCH-DEMO-001,SHIP-DEMO-001,ZEN-RAW-S09:row:12585,ZEN-RAW-S09,SENSOR09,SENSOR09.CSV,row:12585,2024-09-10T07:28:35,LEG-02,REAL_PUBLIC_DATA,DERIVED
CP-DEMO-001,BATCH-DEMO-001,SHIP-DEMO-001,ZEN-RAW-S09:row:12586,ZEN-RAW-S09,SENSOR09,SENSOR09.CSV,row:12586,2024-09-10T07:28:40,LEG-02,REAL_PUBLIC_DATA,DERIVED
CP-DEMO-001,BATCH-DEMO-001,SHIP-DEMO-001,ZEN-RAW-S09:row:12587,ZEN-RAW-S09,SENSOR09,SENSOR09.CSV,row:12587,2024-09-10T07:28:45,LEG-02,REAL_PUBLIC_DATA,DERIVED
CP-DEMO-001,BATCH-DEMO-001,SHIP-DEMO-001,ZEN-RAW-S09:row:12588,ZEN-RAW-S09,SENSOR09,SENSOR09.CSV,row:12588,2024-09-10T07:28:50,LEG-02,REAL_PUBLIC_DATA,DERIVED
CP-DEMO-001,BATCH-DEMO-001,SHIP-DEMO-001,ZEN-RAW-S09:row:12589,ZEN-RAW-S09,SENSOR09,SENSOR09.CSV,row:12589,2024-09-10T07:28:55,LEG-02,REAL_PUBLIC_DATA,DERIVED
CP-DEMO-001,BATCH-DEMO-001,SHIP-DEMO-001,ZEN-RAW-S09:row:12590,ZEN-RAW-S09,SENSOR09,SENSOR09.CSV,row:12590,2024-09-10T07:29:00,LEG-02,REAL_PUBLIC_DATA,DERIVED
CP-DEMO-001,BATCH-DEMO-001,SHIP-DEMO-001,ZEN-RAW-S09:row:12591,ZEN-RAW-S09,SENSOR09,SENSOR09.CSV,row:12591,2024-09-10T07:29:05,LEG-02,REAL_PUBLIC_DATA,DERIVED
CP-DEMO-001,BATCH-DEMO-001,SHIP-DEMO-001,ZEN-RAW-S09:row:12592,ZEN-RAW-S09,SENSOR09,SENSOR09.CSV,row:12592,2024-09-10T07:29:10,LEG-02,REAL_PUBLIC_DATA,DERIVED
CP-DEMO-001,BATCH-DEMO-001,SHIP-DEMO-001,ZEN-RAW-S09:row:12593,ZEN-RAW-S09,SENSOR09,SENSOR09.CSV,row:12593,2024-09-10T07:29:15,LEG-02,REAL_PUBLIC_DATA,DERIVED
CP-DEMO-001,BATCH-DEMO-001,SHIP-DEMO-001,ZEN-RAW-S09:row:12594,ZEN-RAW-S09,SENSOR09,SENSOR09.CSV,row:12594,2024-09-10T07:29:20,LEG-02,REAL_PUBLIC_DATA,DERIVED
CP-DEMO-001,BATCH-DEMO-001,SHIP-DEMO-001,ZEN-RAW-S09:row:12595,ZEN-RAW-S09,SENSOR09,SENSOR09.CSV,row:12595,2024-09-10T07:29:25,LEG-02,REAL_PUBLIC_DATA,DERIVED
CP-DEMO-001,BATCH-DEMO-001,SHIP-DEMO-001,ZEN-RAW-S09:row:12596,ZEN-RAW-S09,SENSOR09,SENSOR09.CSV,row:12596,2024-09-10T07:29:30,LEG-02,REAL_PUBLIC_DATA,DERIVED
CP-DEMO-001,BATCH-DEMO-001,SHIP-DEMO-001,ZEN-RAW-S09:row:12597,ZEN-RAW-S09,SENSOR09,SENSOR09.CSV,row:12597,2024-09-10T07:29:35,LEG-02,REAL_PUBLIC_DATA,DERIVED
CP-DEMO-001,BATCH-DEMO-001,SHIP-DEMO-001,ZEN-RAW-S09:row:12598,ZEN-RAW-S09,SENSOR09,SENSOR09.CSV,row:12598,2024-09-10T07:29:40,LEG-02,REAL_PUBLIC_DATA,DERIVED
CP-DEMO-001,BATCH-DEMO-001,SHIP-DEMO-001,ZEN-RAW-S09:row:12599,ZEN-RAW-S09,SENSOR09,SENSOR09.CSV,row:12599,2024-09-10T07:29:45,LEG-02,REAL_PUBLIC_DATA,DERIVED
CP-DEMO-001,BATCH-DEMO-001,SHIP-DEMO-001,ZEN-RAW-S09:row:12600,ZEN-RAW-S09,SENSOR09,SENSOR09.CSV,row:12600,2024-09-10T07:29:50,LEG-02,REAL_PUBLIC_DATA,DERIVED
CP-DEMO-001,BATCH-DEMO-001,SHIP-DEMO-001,ZEN-RAW-S09:row:12601,ZEN-RAW-S09,SENSOR09,SENSOR09.CSV,row:12601,2024-09-10T07:29:55,LEG-02,REAL_PUBLIC_DATA,DERIVED
CP-DEMO-001,BATCH-DEMO-001,SHIP-DEMO-001,ZEN-RAW-S09:row:12602,ZEN-RAW-S09,SENSOR09,SENSOR09.CSV,row:12602,2024-09-10T07:30:00,LEG-02,REAL_PUBLIC_DATA,DERIVED
CP-DEMO-001,BATCH-DEMO-001,SHIP-DEMO-001,ZEN-RAW-S09:row:12603,ZEN-RAW-S09,SENSOR09,SENSOR09.CSV,row:12603,2024-09-10T07:30:05,LEG-02,REAL_PUBLIC_DATA,DERIVED
CP-DEMO-001,BATCH-DEMO-001,SHIP-DEMO-001,ZEN-RAW-S09:row:12604,ZEN-RAW-S09,SENSOR09,SENSOR09.CSV,row:12604,2024-09-10T07:30:10,LEG-02,REAL_PUBLIC_DATA,DERIVED
CP-DEMO-001,BATCH-DEMO-001,SHIP-DEMO-001,ZEN-RAW-S09:row:12605,ZEN-RAW-S09,SENSOR09,SENSOR09.CSV,row:12605,2024-09-10T07:30:15,LEG-02,REAL_PUBLIC_DATA,DERIVED
CP-DEMO-001,BATCH-DEMO-001,SHIP-DEMO-001,ZEN-RAW-S09:row:12606,ZEN-RAW-S09,SENSOR09,SENSOR09.CSV,row:12606,2024-09-10T07:30:20,LEG-02,REAL_PUBLIC_DATA,DERIVED
CP-DEMO-001,BATCH-DEMO-001,SHIP-DEMO-001,ZEN-RAW-S09:row:12607,ZEN-RAW-S09,SENSOR09,SENSOR09.CSV,row:12607,2024-09-10T07:30:25,LEG-02,REAL_PUBLIC_DATA,DERIVED
CP-DEMO-001,BATCH-DEMO-001,SHIP-DEMO-001,ZEN-RAW-S09:row:12608,ZEN-RAW-S09,SENSOR09,SENSOR09.CSV,row:12608,2024-09-10T07:30:30,LEG-02,REAL_PUBLIC_DATA,DERIVED
CP-DEMO-001,BATCH-DEMO-001,SHIP-DEMO-001,ZEN-RAW-S09:row:12609,ZEN-RAW-S09,SENSOR09,SENSOR09.CSV,row:12609,2024-09-10T07:30:35,LEG-02,REAL_PUBLIC_DATA,DERIVED
CP-DEMO-001,BATCH-DEMO-001,SHIP-DEMO-001,ZEN-RAW-S09:row:12610,ZEN-RAW-S09,SENSOR09,SENSOR09.CSV,row:12610,2024-09-10T07:30:40,LEG-02,REAL_PUBLIC_DATA,DERIVED
CP-DEMO-001,BATCH-DEMO-001,SHIP-DEMO-001,ZEN-RAW-S09:row:12611,ZEN-RAW-S09,SENSOR09,SENSOR09.CSV,row:12611,2024-09-10T07:30:45,LEG-02,REAL_PUBLIC_DATA,DERIVED
CP-DEMO-001,BATCH-DEMO-001,SHIP-DEMO-001,ZEN-RAW-S09:row:12612,ZEN-RAW-S09,SENSOR09,SENSOR09.CSV,row:12612,2024-09-10T07:30:50,LEG-02,REAL_PUBLIC_DATA,DERIVED
CP-DEMO-001,BATCH-DEMO-001,SHIP-DEMO-001,ZEN-RAW-S09:row:12613,ZEN-RAW-S09,SENSOR09,SENSOR09.CSV,row:12613,2024-09-10T07:30:55,LEG-02,REAL_PUBLIC_DATA,DERIVED
CP-DEMO-001,BATCH-DEMO-001,SHIP-DEMO-001,ZEN-RAW-S09:row:12614,ZEN-RAW-S09,SENSOR09,SENSOR09.CSV,row:12614,2024-09-10T07:31:00,LEG-02,REAL_PUBLIC_DATA,DERIVED
CP-DEMO-001,BATCH-DEMO-001,SHIP-DEMO-001,ZEN-RAW-S09:row:12615,ZEN-RAW-S09,SENSOR09,SENSOR09.CSV,row:12615,2024-09-10T07:31:05,LEG-02,REAL_PUBLIC_DATA,DERIVED
CP-DEMO-001,BATCH-DEMO-001,SHIP-DEMO-001,ZEN-RAW-S09:row:12616,ZEN-RAW-S09,SENSOR09,SENSOR09.CSV,row:12616,2024-09-10T07:31:10,LEG-02,REAL_PUBLIC_DATA,DERIVED
CP-DEMO-001,BATCH-DEMO-001,SHIP-DEMO-001,ZEN-RAW-S09:row:12617,ZEN-RAW-S09,SENSOR09,SENSOR09.CSV,row:12617,2024-09-10T07:31:15,LEG-02,REAL_PUBLIC_DATA,DERIVED
CP-DEMO-001,BATCH-DEMO-001,SHIP-DEMO-001,ZEN-RAW-S09:row:12618,ZEN-RAW-S09,SENSOR09,SENSOR09.CSV,row:12618,2024-09-10T07:31:20,LEG-02,REAL_PUBLIC_DATA,DERIVED
CP-DEMO-001,BATCH-DEMO-001,SHIP-DEMO-001,ZEN-RAW-S09:row:12619,ZEN-RAW-S09,SENSOR09,SENSOR09.CSV,row:12619,2024-09-10T07:31:25,LEG-02,REAL_PUBLIC_DATA,DERIVED
CP-DEMO-001,BATCH-DEMO-001,SHIP-DEMO-001,ZEN-RAW-S09:row:12620,ZEN-RAW-S09,SENSOR09,SENSOR09.CSV,row:12620,2024-09-10T07:31:30,LEG-02,REAL_PUBLIC_DATA,DERIVED
CP-DEMO-001,BATCH-DEMO-001,SHIP-DEMO-001,ZEN-RAW-S09:row:12621,ZEN-RAW-S09,SENSOR09,SENSOR09.CSV,row:12621,2024-09-10T07:31:35,LEG-02,REAL_PUBLIC_DATA,DERIVED
CP-DEMO-001,BATCH-DEMO-001,SHIP-DEMO-001,ZEN-RAW-S09:row:12622,ZEN-RAW-S09,SENSOR09,SENSOR09.CSV,row:12622,2024-09-10T07:31:40,LEG-02,REAL_PUBLIC_DATA,DERIVED
CP-DEMO-001,BATCH-DEMO-001,SHIP-DEMO-001,ZEN-RAW-S09:row:12623,ZEN-RAW-S09,SENSOR09,SENSOR09.CSV,row:12623,2024-09-10T07:31:45,LEG-02,REAL_PUBLIC_DATA,DERIVED
CP-DEMO-001,BATCH-DEMO-001,SHIP-DEMO-001,ZEN-RAW-S09:row:12624,ZEN-RAW-S09,SENSOR09,SENSOR09.CSV,row:12624,2024-09-10T07:31:50,LEG-02,REAL_PUBLIC_DATA,DERIVED
CP-DEMO-001,BATCH-DEMO-001,SHIP-DEMO-001,ZEN-RAW-S09:row:12625,ZEN-RAW-S09,SENSOR09,SENSOR09.CSV,row:12625,2024-09-10T07:31:55,LEG-02,REAL_PUBLIC_DATA,DERIVED
CP-DEMO-001,BATCH-DEMO-001,SHIP-DEMO-001,ZEN-RAW-S09:row:12626,ZEN-RAW-S09,SENSOR09,SENSOR09.CSV,row:12626,2024-09-10T07:32:00,LEG-02,REAL_PUBLIC_DATA,DERIVED
CP-DEMO-001,BATCH-DEMO-001,SHIP-DEMO-001,ZEN-RAW-S09:row:12627,ZEN-RAW-S09,SENSOR09,SENSOR09.CSV,row:12627,2024-09-10T07:32:05,LEG-02,REAL_PUBLIC_DATA,DERIVED
CP-DEMO-001,BATCH-DEMO-001,SHIP-DEMO-001,ZEN-RAW-S09:row:12628,ZEN-RAW-S09,SENSOR09,SENSOR09.CSV,row:12628,2024-09-10T07:32:10,LEG-02,REAL_PUBLIC_DATA,DERIVED
CP-DEMO-001,BATCH-DEMO-001,SHIP-DEMO-001,ZEN-RAW-S09:row:12629,ZEN-RAW-S09,SENSOR09,SENSOR09.CSV,row:12629,2024-09-10T07:32:15,LEG-02,REAL_PUBLIC_DATA,DERIVED
CP-DEMO-001,BATCH-DEMO-001,SHIP-DEMO-001,ZEN-RAW-S09:row:12630,ZEN-RAW-S09,SENSOR09,SENSOR09.CSV,row:12630,2024-09-10T07:32:20,LEG-02,REAL_PUBLIC_DATA,DERIVED
CP-DEMO-001,BATCH-DEMO-001,SHIP-DEMO-001,ZEN-RAW-S09:row:12631,ZEN-RAW-S09,SENSOR09,SENSOR09.CSV,row:12631,2024-09-10T07:32:25,LEG-02,REAL_PUBLIC_DATA,DERIVED
CP-DEMO-001,BATCH-DEMO-001,SHIP-DEMO-001,ZEN-RAW-S09:row:12632,ZEN-RAW-S09,SENSOR09,SENSOR09.CSV,row:12632,2024-09-10T07:32:30,LEG-02,REAL_PUBLIC_DATA,DERIVED
CP-DEMO-001,BATCH-DEMO-001,SHIP-DEMO-001,ZEN-RAW-S09:row:12633,ZEN-RAW-S09,SENSOR09,SENSOR09.CSV,row:12633,2024-09-10T07:32:35,LEG-02,REAL_PUBLIC_DATA,DERIVED
CP-DEMO-001,BATCH-DEMO-001,SHIP-DEMO-001,ZEN-RAW-S09:row:12634,ZEN-RAW-S09,SENSOR09,SENSOR09.CSV,row:12634,2024-09-10T07:32:40,LEG-02,REAL_PUBLIC_DATA,DERIVED
CP-DEMO-001,BATCH-DEMO-001,SHIP-DEMO-001,ZEN-RAW-S09:row:12635,ZEN-RAW-S09,SENSOR09,SENSOR09.CSV,row:12635,2024-09-10T07:32:45,LEG-02,REAL_PUBLIC_DATA,DERIVED
CP-DEMO-001,BATCH-DEMO-001,SHIP-DEMO-001,ZEN-RAW-S09:row:12636,ZEN-RAW-S09,SENSOR09,SENSOR09.CSV,row:12636,2024-09-10T07:32:50,LEG-02,REAL_PUBLIC_DATA,DERIVED
CP-DEMO-001,BATCH-DEMO-001,SHIP-DEMO-001,ZEN-RAW-S09:row:12637,ZEN-RAW-S09,SENSOR09,SENSOR09.CSV,row:12637,2024-09-10T07:32:55,LEG-02,REAL_PUBLIC_DATA,DERIVED
CP-DEMO-001,BATCH-DEMO-001,SHIP-DEMO-001,ZEN-RAW-S09:row:12638,ZEN-RAW-S09,SENSOR09,SENSOR09.CSV,row:12638,2024-09-10T07:33:00,LEG-02,REAL_PUBLIC_DATA,DERIVED
CP-DEMO-001,BATCH-DEMO-001,SHIP-DEMO-001,ZEN-RAW-S09:row:12639,ZEN-RAW-S09,SENSOR09,SENSOR09.CSV,row:12639,2024-09-10T07:33:05,LEG-02,REAL_PUBLIC_DATA,DERIVED
CP-DEMO-001,BATCH-DEMO-001,SHIP-DEMO-001,ZEN-RAW-S09:row:12640,ZEN-RAW-S09,SENSOR09,SENSOR09.CSV,row:12640,2024-09-10T07:33:10,LEG-02,REAL_PUBLIC_DATA,DERIVED
CP-DEMO-001,BATCH-DEMO-001,SHIP-DEMO-001,ZEN-RAW-S09:row:12641,ZEN-RAW-S09,SENSOR09,SENSOR09.CSV,row:12641,2024-09-10T07:33:15,LEG-02,REAL_PUBLIC_DATA,DERIVED
CP-DEMO-001,BATCH-DEMO-001,SHIP-DEMO-001,ZEN-RAW-S09:row:12642,ZEN-RAW-S09,SENSOR09,SENSOR09.CSV,row:12642,2024-09-10T07:33:20,LEG-02,REAL_PUBLIC_DATA,DERIVED
CP-DEMO-001,BATCH-DEMO-001,SHIP-DEMO-001,ZEN-RAW-S09:row:12643,ZEN-RAW-S09,SENSOR09,SENSOR09.CSV,row:12643,2024-09-10T07:33:25,LEG-02,REAL_PUBLIC_DATA,DERIVED
CP-DEMO-001,BATCH-DEMO-001,SHIP-DEMO-001,ZEN-RAW-S09:row:12644,ZEN-RAW-S09,SENSOR09,SENSOR09.CSV,row:12644,2024-09-10T07:33:30,LEG-02,REAL_PUBLIC_DATA,DERIVED
CP-DEMO-001,BATCH-DEMO-001,SHIP-DEMO-001,ZEN-RAW-S09:row:12645,ZEN-RAW-S09,SENSOR09,SENSOR09.CSV,row:12645,2024-09-10T07:33:35,LEG-02,REAL_PUBLIC_DATA,DERIVED
CP-DEMO-001,BATCH-DEMO-001,SHIP-DEMO-001,ZEN-RAW-S09:row:12646,ZEN-RAW-S09,SENSOR09,SENSOR09.CSV,row:12646,2024-09-10T07:33:40,LEG-02,REAL_PUBLIC_DATA,DERIVED
CP-DEMO-001,BATCH-DEMO-001,SHIP-DEMO-001,ZEN-RAW-S09:row:12647,ZEN-RAW-S09,SENSOR09,SENSOR09.CSV,row:12647,2024-09-10T07:33:45,LEG-02,REAL_PUBLIC_DATA,DERIVED
CP-DEMO-001,BATCH-DEMO-001,SHIP-DEMO-001,ZEN-RAW-S09:row:12648,ZEN-RAW-S09,SENSOR09,SENSOR09.CSV,row:12648,2024-09-10T07:33:50,LEG-02,REAL_PUBLIC_DATA,DERIVED
CP-DEMO-001,BATCH-DEMO-001,SHIP-DEMO-001,ZEN-RAW-S09:row:12649,ZEN-RAW-S09,SENSOR09,SENSOR09.CSV,row:12649,2024-09-10T07:33:55,LEG-02,REAL_PUBLIC_DATA,DERIVED
CP-DEMO-001,BATCH-DEMO-001,SHIP-DEMO-001,ZEN-RAW-S09:row:12650,ZEN-RAW-S09,SENSOR09,SENSOR09.CSV,row:12650,2024-09-10T07:34:00,LEG-02,REAL_PUBLIC_DATA,DERIVED
CP-DEMO-001,BATCH-DEMO-001,SHIP-DEMO-001,ZEN-RAW-S09:row:12651,ZEN-RAW-S09,SENSOR09,SENSOR09.CSV,row:12651,2024-09-10T07:34:05,LEG-02,REAL_PUBLIC_DATA,DERIVED
CP-DEMO-001,BATCH-DEMO-001,SHIP-DEMO-001,ZEN-RAW-S09:row:12652,ZEN-RAW-S09,SENSOR09,SENSOR09.CSV,row:12652,2024-09-10T07:34:10,LEG-02,REAL_PUBLIC_DATA,DERIVED
CP-DEMO-001,BATCH-DEMO-001,SHIP-DEMO-001,ZEN-RAW-S09:row:12653,ZEN-RAW-S09,SENSOR09,SENSOR09.CSV,row:12653,2024-09-10T07:34:15,LEG-02,REAL_PUBLIC_DATA,DERIVED
CP-DEMO-001,BATCH-DEMO-001,SHIP-DEMO-001,ZEN-RAW-S09:row:12654,ZEN-RAW-S09,SENSOR09,SENSOR09.CSV,row:12654,2024-09-10T07:34:20,LEG-02,REAL_PUBLIC_DATA,DERIVED
CP-DEMO-001,BATCH-DEMO-001,SHIP-DEMO-001,ZEN-RAW-S09:row:12655,ZEN-RAW-S09,SENSOR09,SENSOR09.CSV,row:12655,2024-09-10T07:34:25,LEG-02,REAL_PUBLIC_DATA,DERIVED
CP-DEMO-001,BATCH-DEMO-001,SHIP-DEMO-001,ZEN-RAW-S09:row:12656,ZEN-RAW-S09,SENSOR09,SENSOR09.CSV,row:12656,2024-09-10T07:34:30,LEG-02,REAL_PUBLIC_DATA,DERIVED
CP-DEMO-001,BATCH-DEMO-001,SHIP-DEMO-001,ZEN-RAW-S09:row:12657,ZEN-RAW-S09,SENSOR09,SENSOR09.CSV,row:12657,2024-09-10T07:34:35,LEG-02,REAL_PUBLIC_DATA,DERIVED
CP-DEMO-001,BATCH-DEMO-001,SHIP-DEMO-001,ZEN-RAW-S09:row:12658,ZEN-RAW-S09,SENSOR09,SENSOR09.CSV,row:12658,2024-09-10T07:34:40,LEG-02,REAL_PUBLIC_DATA,DERIVED
CP-DEMO-001,BATCH-DEMO-001,SHIP-DEMO-001,ZEN-RAW-S09:row:12659,ZEN-RAW-S09,SENSOR09,SENSOR09.CSV,row:12659,2024-09-10T07:34:45,LEG-02,REAL_PUBLIC_DATA,DERIVED
CP-DEMO-001,BATCH-DEMO-001,SHIP-DEMO-001,ZEN-RAW-S09:row:12660,ZEN-RAW-S09,SENSOR09,SENSOR09.CSV,row:12660,2024-09-10T07:34:50,LEG-02,REAL_PUBLIC_DATA,DERIVED
CP-DEMO-001,BATCH-DEMO-001,SHIP-DEMO-001,ZEN-RAW-S09:row:12661,ZEN-RAW-S09,SENSOR09,SENSOR09.CSV,row:12661,2024-09-10T07:34:55,LEG-02,REAL_PUBLIC_DATA,DERIVED
CP-DEMO-001,BATCH-DEMO-001,SHIP-DEMO-001,ZEN-RAW-S09:row:12662,ZEN-RAW-S09,SENSOR09,SENSOR09.CSV,row:12662,2024-09-10T07:35:00,LEG-02,REAL_PUBLIC_DATA,DERIVED
CP-DEMO-001,BATCH-DEMO-001,SHIP-DEMO-001,ZEN-RAW-S09:row:12663,ZEN-RAW-S09,SENSOR09,SENSOR09.CSV,row:12663,2024-09-10T07:35:05,LEG-02,REAL_PUBLIC_DATA,DERIVED
CP-DEMO-001,BATCH-DEMO-001,SHIP-DEMO-001,ZEN-RAW-S09:row:12664,ZEN-RAW-S09,SENSOR09,SENSOR09.CSV,row:12664,2024-09-10T07:35:10,LEG-02,REAL_PUBLIC_DATA,DERIVED
CP-DEMO-001,BATCH-DEMO-001,SHIP-DEMO-001,ZEN-RAW-S09:row:12665,ZEN-RAW-S09,SENSOR09,SENSOR09.CSV,row:12665,2024-09-10T07:35:15,LEG-02,REAL_PUBLIC_DATA,DERIVED
CP-DEMO-001,BATCH-DEMO-001,SHIP-DEMO-001,ZEN-RAW-S09:row:12666,ZEN-RAW-S09,SENSOR09,SENSOR09.CSV,row:12666,2024-09-10T07:35:20,LEG-02,REAL_PUBLIC_DATA,DERIVED
CP-DEMO-001,BATCH-DEMO-001,SHIP-DEMO-001,ZEN-RAW-S09:row:12667,ZEN-RAW-S09,SENSOR09,SENSOR09.CSV,row:12667,2024-09-10T07:35:25,LEG-02,REAL_PUBLIC_DATA,DERIVED
CP-DEMO-001,BATCH-DEMO-001,SHIP-DEMO-001,ZEN-RAW-S09:row:12668,ZEN-RAW-S09,SENSOR09,SENSOR09.CSV,row:12668,2024-09-10T07:35:30,LEG-02,REAL_PUBLIC_DATA,DERIVED
CP-DEMO-001,BATCH-DEMO-001,SHIP-DEMO-001,ZEN-RAW-S09:row:12669,ZEN-RAW-S09,SENSOR09,SENSOR09.CSV,row:12669,2024-09-10T07:35:35,LEG-02,REAL_PUBLIC_DATA,DERIVED
CP-DEMO-001,BATCH-DEMO-001,SHIP-DEMO-001,ZEN-RAW-S09:row:12670,ZEN-RAW-S09,SENSOR09,SENSOR09.CSV,row:12670,2024-09-10T07:35:40,LEG-02,REAL_PUBLIC_DATA,DERIVED
CP-DEMO-001,BATCH-DEMO-001,SHIP-DEMO-001,ZEN-RAW-S09:row:12671,ZEN-RAW-S09,SENSOR09,SENSOR09.CSV,row:12671,2024-09-10T07:35:45,LEG-02,REAL_PUBLIC_DATA,DERIVED
CP-DEMO-001,BATCH-DEMO-001,SHIP-DEMO-001,ZEN-RAW-S09:row:12672,ZEN-RAW-S09,SENSOR09,SENSOR09.CSV,row:12672,2024-09-10T07:35:50,LEG-02,REAL_PUBLIC_DATA,DERIVED
CP-DEMO-001,BATCH-DEMO-001,SHIP-DEMO-001,ZEN-RAW-S09:row:12673,ZEN-RAW-S09,SENSOR09,SENSOR09.CSV,row:12673,2024-09-10T07:35:55,LEG-02,REAL_PUBLIC_DATA,DERIVED
CP-DEMO-001,BATCH-DEMO-001,SHIP-DEMO-001,ZEN-RAW-S09:row:12674,ZEN-RAW-S09,SENSOR09,SENSOR09.CSV,row:12674,2024-09-10T07:36:00,LEG-02,REAL_PUBLIC_DATA,DERIVED
CP-DEMO-001,BATCH-DEMO-001,SHIP-DEMO-001,ZEN-RAW-S09:row:12675,ZEN-RAW-S09,SENSOR09,SENSOR09.CSV,row:12675,2024-09-10T07:36:05,LEG-02,REAL_PUBLIC_DATA,DERIVED
CP-DEMO-001,BATCH-DEMO-001,SHIP-DEMO-001,ZEN-RAW-S09:row:12676,ZEN-RAW-S09,SENSOR09,SENSOR09.CSV,row:12676,2024-09-10T07:36:10,LEG-02,REAL_PUBLIC_DATA,DERIVED
CP-DEMO-001,BATCH-DEMO-001,SHIP-DEMO-001,ZEN-RAW-S09:row:12677,ZEN-RAW-S09,SENSOR09,SENSOR09.CSV,row:12677,2024-09-10T07:36:15,LEG-02,REAL_PUBLIC_DATA,DERIVED
CP-DEMO-001,BATCH-DEMO-001,SHIP-DEMO-001,ZEN-RAW-S09:row:12678,ZEN-RAW-S09,SENSOR09,SENSOR09.CSV,row:12678,2024-09-10T07:36:20,LEG-02,REAL_PUBLIC_DATA,DERIVED
CP-DEMO-001,BATCH-DEMO-001,SHIP-DEMO-001,ZEN-RAW-S09:row:12679,ZEN-RAW-S09,SENSOR09,SENSOR09.CSV,row:12679,2024-09-10T07:36:25,LEG-02,REAL_PUBLIC_DATA,DERIVED
CP-DEMO-001,BATCH-DEMO-001,SHIP-DEMO-001,ZEN-RAW-S09:row:12680,ZEN-RAW-S09,SENSOR09,SENSOR09.CSV,row:12680,2024-09-10T07:36:30,LEG-02,REAL_PUBLIC_DATA,DERIVED
CP-DEMO-001,BATCH-DEMO-001,SHIP-DEMO-001,ZEN-RAW-S09:row:12681,ZEN-RAW-S09,SENSOR09,SENSOR09.CSV,row:12681,2024-09-10T07:36:35,LEG-02,REAL_PUBLIC_DATA,DERIVED
CP-DEMO-001,BATCH-DEMO-001,SHIP-DEMO-001,ZEN-RAW-S09:row:12682,ZEN-RAW-S09,SENSOR09,SENSOR09.CSV,row:12682,2024-09-10T07:36:40,LEG-02,REAL_PUBLIC_DATA,DERIVED
CP-DEMO-001,BATCH-DEMO-001,SHIP-DEMO-001,ZEN-RAW-S09:row:12683,ZEN-RAW-S09,SENSOR09,SENSOR09.CSV,row:12683,2024-09-10T07:36:45,LEG-02,REAL_PUBLIC_DATA,DERIVED
CP-DEMO-001,BATCH-DEMO-001,SHIP-DEMO-001,ZEN-RAW-S09:row:12684,ZEN-RAW-S09,SENSOR09,SENSOR09.CSV,row:12684,2024-09-10T07:36:50,LEG-02,REAL_PUBLIC_DATA,DERIVED
CP-DEMO-001,BATCH-DEMO-001,SHIP-DEMO-001,ZEN-RAW-S09:row:12685,ZEN-RAW-S09,SENSOR09,SENSOR09.CSV,row:12685,2024-09-10T07:36:55,LEG-02,REAL_PUBLIC_DATA,DERIVED
CP-DEMO-001,BATCH-DEMO-001,SHIP-DEMO-001,ZEN-RAW-S09:row:12686,ZEN-RAW-S09,SENSOR09,SENSOR09.CSV,row:12686,2024-09-10T07:37:00,LEG-02,REAL_PUBLIC_DATA,DERIVED
CP-DEMO-001,BATCH-DEMO-001,SHIP-DEMO-001,ZEN-RAW-S09:row:12687,ZEN-RAW-S09,SENSOR09,SENSOR09.CSV,row:12687,2024-09-10T07:37:05,LEG-02,REAL_PUBLIC_DATA,DERIVED
CP-DEMO-001,BATCH-DEMO-001,SHIP-DEMO-001,ZEN-RAW-S09:row:12688,ZEN-RAW-S09,SENSOR09,SENSOR09.CSV,row:12688,2024-09-10T07:37:10,LEG-02,REAL_PUBLIC_DATA,DERIVED
CP-DEMO-001,BATCH-DEMO-001,SHIP-DEMO-001,ZEN-RAW-S09:row:12689,ZEN-RAW-S09,SENSOR09,SENSOR09.CSV,row:12689,2024-09-10T07:37:15,LEG-02,REAL_PUBLIC_DATA,DERIVED
CP-DEMO-001,BATCH-DEMO-001,SHIP-DEMO-001,ZEN-RAW-S09:row:12690,ZEN-RAW-S09,SENSOR09,SENSOR09.CSV,row:12690,2024-09-10T07:37:20,LEG-02,REAL_PUBLIC_DATA,DERIVED
CP-DEMO-001,BATCH-DEMO-001,SHIP-DEMO-001,ZEN-RAW-S09:row:12691,ZEN-RAW-S09,SENSOR09,SENSOR09.CSV,row:12691,2024-09-10T07:37:25,LEG-02,REAL_PUBLIC_DATA,DERIVED
CP-DEMO-001,BATCH-DEMO-001,SHIP-DEMO-001,ZEN-RAW-S09:row:12692,ZEN-RAW-S09,SENSOR09,SENSOR09.CSV,row:12692,2024-09-10T07:37:30,LEG-02,REAL_PUBLIC_DATA,DERIVED
CP-DEMO-001,BATCH-DEMO-001,SHIP-DEMO-001,ZEN-RAW-S09:row:12693,ZEN-RAW-S09,SENSOR09,SENSOR09.CSV,row:12693,2024-09-10T07:37:35,LEG-02,REAL_PUBLIC_DATA,DERIVED
CP-DEMO-001,BATCH-DEMO-001,SHIP-DEMO-001,ZEN-RAW-S09:row:12694,ZEN-RAW-S09,SENSOR09,SENSOR09.CSV,row:12694,2024-09-10T07:37:40,LEG-02,REAL_PUBLIC_DATA,DERIVED
CP-DEMO-001,BATCH-DEMO-001,SHIP-DEMO-001,ZEN-RAW-S09:row:12695,ZEN-RAW-S09,SENSOR09,SENSOR09.CSV,row:12695,2024-09-10T07:37:45,LEG-02,REAL_PUBLIC_DATA,DERIVED
CP-DEMO-001,BATCH-DEMO-001,SHIP-DEMO-001,ZEN-RAW-S09:row:12696,ZEN-RAW-S09,SENSOR09,SENSOR09.CSV,row:12696,2024-09-10T07:37:50,LEG-02,REAL_PUBLIC_DATA,DERIVED
CP-DEMO-001,BATCH-DEMO-001,SHIP-DEMO-001,ZEN-RAW-S09:row:12697,ZEN-RAW-S09,SENSOR09,SENSOR09.CSV,row:12697,2024-09-10T07:37:55,LEG-02,REAL_PUBLIC_DATA,DERIVED
CP-DEMO-001,BATCH-DEMO-001,SHIP-DEMO-001,ZEN-RAW-S09:row:12698,ZEN-RAW-S09,SENSOR09,SENSOR09.CSV,row:12698,2024-09-10T07:38:00,LEG-02,REAL_PUBLIC_DATA,DERIVED
CP-DEMO-001,BATCH-DEMO-001,SHIP-DEMO-001,ZEN-RAW-S09:row:12699,ZEN-RAW-S09,SENSOR09,SENSOR09.CSV,row:12699,2024-09-10T07:38:05,LEG-02,REAL_PUBLIC_DATA,DERIVED
CP-DEMO-001,BATCH-DEMO-001,SHIP-DEMO-001,ZEN-RAW-S09:row:12700,ZEN-RAW-S09,SENSOR09,SENSOR09.CSV,row:12700,2024-09-10T07:38:10,LEG-02,REAL_PUBLIC_DATA,DERIVED
CP-DEMO-001,BATCH-DEMO-001,SHIP-DEMO-001,ZEN-RAW-S09:row:12701,ZEN-RAW-S09,SENSOR09,SENSOR09.CSV,row:12701,2024-09-10T07:38:15,LEG-02,REAL_PUBLIC_DATA,DERIVED
CP-DEMO-001,BATCH-DEMO-001,SHIP-DEMO-001,ZEN-RAW-S09:row:12702,ZEN-RAW-S09,SENSOR09,SENSOR09.CSV,row:12702,2024-09-10T07:38:20,LEG-02,REAL_PUBLIC_DATA,DERIVED
CP-DEMO-001,BATCH-DEMO-001,SHIP-DEMO-001,ZEN-RAW-S09:row:12703,ZEN-RAW-S09,SENSOR09,SENSOR09.CSV,row:12703,2024-09-10T07:38:25,LEG-02,REAL_PUBLIC_DATA,DERIVED
CP-DEMO-001,BATCH-DEMO-001,SHIP-DEMO-001,ZEN-RAW-S09:row:12704,ZEN-RAW-S09,SENSOR09,SENSOR09.CSV,row:12704,2024-09-10T07:38:30,LEG-02,REAL_PUBLIC_DATA,DERIVED
CP-DEMO-001,BATCH-DEMO-001,SHIP-DEMO-001,ZEN-RAW-S09:row:12705,ZEN-RAW-S09,SENSOR09,SENSOR09.CSV,row:12705,2024-09-10T07:38:35,LEG-02,REAL_PUBLIC_DATA,DERIVED
CP-DEMO-001,BATCH-DEMO-001,SHIP-DEMO-001,ZEN-RAW-S09:row:12706,ZEN-RAW-S09,SENSOR09,SENSOR09.CSV,row:12706,2024-09-10T07:38:40,LEG-02,REAL_PUBLIC_DATA,DERIVED
CP-DEMO-001,BATCH-DEMO-001,SHIP-DEMO-001,ZEN-RAW-S09:row:12707,ZEN-RAW-S09,SENSOR09,SENSOR09.CSV,row:12707,2024-09-10T07:38:45,LEG-02,REAL_PUBLIC_DATA,DERIVED
CP-DEMO-001,BATCH-DEMO-001,SHIP-DEMO-001,ZEN-RAW-S09:row:12708,ZEN-RAW-S09,SENSOR09,SENSOR09.CSV,row:12708,2024-09-10T07:38:50,LEG-02,REAL_PUBLIC_DATA,DERIVED
CP-DEMO-001,BATCH-DEMO-001,SHIP-DEMO-001,ZEN-RAW-S09:row:12709,ZEN-RAW-S09,SENSOR09,SENSOR09.CSV,row:12709,2024-09-10T07:38:55,LEG-02,REAL_PUBLIC_DATA,DERIVED
CP-DEMO-001,BATCH-DEMO-001,SHIP-DEMO-001,ZEN-RAW-S09:row:12710,ZEN-RAW-S09,SENSOR09,SENSOR09.CSV,row:12710,2024-09-10T07:39:00,LEG-02,REAL_PUBLIC_DATA,DERIVED
CP-DEMO-001,BATCH-DEMO-001,SHIP-DEMO-001,ZEN-RAW-S09:row:12711,ZEN-RAW-S09,SENSOR09,SENSOR09.CSV,row:12711,2024-09-10T07:39:05,LEG-02,REAL_PUBLIC_DATA,DERIVED
CP-DEMO-001,BATCH-DEMO-001,SHIP-DEMO-001,ZEN-RAW-S09:row:12712,ZEN-RAW-S09,SENSOR09,SENSOR09.CSV,row:12712,2024-09-10T07:39:10,LEG-02,REAL_PUBLIC_DATA,DERIVED
CP-DEMO-001,BATCH-DEMO-001,SHIP-DEMO-001,ZEN-RAW-S09:row:12713,ZEN-RAW-S09,SENSOR09,SENSOR09.CSV,row:12713,2024-09-10T07:39:15,LEG-02,REAL_PUBLIC_DATA,DERIVED
CP-DEMO-001,BATCH-DEMO-001,SHIP-DEMO-001,ZEN-RAW-S09:row:12714,ZEN-RAW-S09,SENSOR09,SENSOR09.CSV,row:12714,2024-09-10T07:39:20,LEG-02,REAL_PUBLIC_DATA,DERIVED
CP-DEMO-001,BATCH-DEMO-001,SHIP-DEMO-001,ZEN-RAW-S09:row:12715,ZEN-RAW-S09,SENSOR09,SENSOR09.CSV,row:12715,2024-09-10T07:39:25,LEG-02,REAL_PUBLIC_DATA,DERIVED
CP-DEMO-001,BATCH-DEMO-001,SHIP-DEMO-001,ZEN-RAW-S09:row:12716,ZEN-RAW-S09,SENSOR09,SENSOR09.CSV,row:12716,2024-09-10T07:39:30,LEG-02,REAL_PUBLIC_DATA,DERIVED
CP-DEMO-001,BATCH-DEMO-001,SHIP-DEMO-001,ZEN-RAW-S09:row:12717,ZEN-RAW-S09,SENSOR09,SENSOR09.CSV,row:12717,2024-09-10T07:39:35,LEG-02,REAL_PUBLIC_DATA,DERIVED
CP-DEMO-001,BATCH-DEMO-001,SHIP-DEMO-001,ZEN-RAW-S09:row:12718,ZEN-RAW-S09,SENSOR09,SENSOR09.CSV,row:12718,2024-09-10T07:39:40,LEG-02,REAL_PUBLIC_DATA,DERIVED
CP-DEMO-001,BATCH-DEMO-001,SHIP-DEMO-001,ZEN-RAW-S09:row:12719,ZEN-RAW-S09,SENSOR09,SENSOR09.CSV,row:12719,2024-09-10T07:39:45,LEG-02,REAL_PUBLIC_DATA,DERIVED
CP-DEMO-001,BATCH-DEMO-001,SHIP-DEMO-001,ZEN-RAW-S09:row:12720,ZEN-RAW-S09,SENSOR09,SENSOR09.CSV,row:12720,2024-09-10T07:39:50,LEG-02,REAL_PUBLIC_DATA,DERIVED
CP-DEMO-001,BATCH-DEMO-001,SHIP-DEMO-001,ZEN-RAW-S09:row:12721,ZEN-RAW-S09,SENSOR09,SENSOR09.CSV,row:12721,2024-09-10T07:39:55,LEG-02,REAL_PUBLIC_DATA,DERIVED
CP-DEMO-001,BATCH-DEMO-001,SHIP-DEMO-001,ZEN-RAW-S09:row:12722,ZEN-RAW-S09,SENSOR09,SENSOR09.CSV,row:12722,2024-09-10T07:40:00,LEG-02,REAL_PUBLIC_DATA,DERIVED
CP-DEMO-001,BATCH-DEMO-001,SHIP-DEMO-001,ZEN-RAW-S09:row:12723,ZEN-RAW-S09,SENSOR09,SENSOR09.CSV,row:12723,2024-09-10T07:40:05,LEG-02,REAL_PUBLIC_DATA,DERIVED
CP-DEMO-001,BATCH-DEMO-001,SHIP-DEMO-001,ZEN-RAW-S09:row:12724,ZEN-RAW-S09,SENSOR09,SENSOR09.CSV,row:12724,2024-09-10T07:40:10,LEG-02,REAL_PUBLIC_DATA,DERIVED
CP-DEMO-001,BATCH-DEMO-001,SHIP-DEMO-001,ZEN-RAW-S09:row:12725,ZEN-RAW-S09,SENSOR09,SENSOR09.CSV,row:12725,2024-09-10T07:40:15,LEG-02,REAL_PUBLIC_DATA,DERIVED
CP-DEMO-001,BATCH-DEMO-001,SHIP-DEMO-001,ZEN-RAW-S09:row:12726,ZEN-RAW-S09,SENSOR09,SENSOR09.CSV,row:12726,2024-09-10T07:40:20,LEG-02,REAL_PUBLIC_DATA,DERIVED
CP-DEMO-001,BATCH-DEMO-001,SHIP-DEMO-001,ZEN-RAW-S09:row:12727,ZEN-RAW-S09,SENSOR09,SENSOR09.CSV,row:12727,2024-09-10T07:40:25,LEG-02,REAL_PUBLIC_DATA,DERIVED
CP-DEMO-001,BATCH-DEMO-001,SHIP-DEMO-001,ZEN-RAW-S09:row:12728,ZEN-RAW-S09,SENSOR09,SENSOR09.CSV,row:12728,2024-09-10T07:40:30,LEG-02,REAL_PUBLIC_DATA,DERIVED
CP-DEMO-001,BATCH-DEMO-001,SHIP-DEMO-001,ZEN-RAW-S09:row:12729,ZEN-RAW-S09,SENSOR09,SENSOR09.CSV,row:12729,2024-09-10T07:40:35,LEG-02,REAL_PUBLIC_DATA,DERIVED
CP-DEMO-001,BATCH-DEMO-001,SHIP-DEMO-001,ZEN-RAW-S09:row:12730,ZEN-RAW-S09,SENSOR09,SENSOR09.CSV,row:12730,2024-09-10T07:40:40,LEG-02,REAL_PUBLIC_DATA,DERIVED
CP-DEMO-001,BATCH-DEMO-001,SHIP-DEMO-001,ZEN-RAW-S09:row:12731,ZEN-RAW-S09,SENSOR09,SENSOR09.CSV,row:12731,2024-09-10T07:40:45,LEG-02,REAL_PUBLIC_DATA,DERIVED
CP-DEMO-001,BATCH-DEMO-001,SHIP-DEMO-001,ZEN-RAW-S09:row:12732,ZEN-RAW-S09,SENSOR09,SENSOR09.CSV,row:12732,2024-09-10T07:40:50,LEG-02,REAL_PUBLIC_DATA,DERIVED
CP-DEMO-001,BATCH-DEMO-001,SHIP-DEMO-001,ZEN-RAW-S09:row:12733,ZEN-RAW-S09,SENSOR09,SENSOR09.CSV,row:12733,2024-09-10T07:40:55,LEG-02,REAL_PUBLIC_DATA,DERIVED
CP-DEMO-001,BATCH-DEMO-001,SHIP-DEMO-001,ZEN-RAW-S09:row:12734,ZEN-RAW-S09,SENSOR09,SENSOR09.CSV,row:12734,2024-09-10T07:41:00,LEG-02,REAL_PUBLIC_DATA,DERIVED
CP-DEMO-001,BATCH-DEMO-001,SHIP-DEMO-001,ZEN-RAW-S09:row:12735,ZEN-RAW-S09,SENSOR09,SENSOR09.CSV,row:12735,2024-09-10T07:41:05,LEG-02,REAL_PUBLIC_DATA,DERIVED
CP-DEMO-001,BATCH-DEMO-001,SHIP-DEMO-001,ZEN-RAW-S09:row:12736,ZEN-RAW-S09,SENSOR09,SENSOR09.CSV,row:12736,2024-09-10T07:41:10,LEG-02,REAL_PUBLIC_DATA,DERIVED
CP-DEMO-001,BATCH-DEMO-001,SHIP-DEMO-001,ZEN-RAW-S09:row:12737,ZEN-RAW-S09,SENSOR09,SENSOR09.CSV,row:12737,2024-09-10T07:41:15,LEG-02,REAL_PUBLIC_DATA,DERIVED
CP-DEMO-001,BATCH-DEMO-001,SHIP-DEMO-001,ZEN-RAW-S09:row:12738,ZEN-RAW-S09,SENSOR09,SENSOR09.CSV,row:12738,2024-09-10T07:41:20,LEG-02,REAL_PUBLIC_DATA,DERIVED
CP-DEMO-001,BATCH-DEMO-001,SHIP-DEMO-001,ZEN-RAW-S09:row:12739,ZEN-RAW-S09,SENSOR09,SENSOR09.CSV,row:12739,2024-09-10T07:41:25,LEG-02,REAL_PUBLIC_DATA,DERIVED
CP-DEMO-001,BATCH-DEMO-001,SHIP-DEMO-001,ZEN-RAW-S09:row:12740,ZEN-RAW-S09,SENSOR09,SENSOR09.CSV,row:12740,2024-09-10T07:41:30,LEG-02,REAL_PUBLIC_DATA,DERIVED
CP-DEMO-001,BATCH-DEMO-001,SHIP-DEMO-001,ZEN-RAW-S09:row:12741,ZEN-RAW-S09,SENSOR09,SENSOR09.CSV,row:12741,2024-09-10T07:41:35,LEG-02,REAL_PUBLIC_DATA,DERIVED
CP-DEMO-001,BATCH-DEMO-001,SHIP-DEMO-001,ZEN-RAW-S09:row:12742,ZEN-RAW-S09,SENSOR09,SENSOR09.CSV,row:12742,2024-09-10T07:41:40,LEG-02,REAL_PUBLIC_DATA,DERIVED
CP-DEMO-001,BATCH-DEMO-001,SHIP-DEMO-001,ZEN-RAW-S09:row:12743,ZEN-RAW-S09,SENSOR09,SENSOR09.CSV,row:12743,2024-09-10T07:41:45,LEG-02,REAL_PUBLIC_DATA,DERIVED
CP-DEMO-001,BATCH-DEMO-001,SHIP-DEMO-001,ZEN-RAW-S09:row:12744,ZEN-RAW-S09,SENSOR09,SENSOR09.CSV,row:12744,2024-09-10T07:41:50,LEG-02,REAL_PUBLIC_DATA,DERIVED
CP-DEMO-001,BATCH-DEMO-001,SHIP-DEMO-001,ZEN-RAW-S09:row:12745,ZEN-RAW-S09,SENSOR09,SENSOR09.CSV,row:12745,2024-09-10T07:41:55,LEG-02,REAL_PUBLIC_DATA,DERIVED
CP-DEMO-001,BATCH-DEMO-001,SHIP-DEMO-001,ZEN-RAW-S09:row:12746,ZEN-RAW-S09,SENSOR09,SENSOR09.CSV,row:12746,2024-09-10T07:42:00,LEG-02,REAL_PUBLIC_DATA,DERIVED
CP-DEMO-001,BATCH-DEMO-001,SHIP-DEMO-001,ZEN-RAW-S09:row:12747,ZEN-RAW-S09,SENSOR09,SENSOR09.CSV,row:12747,2024-09-10T07:42:05,LEG-02,REAL_PUBLIC_DATA,DERIVED
CP-DEMO-001,BATCH-DEMO-001,SHIP-DEMO-001,ZEN-RAW-S09:row:12748,ZEN-RAW-S09,SENSOR09,SENSOR09.CSV,row:12748,2024-09-10T07:42:10,LEG-02,REAL_PUBLIC_DATA,DERIVED
CP-DEMO-001,BATCH-DEMO-001,SHIP-DEMO-001,ZEN-RAW-S09:row:12749,ZEN-RAW-S09,SENSOR09,SENSOR09.CSV,row:12749,2024-09-10T07:42:15,LEG-02,REAL_PUBLIC_DATA,DERIVED
CP-DEMO-001,BATCH-DEMO-001,SHIP-DEMO-001,ZEN-RAW-S09:row:12750,ZEN-RAW-S09,SENSOR09,SENSOR09.CSV,row:12750,2024-09-10T07:42:20,LEG-02,REAL_PUBLIC_DATA,DERIVED
CP-DEMO-001,BATCH-DEMO-001,SHIP-DEMO-001,ZEN-RAW-S09:row:12751,ZEN-RAW-S09,SENSOR09,SENSOR09.CSV,row:12751,2024-09-10T07:42:25,LEG-02,REAL_PUBLIC_DATA,DERIVED
CP-DEMO-001,BATCH-DEMO-001,SHIP-DEMO-001,ZEN-RAW-S09:row:12752,ZEN-RAW-S09,SENSOR09,SENSOR09.CSV,row:12752,2024-09-10T07:42:30,LEG-02,REAL_PUBLIC_DATA,DERIVED
CP-DEMO-001,BATCH-DEMO-001,SHIP-DEMO-001,ZEN-RAW-S09:row:12753,ZEN-RAW-S09,SENSOR09,SENSOR09.CSV,row:12753,2024-09-10T07:42:35,LEG-02,REAL_PUBLIC_DATA,DERIVED
CP-DEMO-001,BATCH-DEMO-001,SHIP-DEMO-001,ZEN-RAW-S09:row:12754,ZEN-RAW-S09,SENSOR09,SENSOR09.CSV,row:12754,2024-09-10T07:42:40,LEG-02,REAL_PUBLIC_DATA,DERIVED
CP-DEMO-001,BATCH-DEMO-001,SHIP-DEMO-001,ZEN-RAW-S09:row:12755,ZEN-RAW-S09,SENSOR09,SENSOR09.CSV,row:12755,2024-09-10T07:42:45,LEG-02,REAL_PUBLIC_DATA,DERIVED
CP-DEMO-001,BATCH-DEMO-001,SHIP-DEMO-001,ZEN-RAW-S09:row:12756,ZEN-RAW-S09,SENSOR09,SENSOR09.CSV,row:12756,2024-09-10T07:42:50,LEG-02,REAL_PUBLIC_DATA,DERIVED
CP-DEMO-001,BATCH-DEMO-001,SHIP-DEMO-001,ZEN-RAW-S09:row:12757,ZEN-RAW-S09,SENSOR09,SENSOR09.CSV,row:12757,2024-09-10T07:42:55,LEG-02,REAL_PUBLIC_DATA,DERIVED
CP-DEMO-001,BATCH-DEMO-001,SHIP-DEMO-001,ZEN-RAW-S09:row:12758,ZEN-RAW-S09,SENSOR09,SENSOR09.CSV,row:12758,2024-09-10T07:43:00,LEG-02,REAL_PUBLIC_DATA,DERIVED
CP-DEMO-001,BATCH-DEMO-001,SHIP-DEMO-001,ZEN-RAW-S09:row:12759,ZEN-RAW-S09,SENSOR09,SENSOR09.CSV,row:12759,2024-09-10T07:43:05,LEG-02,REAL_PUBLIC_DATA,DERIVED
CP-DEMO-001,BATCH-DEMO-001,SHIP-DEMO-001,ZEN-RAW-S09:row:12760,ZEN-RAW-S09,SENSOR09,SENSOR09.CSV,row:12760,2024-09-10T07:43:10,LEG-02,REAL_PUBLIC_DATA,DERIVED
CP-DEMO-001,BATCH-DEMO-001,SHIP-DEMO-001,ZEN-RAW-S09:row:12761,ZEN-RAW-S09,SENSOR09,SENSOR09.CSV,row:12761,2024-09-10T07:43:15,LEG-02,REAL_PUBLIC_DATA,DERIVED
CP-DEMO-001,BATCH-DEMO-001,SHIP-DEMO-001,ZEN-RAW-S09:row:12762,ZEN-RAW-S09,SENSOR09,SENSOR09.CSV,row:12762,2024-09-10T07:43:20,LEG-02,REAL_PUBLIC_DATA,DERIVED
CP-DEMO-001,BATCH-DEMO-001,SHIP-DEMO-001,ZEN-RAW-S09:row:12763,ZEN-RAW-S09,SENSOR09,SENSOR09.CSV,row:12763,2024-09-10T07:43:25,LEG-02,REAL_PUBLIC_DATA,DERIVED
CP-DEMO-001,BATCH-DEMO-001,SHIP-DEMO-001,ZEN-RAW-S09:row:12764,ZEN-RAW-S09,SENSOR09,SENSOR09.CSV,row:12764,2024-09-10T07:43:30,LEG-02,REAL_PUBLIC_DATA,DERIVED
CP-DEMO-001,BATCH-DEMO-001,SHIP-DEMO-001,ZEN-RAW-S09:row:12765,ZEN-RAW-S09,SENSOR09,SENSOR09.CSV,row:12765,2024-09-10T07:43:35,LEG-02,REAL_PUBLIC_DATA,DERIVED
CP-DEMO-001,BATCH-DEMO-001,SHIP-DEMO-001,ZEN-RAW-S09:row:12766,ZEN-RAW-S09,SENSOR09,SENSOR09.CSV,row:12766,2024-09-10T07:43:40,LEG-02,REAL_PUBLIC_DATA,DERIVED
CP-DEMO-001,BATCH-DEMO-001,SHIP-DEMO-001,ZEN-RAW-S09:row:12767,ZEN-RAW-S09,SENSOR09,SENSOR09.CSV,row:12767,2024-09-10T07:43:45,LEG-02,REAL_PUBLIC_DATA,DERIVED
CP-DEMO-001,BATCH-DEMO-001,SHIP-DEMO-001,ZEN-RAW-S09:row:12768,ZEN-RAW-S09,SENSOR09,SENSOR09.CSV,row:12768,2024-09-10T07:43:50,LEG-02,REAL_PUBLIC_DATA,DERIVED
CP-DEMO-001,BATCH-DEMO-001,SHIP-DEMO-001,ZEN-RAW-S09:row:12769,ZEN-RAW-S09,SENSOR09,SENSOR09.CSV,row:12769,2024-09-10T07:43:55,LEG-02,REAL_PUBLIC_DATA,DERIVED
CP-DEMO-001,BATCH-DEMO-001,SHIP-DEMO-001,ZEN-RAW-S09:row:12770,ZEN-RAW-S09,SENSOR09,SENSOR09.CSV,row:12770,2024-09-10T07:44:00,LEG-02,REAL_PUBLIC_DATA,DERIVED
CP-DEMO-001,BATCH-DEMO-001,SHIP-DEMO-001,ZEN-RAW-S09:row:12771,ZEN-RAW-S09,SENSOR09,SENSOR09.CSV,row:12771,2024-09-10T07:44:05,LEG-02,REAL_PUBLIC_DATA,DERIVED
CP-DEMO-001,BATCH-DEMO-001,SHIP-DEMO-001,ZEN-RAW-S09:row:12772,ZEN-RAW-S09,SENSOR09,SENSOR09.CSV,row:12772,2024-09-10T07:44:10,LEG-02,REAL_PUBLIC_DATA,DERIVED
CP-DEMO-001,BATCH-DEMO-001,SHIP-DEMO-001,ZEN-RAW-S09:row:12773,ZEN-RAW-S09,SENSOR09,SENSOR09.CSV,row:12773,2024-09-10T07:44:15,LEG-02,REAL_PUBLIC_DATA,DERIVED
CP-DEMO-001,BATCH-DEMO-001,SHIP-DEMO-001,ZEN-RAW-S09:row:12774,ZEN-RAW-S09,SENSOR09,SENSOR09.CSV,row:12774,2024-09-10T07:44:20,LEG-02,REAL_PUBLIC_DATA,DERIVED
CP-DEMO-001,BATCH-DEMO-001,SHIP-DEMO-001,ZEN-RAW-S09:row:12775,ZEN-RAW-S09,SENSOR09,SENSOR09.CSV,row:12775,2024-09-10T07:44:25,LEG-02,REAL_PUBLIC_DATA,DERIVED
CP-DEMO-001,BATCH-DEMO-001,SHIP-DEMO-001,ZEN-RAW-S09:row:12776,ZEN-RAW-S09,SENSOR09,SENSOR09.CSV,row:12776,2024-09-10T07:44:30,LEG-02,REAL_PUBLIC_DATA,DERIVED
CP-DEMO-001,BATCH-DEMO-001,SHIP-DEMO-001,ZEN-RAW-S09:row:12777,ZEN-RAW-S09,SENSOR09,SENSOR09.CSV,row:12777,2024-09-10T07:44:35,LEG-02,REAL_PUBLIC_DATA,DERIVED
CP-DEMO-001,BATCH-DEMO-001,SHIP-DEMO-001,ZEN-RAW-S09:row:12778,ZEN-RAW-S09,SENSOR09,SENSOR09.CSV,row:12778,2024-09-10T07:44:40,LEG-02,REAL_PUBLIC_DATA,DERIVED
CP-DEMO-001,BATCH-DEMO-001,SHIP-DEMO-001,ZEN-RAW-S09:row:12779,ZEN-RAW-S09,SENSOR09,SENSOR09.CSV,row:12779,2024-09-10T07:44:45,LEG-02,REAL_PUBLIC_DATA,DERIVED
CP-DEMO-001,BATCH-DEMO-001,SHIP-DEMO-001,ZEN-RAW-S09:row:12780,ZEN-RAW-S09,SENSOR09,SENSOR09.CSV,row:12780,2024-09-10T07:44:50,LEG-02,REAL_PUBLIC_DATA,DERIVED
CP-DEMO-001,BATCH-DEMO-001,SHIP-DEMO-001,ZEN-RAW-S09:row:12781,ZEN-RAW-S09,SENSOR09,SENSOR09.CSV,row:12781,2024-09-10T07:44:55,LEG-02,REAL_PUBLIC_DATA,DERIVED
CP-DEMO-001,BATCH-DEMO-001,SHIP-DEMO-001,ZEN-RAW-S09:row:12782,ZEN-RAW-S09,SENSOR09,SENSOR09.CSV,row:12782,2024-09-10T07:45:00,LEG-02,REAL_PUBLIC_DATA,DERIVED
CP-DEMO-001,BATCH-DEMO-001,SHIP-DEMO-001,ZEN-RAW-S09:row:12783,ZEN-RAW-S09,SENSOR09,SENSOR09.CSV,row:12783,2024-09-10T07:45:05,LEG-02,REAL_PUBLIC_DATA,DERIVED
CP-DEMO-001,BATCH-DEMO-001,SHIP-DEMO-001,ZEN-RAW-S09:row:12784,ZEN-RAW-S09,SENSOR09,SENSOR09.CSV,row:12784,2024-09-10T07:45:10,LEG-02,REAL_PUBLIC_DATA,DERIVED
CP-DEMO-001,BATCH-DEMO-001,SHIP-DEMO-001,ZEN-RAW-S09:row:12785,ZEN-RAW-S09,SENSOR09,SENSOR09.CSV,row:12785,2024-09-10T07:45:15,LEG-02,REAL_PUBLIC_DATA,DERIVED
CP-DEMO-001,BATCH-DEMO-001,SHIP-DEMO-001,ZEN-RAW-S09:row:12786,ZEN-RAW-S09,SENSOR09,SENSOR09.CSV,row:12786,2024-09-10T07:45:20,LEG-02,REAL_PUBLIC_DATA,DERIVED
CP-DEMO-001,BATCH-DEMO-001,SHIP-DEMO-001,ZEN-RAW-S09:row:12787,ZEN-RAW-S09,SENSOR09,SENSOR09.CSV,row:12787,2024-09-10T07:45:25,LEG-02,REAL_PUBLIC_DATA,DERIVED
CP-DEMO-001,BATCH-DEMO-001,SHIP-DEMO-001,ZEN-RAW-S09:row:12788,ZEN-RAW-S09,SENSOR09,SENSOR09.CSV,row:12788,2024-09-10T07:45:30,LEG-02,REAL_PUBLIC_DATA,DERIVED
CP-DEMO-001,BATCH-DEMO-001,SHIP-DEMO-001,ZEN-RAW-S09:row:12789,ZEN-RAW-S09,SENSOR09,SENSOR09.CSV,row:12789,2024-09-10T07:45:35,LEG-02,REAL_PUBLIC_DATA,DERIVED
CP-DEMO-001,BATCH-DEMO-001,SHIP-DEMO-001,ZEN-RAW-S09:row:12790,ZEN-RAW-S09,SENSOR09,SENSOR09.CSV,row:12790,2024-09-10T07:45:40,LEG-02,REAL_PUBLIC_DATA,DERIVED
CP-DEMO-001,BATCH-DEMO-001,SHIP-DEMO-001,ZEN-RAW-S09:row:12791,ZEN-RAW-S09,SENSOR09,SENSOR09.CSV,row:12791,2024-09-10T07:45:45,LEG-02,REAL_PUBLIC_DATA,DERIVED
CP-DEMO-001,BATCH-DEMO-001,SHIP-DEMO-001,ZEN-RAW-S09:row:12792,ZEN-RAW-S09,SENSOR09,SENSOR09.CSV,row:12792,2024-09-10T07:45:50,LEG-02,REAL_PUBLIC_DATA,DERIVED
CP-DEMO-001,BATCH-DEMO-001,SHIP-DEMO-001,ZEN-RAW-S09:row:12793,ZEN-RAW-S09,SENSOR09,SENSOR09.CSV,row:12793,2024-09-10T07:45:55,LEG-02,REAL_PUBLIC_DATA,DERIVED
CP-DEMO-001,BATCH-DEMO-001,SHIP-DEMO-001,ZEN-RAW-S09:row:12794,ZEN-RAW-S09,SENSOR09,SENSOR09.CSV,row:12794,2024-09-10T07:46:00,LEG-02,REAL_PUBLIC_DATA,DERIVED
CP-DEMO-001,BATCH-DEMO-001,SHIP-DEMO-001,ZEN-RAW-S09:row:12795,ZEN-RAW-S09,SENSOR09,SENSOR09.CSV,row:12795,2024-09-10T07:46:05,LEG-02,REAL_PUBLIC_DATA,DERIVED
CP-DEMO-001,BATCH-DEMO-001,SHIP-DEMO-001,ZEN-RAW-S09:row:12796,ZEN-RAW-S09,SENSOR09,SENSOR09.CSV,row:12796,2024-09-10T07:46:10,LEG-02,REAL_PUBLIC_DATA,DERIVED
CP-DEMO-001,BATCH-DEMO-001,SHIP-DEMO-001,ZEN-RAW-S09:row:12797,ZEN-RAW-S09,SENSOR09,SENSOR09.CSV,row:12797,2024-09-10T07:46:15,LEG-02,REAL_PUBLIC_DATA,DERIVED
CP-DEMO-001,BATCH-DEMO-001,SHIP-DEMO-001,ZEN-RAW-S09:row:12798,ZEN-RAW-S09,SENSOR09,SENSOR09.CSV,row:12798,2024-09-10T07:46:20,LEG-02,REAL_PUBLIC_DATA,DERIVED
CP-DEMO-001,BATCH-DEMO-001,SHIP-DEMO-001,ZEN-RAW-S09:row:12799,ZEN-RAW-S09,SENSOR09,SENSOR09.CSV,row:12799,2024-09-10T07:46:25,LEG-02,REAL_PUBLIC_DATA,DERIVED
CP-DEMO-001,BATCH-DEMO-001,SHIP-DEMO-001,ZEN-RAW-S09:row:12800,ZEN-RAW-S09,SENSOR09,SENSOR09.CSV,row:12800,2024-09-10T07:46:30,LEG-02,REAL_PUBLIC_DATA,DERIVED
CP-DEMO-001,BATCH-DEMO-001,SHIP-DEMO-001,ZEN-RAW-S09:row:12801,ZEN-RAW-S09,SENSOR09,SENSOR09.CSV,row:12801,2024-09-10T07:46:35,LEG-02,REAL_PUBLIC_DATA,DERIVED
CP-DEMO-001,BATCH-DEMO-001,SHIP-DEMO-001,ZEN-RAW-S09:row:12802,ZEN-RAW-S09,SENSOR09,SENSOR09.CSV,row:12802,2024-09-10T07:46:40,LEG-02,REAL_PUBLIC_DATA,DERIVED
CP-DEMO-001,BATCH-DEMO-001,SHIP-DEMO-001,ZEN-RAW-S09:row:12803,ZEN-RAW-S09,SENSOR09,SENSOR09.CSV,row:12803,2024-09-10T07:46:45,LEG-02,REAL_PUBLIC_DATA,DERIVED
CP-DEMO-001,BATCH-DEMO-001,SHIP-DEMO-001,ZEN-RAW-S09:row:12804,ZEN-RAW-S09,SENSOR09,SENSOR09.CSV,row:12804,2024-09-10T07:46:50,LEG-02,REAL_PUBLIC_DATA,DERIVED
CP-DEMO-001,BATCH-DEMO-001,SHIP-DEMO-001,ZEN-RAW-S09:row:12805,ZEN-RAW-S09,SENSOR09,SENSOR09.CSV,row:12805,2024-09-10T07:46:55,LEG-02,REAL_PUBLIC_DATA,DERIVED
CP-DEMO-001,BATCH-DEMO-001,SHIP-DEMO-001,ZEN-RAW-S09:row:12806,ZEN-RAW-S09,SENSOR09,SENSOR09.CSV,row:12806,2024-09-10T07:47:00,LEG-02,REAL_PUBLIC_DATA,DERIVED
CP-DEMO-001,BATCH-DEMO-001,SHIP-DEMO-001,ZEN-RAW-S09:row:12807,ZEN-RAW-S09,SENSOR09,SENSOR09.CSV,row:12807,2024-09-10T07:47:05,LEG-02,REAL_PUBLIC_DATA,DERIVED
CP-DEMO-001,BATCH-DEMO-001,SHIP-DEMO-001,ZEN-RAW-S09:row:12808,ZEN-RAW-S09,SENSOR09,SENSOR09.CSV,row:12808,2024-09-10T07:47:10,LEG-02,REAL_PUBLIC_DATA,DERIVED
CP-DEMO-001,BATCH-DEMO-001,SHIP-DEMO-001,ZEN-RAW-S09:row:12809,ZEN-RAW-S09,SENSOR09,SENSOR09.CSV,row:12809,2024-09-10T07:47:15,LEG-02,REAL_PUBLIC_DATA,DERIVED
CP-DEMO-001,BATCH-DEMO-001,SHIP-DEMO-001,ZEN-RAW-S09:row:12810,ZEN-RAW-S09,SENSOR09,SENSOR09.CSV,row:12810,2024-09-10T07:47:20,LEG-02,REAL_PUBLIC_DATA,DERIVED
CP-DEMO-001,BATCH-DEMO-001,SHIP-DEMO-001,ZEN-RAW-S09:row:12811,ZEN-RAW-S09,SENSOR09,SENSOR09.CSV,row:12811,2024-09-10T07:47:25,LEG-02,REAL_PUBLIC_DATA,DERIVED
CP-DEMO-001,BATCH-DEMO-001,SHIP-DEMO-001,ZEN-RAW-S09:row:12812,ZEN-RAW-S09,SENSOR09,SENSOR09.CSV,row:12812,2024-09-10T07:47:30,LEG-02,REAL_PUBLIC_DATA,DERIVED
CP-DEMO-001,BATCH-DEMO-001,SHIP-DEMO-001,ZEN-RAW-S09:row:12813,ZEN-RAW-S09,SENSOR09,SENSOR09.CSV,row:12813,2024-09-10T07:47:35,LEG-02,REAL_PUBLIC_DATA,DERIVED
CP-DEMO-001,BATCH-DEMO-001,SHIP-DEMO-001,ZEN-RAW-S09:row:12814,ZEN-RAW-S09,SENSOR09,SENSOR09.CSV,row:12814,2024-09-10T07:47:40,LEG-02,REAL_PUBLIC_DATA,DERIVED
CP-DEMO-001,BATCH-DEMO-001,SHIP-DEMO-001,ZEN-RAW-S09:row:12815,ZEN-RAW-S09,SENSOR09,SENSOR09.CSV,row:12815,2024-09-10T07:47:45,LEG-02,REAL_PUBLIC_DATA,DERIVED
CP-DEMO-001,BATCH-DEMO-001,SHIP-DEMO-001,ZEN-RAW-S09:row:12816,ZEN-RAW-S09,SENSOR09,SENSOR09.CSV,row:12816,2024-09-10T07:47:50,LEG-02,REAL_PUBLIC_DATA,DERIVED
CP-DEMO-001,BATCH-DEMO-001,SHIP-DEMO-001,ZEN-RAW-S09:row:12817,ZEN-RAW-S09,SENSOR09,SENSOR09.CSV,row:12817,2024-09-10T07:47:55,LEG-02,REAL_PUBLIC_DATA,DERIVED
CP-DEMO-001,BATCH-DEMO-001,SHIP-DEMO-001,ZEN-RAW-S09:row:12818,ZEN-RAW-S09,SENSOR09,SENSOR09.CSV,row:12818,2024-09-10T07:48:00,LEG-02,REAL_PUBLIC_DATA,DERIVED
CP-DEMO-001,BATCH-DEMO-001,SHIP-DEMO-001,ZEN-RAW-S09:row:12819,ZEN-RAW-S09,SENSOR09,SENSOR09.CSV,row:12819,2024-09-10T07:48:05,LEG-02,REAL_PUBLIC_DATA,DERIVED
CP-DEMO-001,BATCH-DEMO-001,SHIP-DEMO-001,ZEN-RAW-S09:row:12820,ZEN-RAW-S09,SENSOR09,SENSOR09.CSV,row:12820,2024-09-10T07:48:10,LEG-02,REAL_PUBLIC_DATA,DERIVED
CP-DEMO-001,BATCH-DEMO-001,SHIP-DEMO-001,ZEN-RAW-S09:row:12821,ZEN-RAW-S09,SENSOR09,SENSOR09.CSV,row:12821,2024-09-10T07:48:15,LEG-02,REAL_PUBLIC_DATA,DERIVED
CP-DEMO-001,BATCH-DEMO-001,SHIP-DEMO-001,ZEN-RAW-S09:row:12822,ZEN-RAW-S09,SENSOR09,SENSOR09.CSV,row:12822,2024-09-10T07:48:20,LEG-02,REAL_PUBLIC_DATA,DERIVED
CP-DEMO-001,BATCH-DEMO-001,SHIP-DEMO-001,ZEN-RAW-S09:row:12823,ZEN-RAW-S09,SENSOR09,SENSOR09.CSV,row:12823,2024-09-10T07:48:25,LEG-02,REAL_PUBLIC_DATA,DERIVED
CP-DEMO-001,BATCH-DEMO-001,SHIP-DEMO-001,ZEN-RAW-S09:row:12824,ZEN-RAW-S09,SENSOR09,SENSOR09.CSV,row:12824,2024-09-10T07:48:30,LEG-02,REAL_PUBLIC_DATA,DERIVED
CP-DEMO-001,BATCH-DEMO-001,SHIP-DEMO-001,ZEN-RAW-S09:row:12825,ZEN-RAW-S09,SENSOR09,SENSOR09.CSV,row:12825,2024-09-10T07:48:35,LEG-02,REAL_PUBLIC_DATA,DERIVED
CP-DEMO-001,BATCH-DEMO-001,SHIP-DEMO-001,ZEN-RAW-S09:row:12826,ZEN-RAW-S09,SENSOR09,SENSOR09.CSV,row:12826,2024-09-10T07:48:40,LEG-02,REAL_PUBLIC_DATA,DERIVED
CP-DEMO-001,BATCH-DEMO-001,SHIP-DEMO-001,ZEN-RAW-S09:row:12827,ZEN-RAW-S09,SENSOR09,SENSOR09.CSV,row:12827,2024-09-10T07:48:45,LEG-02,REAL_PUBLIC_DATA,DERIVED
CP-DEMO-001,BATCH-DEMO-001,SHIP-DEMO-001,ZEN-RAW-S09:row:12828,ZEN-RAW-S09,SENSOR09,SENSOR09.CSV,row:12828,2024-09-10T07:48:50,LEG-02,REAL_PUBLIC_DATA,DERIVED
CP-DEMO-001,BATCH-DEMO-001,SHIP-DEMO-001,ZEN-RAW-S09:row:12829,ZEN-RAW-S09,SENSOR09,SENSOR09.CSV,row:12829,2024-09-10T07:48:55,LEG-02,REAL_PUBLIC_DATA,DERIVED
CP-DEMO-001,BATCH-DEMO-001,SHIP-DEMO-001,ZEN-RAW-S09:row:12830,ZEN-RAW-S09,SENSOR09,SENSOR09.CSV,row:12830,2024-09-10T07:49:00,LEG-02,REAL_PUBLIC_DATA,DERIVED
CP-DEMO-001,BATCH-DEMO-001,SHIP-DEMO-001,ZEN-RAW-S09:row:12831,ZEN-RAW-S09,SENSOR09,SENSOR09.CSV,row:12831,2024-09-10T07:49:05,LEG-02,REAL_PUBLIC_DATA,DERIVED
CP-DEMO-001,BATCH-DEMO-001,SHIP-DEMO-001,ZEN-RAW-S09:row:12832,ZEN-RAW-S09,SENSOR09,SENSOR09.CSV,row:12832,2024-09-10T07:49:10,LEG-02,REAL_PUBLIC_DATA,DERIVED
CP-DEMO-001,BATCH-DEMO-001,SHIP-DEMO-001,ZEN-RAW-S09:row:12833,ZEN-RAW-S09,SENSOR09,SENSOR09.CSV,row:12833,2024-09-10T07:49:15,LEG-02,REAL_PUBLIC_DATA,DERIVED
CP-DEMO-001,BATCH-DEMO-001,SHIP-DEMO-001,ZEN-RAW-S09:row:12834,ZEN-RAW-S09,SENSOR09,SENSOR09.CSV,row:12834,2024-09-10T07:49:20,LEG-02,REAL_PUBLIC_DATA,DERIVED
CP-DEMO-001,BATCH-DEMO-001,SHIP-DEMO-001,ZEN-RAW-S09:row:12835,ZEN-RAW-S09,SENSOR09,SENSOR09.CSV,row:12835,2024-09-10T07:49:25,LEG-02,REAL_PUBLIC_DATA,DERIVED
CP-DEMO-001,BATCH-DEMO-001,SHIP-DEMO-001,ZEN-RAW-S09:row:12836,ZEN-RAW-S09,SENSOR09,SENSOR09.CSV,row:12836,2024-09-10T07:49:30,LEG-02,REAL_PUBLIC_DATA,DERIVED
CP-DEMO-001,BATCH-DEMO-001,SHIP-DEMO-001,ZEN-RAW-S09:row:12837,ZEN-RAW-S09,SENSOR09,SENSOR09.CSV,row:12837,2024-09-10T07:49:35,LEG-02,REAL_PUBLIC_DATA,DERIVED
CP-DEMO-001,BATCH-DEMO-001,SHIP-DEMO-001,ZEN-RAW-S09:row:12838,ZEN-RAW-S09,SENSOR09,SENSOR09.CSV,row:12838,2024-09-10T07:49:40,LEG-02,REAL_PUBLIC_DATA,DERIVED
CP-DEMO-001,BATCH-DEMO-001,SHIP-DEMO-001,ZEN-RAW-S09:row:12839,ZEN-RAW-S09,SENSOR09,SENSOR09.CSV,row:12839,2024-09-10T07:49:45,LEG-02,REAL_PUBLIC_DATA,DERIVED
CP-DEMO-001,BATCH-DEMO-001,SHIP-DEMO-001,ZEN-RAW-S09:row:12840,ZEN-RAW-S09,SENSOR09,SENSOR09.CSV,row:12840,2024-09-10T07:49:50,LEG-02,REAL_PUBLIC_DATA,DERIVED
CP-DEMO-001,BATCH-DEMO-001,SHIP-DEMO-001,ZEN-RAW-S09:row:12841,ZEN-RAW-S09,SENSOR09,SENSOR09.CSV,row:12841,2024-09-10T07:49:55,LEG-02,REAL_PUBLIC_DATA,DERIVED
CP-DEMO-001,BATCH-DEMO-001,SHIP-DEMO-001,ZEN-RAW-S09:row:12842,ZEN-RAW-S09,SENSOR09,SENSOR09.CSV,row:12842,2024-09-10T07:50:00,LEG-02,REAL_PUBLIC_DATA,DERIVED
CP-DEMO-001,BATCH-DEMO-001,SHIP-DEMO-001,ZEN-RAW-S09:row:12843,ZEN-RAW-S09,SENSOR09,SENSOR09.CSV,row:12843,2024-09-10T07:50:05,LEG-02,REAL_PUBLIC_DATA,DERIVED
CP-DEMO-001,BATCH-DEMO-001,SHIP-DEMO-001,ZEN-RAW-S09:row:12844,ZEN-RAW-S09,SENSOR09,SENSOR09.CSV,row:12844,2024-09-10T07:50:10,LEG-02,REAL_PUBLIC_DATA,DERIVED
CP-DEMO-001,BATCH-DEMO-001,SHIP-DEMO-001,ZEN-RAW-S09:row:12845,ZEN-RAW-S09,SENSOR09,SENSOR09.CSV,row:12845,2024-09-10T07:50:15,LEG-02,REAL_PUBLIC_DATA,DERIVED
CP-DEMO-001,BATCH-DEMO-001,SHIP-DEMO-001,ZEN-RAW-S09:row:12846,ZEN-RAW-S09,SENSOR09,SENSOR09.CSV,row:12846,2024-09-10T07:50:20,LEG-02,REAL_PUBLIC_DATA,DERIVED
CP-DEMO-001,BATCH-DEMO-001,SHIP-DEMO-001,ZEN-RAW-S09:row:12847,ZEN-RAW-S09,SENSOR09,SENSOR09.CSV,row:12847,2024-09-10T07:50:25,LEG-02,REAL_PUBLIC_DATA,DERIVED
CP-DEMO-001,BATCH-DEMO-001,SHIP-DEMO-001,ZEN-RAW-S09:row:12848,ZEN-RAW-S09,SENSOR09,SENSOR09.CSV,row:12848,2024-09-10T07:50:30,LEG-02,REAL_PUBLIC_DATA,DERIVED
CP-DEMO-001,BATCH-DEMO-001,SHIP-DEMO-001,ZEN-RAW-S09:row:12849,ZEN-RAW-S09,SENSOR09,SENSOR09.CSV,row:12849,2024-09-10T07:50:35,LEG-02,REAL_PUBLIC_DATA,DERIVED
CP-DEMO-001,BATCH-DEMO-001,SHIP-DEMO-001,ZEN-RAW-S09:row:12850,ZEN-RAW-S09,SENSOR09,SENSOR09.CSV,row:12850,2024-09-10T07:50:40,LEG-02,REAL_PUBLIC_DATA,DERIVED
CP-DEMO-001,BATCH-DEMO-001,SHIP-DEMO-001,ZEN-RAW-S09:row:12851,ZEN-RAW-S09,SENSOR09,SENSOR09.CSV,row:12851,2024-09-10T07:50:45,LEG-02,REAL_PUBLIC_DATA,DERIVED
CP-DEMO-001,BATCH-DEMO-001,SHIP-DEMO-001,ZEN-RAW-S09:row:12852,ZEN-RAW-S09,SENSOR09,SENSOR09.CSV,row:12852,2024-09-10T07:50:50,LEG-02,REAL_PUBLIC_DATA,DERIVED
CP-DEMO-001,BATCH-DEMO-001,SHIP-DEMO-001,ZEN-RAW-S09:row:12853,ZEN-RAW-S09,SENSOR09,SENSOR09.CSV,row:12853,2024-09-10T07:50:55,LEG-02,REAL_PUBLIC_DATA,DERIVED
CP-DEMO-001,BATCH-DEMO-001,SHIP-DEMO-001,ZEN-RAW-S09:row:12854,ZEN-RAW-S09,SENSOR09,SENSOR09.CSV,row:12854,2024-09-10T07:51:00,LEG-02,REAL_PUBLIC_DATA,DERIVED
CP-DEMO-001,BATCH-DEMO-001,SHIP-DEMO-001,ZEN-RAW-S09:row:12855,ZEN-RAW-S09,SENSOR09,SENSOR09.CSV,row:12855,2024-09-10T07:51:05,LEG-02,REAL_PUBLIC_DATA,DERIVED
CP-DEMO-001,BATCH-DEMO-001,SHIP-DEMO-001,ZEN-RAW-S09:row:12856,ZEN-RAW-S09,SENSOR09,SENSOR09.CSV,row:12856,2024-09-10T07:51:10,LEG-02,REAL_PUBLIC_DATA,DERIVED
CP-DEMO-001,BATCH-DEMO-001,SHIP-DEMO-001,ZEN-RAW-S09:row:12857,ZEN-RAW-S09,SENSOR09,SENSOR09.CSV,row:12857,2024-09-10T07:51:15,LEG-02,REAL_PUBLIC_DATA,DERIVED
CP-DEMO-001,BATCH-DEMO-001,SHIP-DEMO-001,ZEN-RAW-S09:row:12858,ZEN-RAW-S09,SENSOR09,SENSOR09.CSV,row:12858,2024-09-10T07:51:20,LEG-02,REAL_PUBLIC_DATA,DERIVED
CP-DEMO-001,BATCH-DEMO-001,SHIP-DEMO-001,ZEN-RAW-S09:row:12859,ZEN-RAW-S09,SENSOR09,SENSOR09.CSV,row:12859,2024-09-10T07:51:25,LEG-02,REAL_PUBLIC_DATA,DERIVED
CP-DEMO-001,BATCH-DEMO-001,SHIP-DEMO-001,ZEN-RAW-S09:row:12860,ZEN-RAW-S09,SENSOR09,SENSOR09.CSV,row:12860,2024-09-10T07:51:30,LEG-02,REAL_PUBLIC_DATA,DERIVED
CP-DEMO-001,BATCH-DEMO-001,SHIP-DEMO-001,ZEN-RAW-S09:row:12861,ZEN-RAW-S09,SENSOR09,SENSOR09.CSV,row:12861,2024-09-10T07:51:35,LEG-02,REAL_PUBLIC_DATA,DERIVED
CP-DEMO-001,BATCH-DEMO-001,SHIP-DEMO-001,ZEN-RAW-S09:row:12862,ZEN-RAW-S09,SENSOR09,SENSOR09.CSV,row:12862,2024-09-10T07:51:40,LEG-02,REAL_PUBLIC_DATA,DERIVED
CP-DEMO-001,BATCH-DEMO-001,SHIP-DEMO-001,ZEN-RAW-S09:row:12863,ZEN-RAW-S09,SENSOR09,SENSOR09.CSV,row:12863,2024-09-10T07:51:45,LEG-02,REAL_PUBLIC_DATA,DERIVED
CP-DEMO-001,BATCH-DEMO-001,SHIP-DEMO-001,ZEN-RAW-S09:row:12864,ZEN-RAW-S09,SENSOR09,SENSOR09.CSV,row:12864,2024-09-10T07:51:50,LEG-02,REAL_PUBLIC_DATA,DERIVED
CP-DEMO-001,BATCH-DEMO-001,SHIP-DEMO-001,ZEN-RAW-S09:row:12865,ZEN-RAW-S09,SENSOR09,SENSOR09.CSV,row:12865,2024-09-10T07:51:55,LEG-02,REAL_PUBLIC_DATA,DERIVED
CP-DEMO-001,BATCH-DEMO-001,SHIP-DEMO-001,ZEN-RAW-S09:row:12866,ZEN-RAW-S09,SENSOR09,SENSOR09.CSV,row:12866,2024-09-10T07:52:00,LEG-02,REAL_PUBLIC_DATA,DERIVED
CP-DEMO-001,BATCH-DEMO-001,SHIP-DEMO-001,ZEN-RAW-S09:row:12867,ZEN-RAW-S09,SENSOR09,SENSOR09.CSV,row:12867,2024-09-10T07:52:05,LEG-02,REAL_PUBLIC_DATA,DERIVED
CP-DEMO-001,BATCH-DEMO-001,SHIP-DEMO-001,ZEN-RAW-S09:row:12868,ZEN-RAW-S09,SENSOR09,SENSOR09.CSV,row:12868,2024-09-10T07:52:10,LEG-02,REAL_PUBLIC_DATA,DERIVED
CP-DEMO-001,BATCH-DEMO-001,SHIP-DEMO-001,ZEN-RAW-S09:row:12869,ZEN-RAW-S09,SENSOR09,SENSOR09.CSV,row:12869,2024-09-10T07:52:15,LEG-02,REAL_PUBLIC_DATA,DERIVED
CP-DEMO-001,BATCH-DEMO-001,SHIP-DEMO-001,ZEN-RAW-S09:row:12870,ZEN-RAW-S09,SENSOR09,SENSOR09.CSV,row:12870,2024-09-10T07:52:20,LEG-02,REAL_PUBLIC_DATA,DERIVED
CP-DEMO-001,BATCH-DEMO-001,SHIP-DEMO-001,ZEN-RAW-S09:row:12871,ZEN-RAW-S09,SENSOR09,SENSOR09.CSV,row:12871,2024-09-10T07:52:25,LEG-02,REAL_PUBLIC_DATA,DERIVED
CP-DEMO-001,BATCH-DEMO-001,SHIP-DEMO-001,ZEN-RAW-S09:row:12872,ZEN-RAW-S09,SENSOR09,SENSOR09.CSV,row:12872,2024-09-10T07:52:30,LEG-02,REAL_PUBLIC_DATA,DERIVED
CP-DEMO-001,BATCH-DEMO-001,SHIP-DEMO-001,ZEN-RAW-S09:row:12873,ZEN-RAW-S09,SENSOR09,SENSOR09.CSV,row:12873,2024-09-10T07:52:35,LEG-02,REAL_PUBLIC_DATA,DERIVED
CP-DEMO-001,BATCH-DEMO-001,SHIP-DEMO-001,ZEN-RAW-S09:row:12874,ZEN-RAW-S09,SENSOR09,SENSOR09.CSV,row:12874,2024-09-10T07:52:40,LEG-02,REAL_PUBLIC_DATA,DERIVED
CP-DEMO-001,BATCH-DEMO-001,SHIP-DEMO-001,ZEN-RAW-S09:row:12875,ZEN-RAW-S09,SENSOR09,SENSOR09.CSV,row:12875,2024-09-10T07:52:45,LEG-02,REAL_PUBLIC_DATA,DERIVED
CP-DEMO-001,BATCH-DEMO-001,SHIP-DEMO-001,ZEN-RAW-S09:row:12876,ZEN-RAW-S09,SENSOR09,SENSOR09.CSV,row:12876,2024-09-10T07:52:50,LEG-02,REAL_PUBLIC_DATA,DERIVED
CP-DEMO-001,BATCH-DEMO-001,SHIP-DEMO-001,ZEN-RAW-S09:row:12877,ZEN-RAW-S09,SENSOR09,SENSOR09.CSV,row:12877,2024-09-10T07:52:55,LEG-02,REAL_PUBLIC_DATA,DERIVED
CP-DEMO-001,BATCH-DEMO-001,SHIP-DEMO-001,ZEN-RAW-S09:row:12878,ZEN-RAW-S09,SENSOR09,SENSOR09.CSV,row:12878,2024-09-10T07:53:00,LEG-02,REAL_PUBLIC_DATA,DERIVED
CP-DEMO-001,BATCH-DEMO-001,SHIP-DEMO-001,ZEN-RAW-S09:row:12879,ZEN-RAW-S09,SENSOR09,SENSOR09.CSV,row:12879,2024-09-10T07:53:05,LEG-02,REAL_PUBLIC_DATA,DERIVED
CP-DEMO-001,BATCH-DEMO-001,SHIP-DEMO-001,ZEN-RAW-S09:row:12880,ZEN-RAW-S09,SENSOR09,SENSOR09.CSV,row:12880,2024-09-10T07:53:10,LEG-02,REAL_PUBLIC_DATA,DERIVED
CP-DEMO-001,BATCH-DEMO-001,SHIP-DEMO-001,ZEN-RAW-S09:row:12881,ZEN-RAW-S09,SENSOR09,SENSOR09.CSV,row:12881,2024-09-10T07:53:15,LEG-02,REAL_PUBLIC_DATA,DERIVED
CP-DEMO-001,BATCH-DEMO-001,SHIP-DEMO-001,ZEN-RAW-S09:row:12882,ZEN-RAW-S09,SENSOR09,SENSOR09.CSV,row:12882,2024-09-10T07:53:20,LEG-02,REAL_PUBLIC_DATA,DERIVED
CP-DEMO-001,BATCH-DEMO-001,SHIP-DEMO-001,ZEN-RAW-S09:row:12883,ZEN-RAW-S09,SENSOR09,SENSOR09.CSV,row:12883,2024-09-10T07:53:25,LEG-02,REAL_PUBLIC_DATA,DERIVED
CP-DEMO-001,BATCH-DEMO-001,SHIP-DEMO-001,ZEN-RAW-S09:row:12884,ZEN-RAW-S09,SENSOR09,SENSOR09.CSV,row:12884,2024-09-10T07:53:30,LEG-02,REAL_PUBLIC_DATA,DERIVED
CP-DEMO-001,BATCH-DEMO-001,SHIP-DEMO-001,ZEN-RAW-S09:row:12885,ZEN-RAW-S09,SENSOR09,SENSOR09.CSV,row:12885,2024-09-10T07:53:35,LEG-02,REAL_PUBLIC_DATA,DERIVED
CP-DEMO-001,BATCH-DEMO-001,SHIP-DEMO-001,ZEN-RAW-S09:row:12886,ZEN-RAW-S09,SENSOR09,SENSOR09.CSV,row:12886,2024-09-10T07:53:40,LEG-02,REAL_PUBLIC_DATA,DERIVED
CP-DEMO-001,BATCH-DEMO-001,SHIP-DEMO-001,ZEN-RAW-S09:row:12887,ZEN-RAW-S09,SENSOR09,SENSOR09.CSV,row:12887,2024-09-10T07:53:45,LEG-02,REAL_PUBLIC_DATA,DERIVED
CP-DEMO-001,BATCH-DEMO-001,SHIP-DEMO-001,ZEN-RAW-S09:row:12888,ZEN-RAW-S09,SENSOR09,SENSOR09.CSV,row:12888,2024-09-10T07:53:50,LEG-02,REAL_PUBLIC_DATA,DERIVED
CP-DEMO-001,BATCH-DEMO-001,SHIP-DEMO-001,ZEN-RAW-S09:row:12889,ZEN-RAW-S09,SENSOR09,SENSOR09.CSV,row:12889,2024-09-10T07:53:55,LEG-02,REAL_PUBLIC_DATA,DERIVED
CP-DEMO-001,BATCH-DEMO-001,SHIP-DEMO-001,ZEN-RAW-S09:row:12890,ZEN-RAW-S09,SENSOR09,SENSOR09.CSV,row:12890,2024-09-10T07:54:00,LEG-02,REAL_PUBLIC_DATA,DERIVED
CP-DEMO-001,BATCH-DEMO-001,SHIP-DEMO-001,ZEN-RAW-S09:row:12891,ZEN-RAW-S09,SENSOR09,SENSOR09.CSV,row:12891,2024-09-10T07:54:05,LEG-02,REAL_PUBLIC_DATA,DERIVED
CP-DEMO-001,BATCH-DEMO-001,SHIP-DEMO-001,ZEN-RAW-S09:row:12892,ZEN-RAW-S09,SENSOR09,SENSOR09.CSV,row:12892,2024-09-10T07:54:10,LEG-02,REAL_PUBLIC_DATA,DERIVED
CP-DEMO-001,BATCH-DEMO-001,SHIP-DEMO-001,ZEN-RAW-S09:row:12893,ZEN-RAW-S09,SENSOR09,SENSOR09.CSV,row:12893,2024-09-10T07:54:15,LEG-02,REAL_PUBLIC_DATA,DERIVED
CP-DEMO-001,BATCH-DEMO-001,SHIP-DEMO-001,ZEN-RAW-S09:row:12894,ZEN-RAW-S09,SENSOR09,SENSOR09.CSV,row:12894,2024-09-10T07:54:20,LEG-02,REAL_PUBLIC_DATA,DERIVED
CP-DEMO-001,BATCH-DEMO-001,SHIP-DEMO-001,ZEN-RAW-S09:row:12895,ZEN-RAW-S09,SENSOR09,SENSOR09.CSV,row:12895,2024-09-10T07:54:25,LEG-02,REAL_PUBLIC_DATA,DERIVED
CP-DEMO-001,BATCH-DEMO-001,SHIP-DEMO-001,ZEN-RAW-S09:row:12896,ZEN-RAW-S09,SENSOR09,SENSOR09.CSV,row:12896,2024-09-10T07:54:30,LEG-02,REAL_PUBLIC_DATA,DERIVED
CP-DEMO-001,BATCH-DEMO-001,SHIP-DEMO-001,ZEN-RAW-S09:row:12897,ZEN-RAW-S09,SENSOR09,SENSOR09.CSV,row:12897,2024-09-10T07:54:35,LEG-02,REAL_PUBLIC_DATA,DERIVED
CP-DEMO-001,BATCH-DEMO-001,SHIP-DEMO-001,ZEN-RAW-S09:row:12898,ZEN-RAW-S09,SENSOR09,SENSOR09.CSV,row:12898,2024-09-10T07:54:40,LEG-02,REAL_PUBLIC_DATA,DERIVED
CP-DEMO-001,BATCH-DEMO-001,SHIP-DEMO-001,ZEN-RAW-S09:row:12899,ZEN-RAW-S09,SENSOR09,SENSOR09.CSV,row:12899,2024-09-10T07:54:45,LEG-02,REAL_PUBLIC_DATA,DERIVED
CP-DEMO-001,BATCH-DEMO-001,SHIP-DEMO-001,ZEN-RAW-S09:row:12900,ZEN-RAW-S09,SENSOR09,SENSOR09.CSV,row:12900,2024-09-10T07:54:50,LEG-02,REAL_PUBLIC_DATA,DERIVED
CP-DEMO-001,BATCH-DEMO-001,SHIP-DEMO-001,ZEN-RAW-S09:row:12901,ZEN-RAW-S09,SENSOR09,SENSOR09.CSV,row:12901,2024-09-10T07:54:55,LEG-02,REAL_PUBLIC_DATA,DERIVED
CP-DEMO-001,BATCH-DEMO-001,SHIP-DEMO-001,ZEN-RAW-S09:row:12902,ZEN-RAW-S09,SENSOR09,SENSOR09.CSV,row:12902,2024-09-10T07:55:00,LEG-03,REAL_PUBLIC_DATA,DERIVED
CP-DEMO-001,BATCH-DEMO-001,SHIP-DEMO-001,ZEN-RAW-S09:row:12903,ZEN-RAW-S09,SENSOR09,SENSOR09.CSV,row:12903,2024-09-10T07:55:05,LEG-03,REAL_PUBLIC_DATA,DERIVED
CP-DEMO-001,BATCH-DEMO-001,SHIP-DEMO-001,ZEN-RAW-S09:row:12904,ZEN-RAW-S09,SENSOR09,SENSOR09.CSV,row:12904,2024-09-10T07:55:10,LEG-03,REAL_PUBLIC_DATA,DERIVED
CP-DEMO-001,BATCH-DEMO-001,SHIP-DEMO-001,ZEN-RAW-S09:row:12905,ZEN-RAW-S09,SENSOR09,SENSOR09.CSV,row:12905,2024-09-10T07:55:15,LEG-03,REAL_PUBLIC_DATA,DERIVED
CP-DEMO-001,BATCH-DEMO-001,SHIP-DEMO-001,ZEN-RAW-S09:row:12906,ZEN-RAW-S09,SENSOR09,SENSOR09.CSV,row:12906,2024-09-10T07:55:20,LEG-03,REAL_PUBLIC_DATA,DERIVED
CP-DEMO-001,BATCH-DEMO-001,SHIP-DEMO-001,ZEN-RAW-S09:row:12907,ZEN-RAW-S09,SENSOR09,SENSOR09.CSV,row:12907,2024-09-10T07:55:25,LEG-03,REAL_PUBLIC_DATA,DERIVED
CP-DEMO-001,BATCH-DEMO-001,SHIP-DEMO-001,ZEN-RAW-S09:row:12908,ZEN-RAW-S09,SENSOR09,SENSOR09.CSV,row:12908,2024-09-10T07:55:30,LEG-03,REAL_PUBLIC_DATA,DERIVED
CP-DEMO-001,BATCH-DEMO-001,SHIP-DEMO-001,ZEN-RAW-S09:row:12909,ZEN-RAW-S09,SENSOR09,SENSOR09.CSV,row:12909,2024-09-10T07:55:35,LEG-03,REAL_PUBLIC_DATA,DERIVED
CP-DEMO-001,BATCH-DEMO-001,SHIP-DEMO-001,ZEN-RAW-S09:row:12910,ZEN-RAW-S09,SENSOR09,SENSOR09.CSV,row:12910,2024-09-10T07:55:40,LEG-03,REAL_PUBLIC_DATA,DERIVED
CP-DEMO-001,BATCH-DEMO-001,SHIP-DEMO-001,ZEN-RAW-S09:row:12911,ZEN-RAW-S09,SENSOR09,SENSOR09.CSV,row:12911,2024-09-10T07:55:45,LEG-03,REAL_PUBLIC_DATA,DERIVED
CP-DEMO-001,BATCH-DEMO-001,SHIP-DEMO-001,ZEN-RAW-S09:row:12912,ZEN-RAW-S09,SENSOR09,SENSOR09.CSV,row:12912,2024-09-10T07:55:50,LEG-03,REAL_PUBLIC_DATA,DERIVED
CP-DEMO-001,BATCH-DEMO-001,SHIP-DEMO-001,ZEN-RAW-S09:row:12913,ZEN-RAW-S09,SENSOR09,SENSOR09.CSV,row:12913,2024-09-10T07:55:55,LEG-03,REAL_PUBLIC_DATA,DERIVED
CP-DEMO-001,BATCH-DEMO-001,SHIP-DEMO-001,ZEN-RAW-S09:row:12914,ZEN-RAW-S09,SENSOR09,SENSOR09.CSV,row:12914,2024-09-10T07:56:00,LEG-03,REAL_PUBLIC_DATA,DERIVED
CP-DEMO-001,BATCH-DEMO-001,SHIP-DEMO-001,ZEN-RAW-S09:row:12915,ZEN-RAW-S09,SENSOR09,SENSOR09.CSV,row:12915,2024-09-10T07:56:05,LEG-03,REAL_PUBLIC_DATA,DERIVED
CP-DEMO-001,BATCH-DEMO-001,SHIP-DEMO-001,ZEN-RAW-S09:row:12916,ZEN-RAW-S09,SENSOR09,SENSOR09.CSV,row:12916,2024-09-10T07:56:10,LEG-03,REAL_PUBLIC_DATA,DERIVED
CP-DEMO-001,BATCH-DEMO-001,SHIP-DEMO-001,ZEN-RAW-S09:row:12917,ZEN-RAW-S09,SENSOR09,SENSOR09.CSV,row:12917,2024-09-10T07:56:15,LEG-03,REAL_PUBLIC_DATA,DERIVED
CP-DEMO-001,BATCH-DEMO-001,SHIP-DEMO-001,ZEN-RAW-S09:row:12918,ZEN-RAW-S09,SENSOR09,SENSOR09.CSV,row:12918,2024-09-10T07:56:20,LEG-03,REAL_PUBLIC_DATA,DERIVED
CP-DEMO-001,BATCH-DEMO-001,SHIP-DEMO-001,ZEN-RAW-S09:row:12919,ZEN-RAW-S09,SENSOR09,SENSOR09.CSV,row:12919,2024-09-10T07:56:25,LEG-03,REAL_PUBLIC_DATA,DERIVED
CP-DEMO-001,BATCH-DEMO-001,SHIP-DEMO-001,ZEN-RAW-S09:row:12920,ZEN-RAW-S09,SENSOR09,SENSOR09.CSV,row:12920,2024-09-10T07:56:30,LEG-03,REAL_PUBLIC_DATA,DERIVED
CP-DEMO-001,BATCH-DEMO-001,SHIP-DEMO-001,ZEN-RAW-S09:row:12921,ZEN-RAW-S09,SENSOR09,SENSOR09.CSV,row:12921,2024-09-10T07:56:35,LEG-03,REAL_PUBLIC_DATA,DERIVED
CP-DEMO-001,BATCH-DEMO-001,SHIP-DEMO-001,ZEN-RAW-S09:row:12922,ZEN-RAW-S09,SENSOR09,SENSOR09.CSV,row:12922,2024-09-10T07:56:40,LEG-03,REAL_PUBLIC_DATA,DERIVED
CP-DEMO-001,BATCH-DEMO-001,SHIP-DEMO-001,ZEN-RAW-S09:row:12923,ZEN-RAW-S09,SENSOR09,SENSOR09.CSV,row:12923,2024-09-10T07:56:45,LEG-03,REAL_PUBLIC_DATA,DERIVED
CP-DEMO-001,BATCH-DEMO-001,SHIP-DEMO-001,ZEN-RAW-S09:row:12924,ZEN-RAW-S09,SENSOR09,SENSOR09.CSV,row:12924,2024-09-10T07:56:50,LEG-03,REAL_PUBLIC_DATA,DERIVED
CP-DEMO-001,BATCH-DEMO-001,SHIP-DEMO-001,ZEN-RAW-S09:row:12925,ZEN-RAW-S09,SENSOR09,SENSOR09.CSV,row:12925,2024-09-10T07:56:55,LEG-03,REAL_PUBLIC_DATA,DERIVED
CP-DEMO-001,BATCH-DEMO-001,SHIP-DEMO-001,ZEN-RAW-S09:row:12926,ZEN-RAW-S09,SENSOR09,SENSOR09.CSV,row:12926,2024-09-10T07:57:00,LEG-03,REAL_PUBLIC_DATA,DERIVED
CP-DEMO-001,BATCH-DEMO-001,SHIP-DEMO-001,ZEN-RAW-S09:row:12927,ZEN-RAW-S09,SENSOR09,SENSOR09.CSV,row:12927,2024-09-10T07:57:05,LEG-03,REAL_PUBLIC_DATA,DERIVED
CP-DEMO-001,BATCH-DEMO-001,SHIP-DEMO-001,ZEN-RAW-S09:row:12928,ZEN-RAW-S09,SENSOR09,SENSOR09.CSV,row:12928,2024-09-10T07:57:10,LEG-03,REAL_PUBLIC_DATA,DERIVED
CP-DEMO-001,BATCH-DEMO-001,SHIP-DEMO-001,ZEN-RAW-S09:row:12929,ZEN-RAW-S09,SENSOR09,SENSOR09.CSV,row:12929,2024-09-10T07:57:15,LEG-03,REAL_PUBLIC_DATA,DERIVED
CP-DEMO-001,BATCH-DEMO-001,SHIP-DEMO-001,ZEN-RAW-S09:row:12930,ZEN-RAW-S09,SENSOR09,SENSOR09.CSV,row:12930,2024-09-10T07:57:20,LEG-03,REAL_PUBLIC_DATA,DERIVED
CP-DEMO-001,BATCH-DEMO-001,SHIP-DEMO-001,ZEN-RAW-S09:row:12931,ZEN-RAW-S09,SENSOR09,SENSOR09.CSV,row:12931,2024-09-10T07:57:25,LEG-03,REAL_PUBLIC_DATA,DERIVED
CP-DEMO-001,BATCH-DEMO-001,SHIP-DEMO-001,ZEN-RAW-S09:row:12932,ZEN-RAW-S09,SENSOR09,SENSOR09.CSV,row:12932,2024-09-10T07:57:30,LEG-03,REAL_PUBLIC_DATA,DERIVED
CP-DEMO-001,BATCH-DEMO-001,SHIP-DEMO-001,ZEN-RAW-S09:row:12933,ZEN-RAW-S09,SENSOR09,SENSOR09.CSV,row:12933,2024-09-10T07:57:35,LEG-03,REAL_PUBLIC_DATA,DERIVED
CP-DEMO-001,BATCH-DEMO-001,SHIP-DEMO-001,ZEN-RAW-S09:row:12934,ZEN-RAW-S09,SENSOR09,SENSOR09.CSV,row:12934,2024-09-10T07:57:40,LEG-03,REAL_PUBLIC_DATA,DERIVED
CP-DEMO-001,BATCH-DEMO-001,SHIP-DEMO-001,ZEN-RAW-S09:row:12935,ZEN-RAW-S09,SENSOR09,SENSOR09.CSV,row:12935,2024-09-10T07:57:45,LEG-03,REAL_PUBLIC_DATA,DERIVED
CP-DEMO-001,BATCH-DEMO-001,SHIP-DEMO-001,ZEN-RAW-S09:row:12936,ZEN-RAW-S09,SENSOR09,SENSOR09.CSV,row:12936,2024-09-10T07:57:50,LEG-03,REAL_PUBLIC_DATA,DERIVED
CP-DEMO-001,BATCH-DEMO-001,SHIP-DEMO-001,ZEN-RAW-S09:row:12937,ZEN-RAW-S09,SENSOR09,SENSOR09.CSV,row:12937,2024-09-10T07:57:55,LEG-03,REAL_PUBLIC_DATA,DERIVED
CP-DEMO-001,BATCH-DEMO-001,SHIP-DEMO-001,ZEN-RAW-S09:row:12938,ZEN-RAW-S09,SENSOR09,SENSOR09.CSV,row:12938,2024-09-10T07:58:00,LEG-03,REAL_PUBLIC_DATA,DERIVED
CP-DEMO-001,BATCH-DEMO-001,SHIP-DEMO-001,ZEN-RAW-S09:row:12939,ZEN-RAW-S09,SENSOR09,SENSOR09.CSV,row:12939,2024-09-10T07:58:05,LEG-03,REAL_PUBLIC_DATA,DERIVED
CP-DEMO-001,BATCH-DEMO-001,SHIP-DEMO-001,ZEN-RAW-S09:row:12940,ZEN-RAW-S09,SENSOR09,SENSOR09.CSV,row:12940,2024-09-10T07:58:10,LEG-03,REAL_PUBLIC_DATA,DERIVED
CP-DEMO-001,BATCH-DEMO-001,SHIP-DEMO-001,ZEN-RAW-S09:row:12941,ZEN-RAW-S09,SENSOR09,SENSOR09.CSV,row:12941,2024-09-10T07:58:15,LEG-03,REAL_PUBLIC_DATA,DERIVED
CP-DEMO-001,BATCH-DEMO-001,SHIP-DEMO-001,ZEN-RAW-S09:row:12942,ZEN-RAW-S09,SENSOR09,SENSOR09.CSV,row:12942,2024-09-10T07:58:20,LEG-03,REAL_PUBLIC_DATA,DERIVED
CP-DEMO-001,BATCH-DEMO-001,SHIP-DEMO-001,ZEN-RAW-S09:row:12943,ZEN-RAW-S09,SENSOR09,SENSOR09.CSV,row:12943,2024-09-10T07:58:25,LEG-03,REAL_PUBLIC_DATA,DERIVED
CP-DEMO-001,BATCH-DEMO-001,SHIP-DEMO-001,ZEN-RAW-S09:row:12944,ZEN-RAW-S09,SENSOR09,SENSOR09.CSV,row:12944,2024-09-10T07:58:30,LEG-03,REAL_PUBLIC_DATA,DERIVED
CP-DEMO-001,BATCH-DEMO-001,SHIP-DEMO-001,ZEN-RAW-S09:row:12945,ZEN-RAW-S09,SENSOR09,SENSOR09.CSV,row:12945,2024-09-10T07:58:35,LEG-03,REAL_PUBLIC_DATA,DERIVED
CP-DEMO-001,BATCH-DEMO-001,SHIP-DEMO-001,ZEN-RAW-S09:row:12946,ZEN-RAW-S09,SENSOR09,SENSOR09.CSV,row:12946,2024-09-10T07:58:40,LEG-03,REAL_PUBLIC_DATA,DERIVED
CP-DEMO-001,BATCH-DEMO-001,SHIP-DEMO-001,ZEN-RAW-S09:row:12947,ZEN-RAW-S09,SENSOR09,SENSOR09.CSV,row:12947,2024-09-10T07:58:45,LEG-03,REAL_PUBLIC_DATA,DERIVED
CP-DEMO-001,BATCH-DEMO-001,SHIP-DEMO-001,ZEN-RAW-S09:row:12948,ZEN-RAW-S09,SENSOR09,SENSOR09.CSV,row:12948,2024-09-10T07:58:50,LEG-03,REAL_PUBLIC_DATA,DERIVED
CP-DEMO-001,BATCH-DEMO-001,SHIP-DEMO-001,ZEN-RAW-S09:row:12949,ZEN-RAW-S09,SENSOR09,SENSOR09.CSV,row:12949,2024-09-10T07:58:55,LEG-03,REAL_PUBLIC_DATA,DERIVED
CP-DEMO-001,BATCH-DEMO-001,SHIP-DEMO-001,ZEN-RAW-S09:row:12950,ZEN-RAW-S09,SENSOR09,SENSOR09.CSV,row:12950,2024-09-10T07:59:00,LEG-03,REAL_PUBLIC_DATA,DERIVED
CP-DEMO-001,BATCH-DEMO-001,SHIP-DEMO-001,ZEN-RAW-S09:row:12951,ZEN-RAW-S09,SENSOR09,SENSOR09.CSV,row:12951,2024-09-10T07:59:05,LEG-03,REAL_PUBLIC_DATA,DERIVED
CP-DEMO-001,BATCH-DEMO-001,SHIP-DEMO-001,ZEN-RAW-S09:row:12952,ZEN-RAW-S09,SENSOR09,SENSOR09.CSV,row:12952,2024-09-10T07:59:10,LEG-03,REAL_PUBLIC_DATA,DERIVED
CP-DEMO-001,BATCH-DEMO-001,SHIP-DEMO-001,ZEN-RAW-S09:row:12953,ZEN-RAW-S09,SENSOR09,SENSOR09.CSV,row:12953,2024-09-10T07:59:15,LEG-03,REAL_PUBLIC_DATA,DERIVED
CP-DEMO-001,BATCH-DEMO-001,SHIP-DEMO-001,ZEN-RAW-S09:row:12954,ZEN-RAW-S09,SENSOR09,SENSOR09.CSV,row:12954,2024-09-10T07:59:20,LEG-03,REAL_PUBLIC_DATA,DERIVED
CP-DEMO-001,BATCH-DEMO-001,SHIP-DEMO-001,ZEN-RAW-S09:row:12955,ZEN-RAW-S09,SENSOR09,SENSOR09.CSV,row:12955,2024-09-10T07:59:25,LEG-03,REAL_PUBLIC_DATA,DERIVED
CP-DEMO-001,BATCH-DEMO-001,SHIP-DEMO-001,ZEN-RAW-S09:row:12956,ZEN-RAW-S09,SENSOR09,SENSOR09.CSV,row:12956,2024-09-10T07:59:30,LEG-03,REAL_PUBLIC_DATA,DERIVED
CP-DEMO-001,BATCH-DEMO-001,SHIP-DEMO-001,ZEN-RAW-S09:row:12957,ZEN-RAW-S09,SENSOR09,SENSOR09.CSV,row:12957,2024-09-10T07:59:35,LEG-03,REAL_PUBLIC_DATA,DERIVED
CP-DEMO-001,BATCH-DEMO-001,SHIP-DEMO-001,ZEN-RAW-S09:row:12958,ZEN-RAW-S09,SENSOR09,SENSOR09.CSV,row:12958,2024-09-10T07:59:40,LEG-03,REAL_PUBLIC_DATA,DERIVED
CP-DEMO-001,BATCH-DEMO-001,SHIP-DEMO-001,ZEN-RAW-S09:row:12959,ZEN-RAW-S09,SENSOR09,SENSOR09.CSV,row:12959,2024-09-10T07:59:45,LEG-03,REAL_PUBLIC_DATA,DERIVED
CP-DEMO-001,BATCH-DEMO-001,SHIP-DEMO-001,ZEN-RAW-S09:row:12960,ZEN-RAW-S09,SENSOR09,SENSOR09.CSV,row:12960,2024-09-10T07:59:50,LEG-03,REAL_PUBLIC_DATA,DERIVED
CP-DEMO-001,BATCH-DEMO-001,SHIP-DEMO-001,ZEN-RAW-S09:row:12961,ZEN-RAW-S09,SENSOR09,SENSOR09.CSV,row:12961,2024-09-10T07:59:55,LEG-03,REAL_PUBLIC_DATA,DERIVED
CP-DEMO-001,BATCH-DEMO-001,SHIP-DEMO-001,ZEN-RAW-S09:row:12962,ZEN-RAW-S09,SENSOR09,SENSOR09.CSV,row:12962,2024-09-10T08:00:00,LEG-03,REAL_PUBLIC_DATA,DERIVED
CP-DEMO-001,BATCH-DEMO-001,SHIP-DEMO-001,ZEN-RAW-S09:row:12963,ZEN-RAW-S09,SENSOR09,SENSOR09.CSV,row:12963,2024-09-10T08:00:05,LEG-03,REAL_PUBLIC_DATA,DERIVED
CP-DEMO-001,BATCH-DEMO-001,SHIP-DEMO-001,ZEN-RAW-S09:row:12964,ZEN-RAW-S09,SENSOR09,SENSOR09.CSV,row:12964,2024-09-10T08:00:10,LEG-03,REAL_PUBLIC_DATA,DERIVED
CP-DEMO-001,BATCH-DEMO-001,SHIP-DEMO-001,ZEN-RAW-S09:row:12965,ZEN-RAW-S09,SENSOR09,SENSOR09.CSV,row:12965,2024-09-10T08:00:15,LEG-03,REAL_PUBLIC_DATA,DERIVED
CP-DEMO-001,BATCH-DEMO-001,SHIP-DEMO-001,ZEN-RAW-S09:row:12966,ZEN-RAW-S09,SENSOR09,SENSOR09.CSV,row:12966,2024-09-10T08:00:20,LEG-03,REAL_PUBLIC_DATA,DERIVED
CP-DEMO-001,BATCH-DEMO-001,SHIP-DEMO-001,ZEN-RAW-S09:row:12967,ZEN-RAW-S09,SENSOR09,SENSOR09.CSV,row:12967,2024-09-10T08:00:25,LEG-03,REAL_PUBLIC_DATA,DERIVED
CP-DEMO-001,BATCH-DEMO-001,SHIP-DEMO-001,ZEN-RAW-S09:row:12968,ZEN-RAW-S09,SENSOR09,SENSOR09.CSV,row:12968,2024-09-10T08:00:30,LEG-03,REAL_PUBLIC_DATA,DERIVED
CP-DEMO-001,BATCH-DEMO-001,SHIP-DEMO-001,ZEN-RAW-S09:row:12969,ZEN-RAW-S09,SENSOR09,SENSOR09.CSV,row:12969,2024-09-10T08:00:35,LEG-03,REAL_PUBLIC_DATA,DERIVED
CP-DEMO-001,BATCH-DEMO-001,SHIP-DEMO-001,ZEN-RAW-S09:row:12970,ZEN-RAW-S09,SENSOR09,SENSOR09.CSV,row:12970,2024-09-10T08:00:40,LEG-03,REAL_PUBLIC_DATA,DERIVED
CP-DEMO-001,BATCH-DEMO-001,SHIP-DEMO-001,ZEN-RAW-S09:row:12971,ZEN-RAW-S09,SENSOR09,SENSOR09.CSV,row:12971,2024-09-10T08:00:45,LEG-03,REAL_PUBLIC_DATA,DERIVED
CP-DEMO-001,BATCH-DEMO-001,SHIP-DEMO-001,ZEN-RAW-S09:row:12972,ZEN-RAW-S09,SENSOR09,SENSOR09.CSV,row:12972,2024-09-10T08:00:50,LEG-03,REAL_PUBLIC_DATA,DERIVED
CP-DEMO-001,BATCH-DEMO-001,SHIP-DEMO-001,ZEN-RAW-S09:row:12973,ZEN-RAW-S09,SENSOR09,SENSOR09.CSV,row:12973,2024-09-10T08:00:55,LEG-03,REAL_PUBLIC_DATA,DERIVED
CP-DEMO-001,BATCH-DEMO-001,SHIP-DEMO-001,ZEN-RAW-S09:row:12974,ZEN-RAW-S09,SENSOR09,SENSOR09.CSV,row:12974,2024-09-10T08:01:00,LEG-03,REAL_PUBLIC_DATA,DERIVED
CP-DEMO-001,BATCH-DEMO-001,SHIP-DEMO-001,ZEN-RAW-S09:row:12975,ZEN-RAW-S09,SENSOR09,SENSOR09.CSV,row:12975,2024-09-10T08:01:05,LEG-03,REAL_PUBLIC_DATA,DERIVED
CP-DEMO-001,BATCH-DEMO-001,SHIP-DEMO-001,ZEN-RAW-S09:row:12976,ZEN-RAW-S09,SENSOR09,SENSOR09.CSV,row:12976,2024-09-10T08:01:10,LEG-03,REAL_PUBLIC_DATA,DERIVED
CP-DEMO-001,BATCH-DEMO-001,SHIP-DEMO-001,ZEN-RAW-S09:row:12977,ZEN-RAW-S09,SENSOR09,SENSOR09.CSV,row:12977,2024-09-10T08:01:15,LEG-03,REAL_PUBLIC_DATA,DERIVED
CP-DEMO-001,BATCH-DEMO-001,SHIP-DEMO-001,ZEN-RAW-S09:row:12978,ZEN-RAW-S09,SENSOR09,SENSOR09.CSV,row:12978,2024-09-10T08:01:20,LEG-03,REAL_PUBLIC_DATA,DERIVED
CP-DEMO-001,BATCH-DEMO-001,SHIP-DEMO-001,ZEN-RAW-S09:row:12979,ZEN-RAW-S09,SENSOR09,SENSOR09.CSV,row:12979,2024-09-10T08:01:25,LEG-03,REAL_PUBLIC_DATA,DERIVED
CP-DEMO-001,BATCH-DEMO-001,SHIP-DEMO-001,ZEN-RAW-S09:row:12980,ZEN-RAW-S09,SENSOR09,SENSOR09.CSV,row:12980,2024-09-10T08:01:30,LEG-03,REAL_PUBLIC_DATA,DERIVED
CP-DEMO-001,BATCH-DEMO-001,SHIP-DEMO-001,ZEN-RAW-S09:row:12981,ZEN-RAW-S09,SENSOR09,SENSOR09.CSV,row:12981,2024-09-10T08:01:35,LEG-03,REAL_PUBLIC_DATA,DERIVED
CP-DEMO-001,BATCH-DEMO-001,SHIP-DEMO-001,ZEN-RAW-S09:row:12982,ZEN-RAW-S09,SENSOR09,SENSOR09.CSV,row:12982,2024-09-10T08:01:40,LEG-03,REAL_PUBLIC_DATA,DERIVED
CP-DEMO-001,BATCH-DEMO-001,SHIP-DEMO-001,ZEN-RAW-S09:row:12983,ZEN-RAW-S09,SENSOR09,SENSOR09.CSV,row:12983,2024-09-10T08:01:45,LEG-03,REAL_PUBLIC_DATA,DERIVED
CP-DEMO-001,BATCH-DEMO-001,SHIP-DEMO-001,ZEN-RAW-S09:row:12984,ZEN-RAW-S09,SENSOR09,SENSOR09.CSV,row:12984,2024-09-10T08:01:50,LEG-03,REAL_PUBLIC_DATA,DERIVED
CP-DEMO-001,BATCH-DEMO-001,SHIP-DEMO-001,ZEN-RAW-S09:row:12985,ZEN-RAW-S09,SENSOR09,SENSOR09.CSV,row:12985,2024-09-10T08:01:55,LEG-03,REAL_PUBLIC_DATA,DERIVED
CP-DEMO-001,BATCH-DEMO-001,SHIP-DEMO-001,ZEN-RAW-S09:row:12986,ZEN-RAW-S09,SENSOR09,SENSOR09.CSV,row:12986,2024-09-10T08:02:00,LEG-03,REAL_PUBLIC_DATA,DERIVED
CP-DEMO-001,BATCH-DEMO-001,SHIP-DEMO-001,ZEN-RAW-S09:row:12987,ZEN-RAW-S09,SENSOR09,SENSOR09.CSV,row:12987,2024-09-10T08:02:05,LEG-03,REAL_PUBLIC_DATA,DERIVED
CP-DEMO-001,BATCH-DEMO-001,SHIP-DEMO-001,ZEN-RAW-S09:row:12988,ZEN-RAW-S09,SENSOR09,SENSOR09.CSV,row:12988,2024-09-10T08:02:10,LEG-03,REAL_PUBLIC_DATA,DERIVED
CP-DEMO-001,BATCH-DEMO-001,SHIP-DEMO-001,ZEN-RAW-S09:row:12989,ZEN-RAW-S09,SENSOR09,SENSOR09.CSV,row:12989,2024-09-10T08:02:15,LEG-03,REAL_PUBLIC_DATA,DERIVED
CP-DEMO-001,BATCH-DEMO-001,SHIP-DEMO-001,ZEN-RAW-S09:row:12990,ZEN-RAW-S09,SENSOR09,SENSOR09.CSV,row:12990,2024-09-10T08:02:20,LEG-03,REAL_PUBLIC_DATA,DERIVED
CP-DEMO-001,BATCH-DEMO-001,SHIP-DEMO-001,ZEN-RAW-S09:row:12991,ZEN-RAW-S09,SENSOR09,SENSOR09.CSV,row:12991,2024-09-10T08:02:25,LEG-03,REAL_PUBLIC_DATA,DERIVED
CP-DEMO-001,BATCH-DEMO-001,SHIP-DEMO-001,ZEN-RAW-S09:row:12992,ZEN-RAW-S09,SENSOR09,SENSOR09.CSV,row:12992,2024-09-10T08:02:30,LEG-03,REAL_PUBLIC_DATA,DERIVED
CP-DEMO-001,BATCH-DEMO-001,SHIP-DEMO-001,ZEN-RAW-S09:row:12993,ZEN-RAW-S09,SENSOR09,SENSOR09.CSV,row:12993,2024-09-10T08:02:35,LEG-03,REAL_PUBLIC_DATA,DERIVED
CP-DEMO-001,BATCH-DEMO-001,SHIP-DEMO-001,ZEN-RAW-S09:row:12994,ZEN-RAW-S09,SENSOR09,SENSOR09.CSV,row:12994,2024-09-10T08:02:40,LEG-03,REAL_PUBLIC_DATA,DERIVED
CP-DEMO-001,BATCH-DEMO-001,SHIP-DEMO-001,ZEN-RAW-S09:row:12995,ZEN-RAW-S09,SENSOR09,SENSOR09.CSV,row:12995,2024-09-10T08:02:45,LEG-03,REAL_PUBLIC_DATA,DERIVED
CP-DEMO-001,BATCH-DEMO-001,SHIP-DEMO-001,ZEN-RAW-S09:row:12996,ZEN-RAW-S09,SENSOR09,SENSOR09.CSV,row:12996,2024-09-10T08:02:50,LEG-03,REAL_PUBLIC_DATA,DERIVED
CP-DEMO-001,BATCH-DEMO-001,SHIP-DEMO-001,ZEN-RAW-S09:row:12997,ZEN-RAW-S09,SENSOR09,SENSOR09.CSV,row:12997,2024-09-10T08:02:55,LEG-03,REAL_PUBLIC_DATA,DERIVED
CP-DEMO-001,BATCH-DEMO-001,SHIP-DEMO-001,ZEN-RAW-S09:row:12998,ZEN-RAW-S09,SENSOR09,SENSOR09.CSV,row:12998,2024-09-10T08:03:00,LEG-03,REAL_PUBLIC_DATA,DERIVED
CP-DEMO-001,BATCH-DEMO-001,SHIP-DEMO-001,ZEN-RAW-S09:row:12999,ZEN-RAW-S09,SENSOR09,SENSOR09.CSV,row:12999,2024-09-10T08:03:05,LEG-03,REAL_PUBLIC_DATA,DERIVED
CP-DEMO-001,BATCH-DEMO-001,SHIP-DEMO-001,ZEN-RAW-S09:row:13000,ZEN-RAW-S09,SENSOR09,SENSOR09.CSV,row:13000,2024-09-10T08:03:10,LEG-03,REAL_PUBLIC_DATA,DERIVED
CP-DEMO-001,BATCH-DEMO-001,SHIP-DEMO-001,ZEN-RAW-S09:row:13001,ZEN-RAW-S09,SENSOR09,SENSOR09.CSV,row:13001,2024-09-10T08:03:15,LEG-03,REAL_PUBLIC_DATA,DERIVED
CP-DEMO-001,BATCH-DEMO-001,SHIP-DEMO-001,ZEN-RAW-S09:row:13002,ZEN-RAW-S09,SENSOR09,SENSOR09.CSV,row:13002,2024-09-10T08:03:20,LEG-03,REAL_PUBLIC_DATA,DERIVED
CP-DEMO-001,BATCH-DEMO-001,SHIP-DEMO-001,ZEN-RAW-S09:row:13003,ZEN-RAW-S09,SENSOR09,SENSOR09.CSV,row:13003,2024-09-10T08:03:25,LEG-03,REAL_PUBLIC_DATA,DERIVED
CP-DEMO-001,BATCH-DEMO-001,SHIP-DEMO-001,ZEN-RAW-S09:row:13004,ZEN-RAW-S09,SENSOR09,SENSOR09.CSV,row:13004,2024-09-10T08:03:30,LEG-03,REAL_PUBLIC_DATA,DERIVED
CP-DEMO-001,BATCH-DEMO-001,SHIP-DEMO-001,ZEN-RAW-S09:row:13005,ZEN-RAW-S09,SENSOR09,SENSOR09.CSV,row:13005,2024-09-10T08:03:35,LEG-03,REAL_PUBLIC_DATA,DERIVED
CP-DEMO-001,BATCH-DEMO-001,SHIP-DEMO-001,ZEN-RAW-S09:row:13006,ZEN-RAW-S09,SENSOR09,SENSOR09.CSV,row:13006,2024-09-10T08:03:40,LEG-03,REAL_PUBLIC_DATA,DERIVED
CP-DEMO-001,BATCH-DEMO-001,SHIP-DEMO-001,ZEN-RAW-S09:row:13007,ZEN-RAW-S09,SENSOR09,SENSOR09.CSV,row:13007,2024-09-10T08:03:45,LEG-03,REAL_PUBLIC_DATA,DERIVED
CP-DEMO-001,BATCH-DEMO-001,SHIP-DEMO-001,ZEN-RAW-S09:row:13008,ZEN-RAW-S09,SENSOR09,SENSOR09.CSV,row:13008,2024-09-10T08:03:50,LEG-03,REAL_PUBLIC_DATA,DERIVED
CP-DEMO-001,BATCH-DEMO-001,SHIP-DEMO-001,ZEN-RAW-S09:row:13009,ZEN-RAW-S09,SENSOR09,SENSOR09.CSV,row:13009,2024-09-10T08:03:55,LEG-03,REAL_PUBLIC_DATA,DERIVED
CP-DEMO-001,BATCH-DEMO-001,SHIP-DEMO-001,ZEN-RAW-S09:row:13010,ZEN-RAW-S09,SENSOR09,SENSOR09.CSV,row:13010,2024-09-10T08:04:00,LEG-03,REAL_PUBLIC_DATA,DERIVED
CP-DEMO-001,BATCH-DEMO-001,SHIP-DEMO-001,ZEN-RAW-S09:row:13011,ZEN-RAW-S09,SENSOR09,SENSOR09.CSV,row:13011,2024-09-10T08:04:05,LEG-03,REAL_PUBLIC_DATA,DERIVED
CP-DEMO-001,BATCH-DEMO-001,SHIP-DEMO-001,ZEN-RAW-S09:row:13012,ZEN-RAW-S09,SENSOR09,SENSOR09.CSV,row:13012,2024-09-10T08:04:10,LEG-03,REAL_PUBLIC_DATA,DERIVED
CP-DEMO-001,BATCH-DEMO-001,SHIP-DEMO-001,ZEN-RAW-S09:row:13013,ZEN-RAW-S09,SENSOR09,SENSOR09.CSV,row:13013,2024-09-10T08:04:15,LEG-03,REAL_PUBLIC_DATA,DERIVED
CP-DEMO-001,BATCH-DEMO-001,SHIP-DEMO-001,ZEN-RAW-S09:row:13014,ZEN-RAW-S09,SENSOR09,SENSOR09.CSV,row:13014,2024-09-10T08:04:20,LEG-03,REAL_PUBLIC_DATA,DERIVED
CP-DEMO-001,BATCH-DEMO-001,SHIP-DEMO-001,ZEN-RAW-S09:row:13015,ZEN-RAW-S09,SENSOR09,SENSOR09.CSV,row:13015,2024-09-10T08:04:25,LEG-03,REAL_PUBLIC_DATA,DERIVED
CP-DEMO-001,BATCH-DEMO-001,SHIP-DEMO-001,ZEN-RAW-S09:row:13016,ZEN-RAW-S09,SENSOR09,SENSOR09.CSV,row:13016,2024-09-10T08:04:30,LEG-03,REAL_PUBLIC_DATA,DERIVED
CP-DEMO-001,BATCH-DEMO-001,SHIP-DEMO-001,ZEN-RAW-S09:row:13017,ZEN-RAW-S09,SENSOR09,SENSOR09.CSV,row:13017,2024-09-10T08:04:35,LEG-03,REAL_PUBLIC_DATA,DERIVED
CP-DEMO-001,BATCH-DEMO-001,SHIP-DEMO-001,ZEN-RAW-S09:row:13018,ZEN-RAW-S09,SENSOR09,SENSOR09.CSV,row:13018,2024-09-10T08:04:40,LEG-03,REAL_PUBLIC_DATA,DERIVED
CP-DEMO-001,BATCH-DEMO-001,SHIP-DEMO-001,ZEN-RAW-S09:row:13019,ZEN-RAW-S09,SENSOR09,SENSOR09.CSV,row:13019,2024-09-10T08:04:45,LEG-03,REAL_PUBLIC_DATA,DERIVED
CP-DEMO-001,BATCH-DEMO-001,SHIP-DEMO-001,ZEN-RAW-S09:row:13020,ZEN-RAW-S09,SENSOR09,SENSOR09.CSV,row:13020,2024-09-10T08:04:50,LEG-03,REAL_PUBLIC_DATA,DERIVED
CP-DEMO-001,BATCH-DEMO-001,SHIP-DEMO-001,ZEN-RAW-S09:row:13021,ZEN-RAW-S09,SENSOR09,SENSOR09.CSV,row:13021,2024-09-10T08:04:55,LEG-03,REAL_PUBLIC_DATA,DERIVED
CP-DEMO-001,BATCH-DEMO-001,SHIP-DEMO-001,ZEN-RAW-S09:row:13022,ZEN-RAW-S09,SENSOR09,SENSOR09.CSV,row:13022,2024-09-10T08:05:00,LEG-03,REAL_PUBLIC_DATA,DERIVED
CP-DEMO-001,BATCH-DEMO-001,SHIP-DEMO-001,ZEN-RAW-S09:row:13023,ZEN-RAW-S09,SENSOR09,SENSOR09.CSV,row:13023,2024-09-10T08:05:05,LEG-03,REAL_PUBLIC_DATA,DERIVED
CP-DEMO-001,BATCH-DEMO-001,SHIP-DEMO-001,ZEN-RAW-S09:row:13024,ZEN-RAW-S09,SENSOR09,SENSOR09.CSV,row:13024,2024-09-10T08:05:10,LEG-03,REAL_PUBLIC_DATA,DERIVED
CP-DEMO-001,BATCH-DEMO-001,SHIP-DEMO-001,ZEN-RAW-S09:row:13025,ZEN-RAW-S09,SENSOR09,SENSOR09.CSV,row:13025,2024-09-10T08:05:15,LEG-03,REAL_PUBLIC_DATA,DERIVED
CP-DEMO-001,BATCH-DEMO-001,SHIP-DEMO-001,ZEN-RAW-S09:row:13026,ZEN-RAW-S09,SENSOR09,SENSOR09.CSV,row:13026,2024-09-10T08:05:20,LEG-03,REAL_PUBLIC_DATA,DERIVED
CP-DEMO-001,BATCH-DEMO-001,SHIP-DEMO-001,ZEN-RAW-S09:row:13027,ZEN-RAW-S09,SENSOR09,SENSOR09.CSV,row:13027,2024-09-10T08:05:25,LEG-03,REAL_PUBLIC_DATA,DERIVED
CP-DEMO-001,BATCH-DEMO-001,SHIP-DEMO-001,ZEN-RAW-S09:row:13028,ZEN-RAW-S09,SENSOR09,SENSOR09.CSV,row:13028,2024-09-10T08:05:30,LEG-03,REAL_PUBLIC_DATA,DERIVED
CP-DEMO-001,BATCH-DEMO-001,SHIP-DEMO-001,ZEN-RAW-S09:row:13029,ZEN-RAW-S09,SENSOR09,SENSOR09.CSV,row:13029,2024-09-10T08:05:35,LEG-03,REAL_PUBLIC_DATA,DERIVED
CP-DEMO-001,BATCH-DEMO-001,SHIP-DEMO-001,ZEN-RAW-S09:row:13030,ZEN-RAW-S09,SENSOR09,SENSOR09.CSV,row:13030,2024-09-10T08:05:40,LEG-03,REAL_PUBLIC_DATA,DERIVED
CP-DEMO-001,BATCH-DEMO-001,SHIP-DEMO-001,ZEN-RAW-S09:row:13031,ZEN-RAW-S09,SENSOR09,SENSOR09.CSV,row:13031,2024-09-10T08:05:45,LEG-03,REAL_PUBLIC_DATA,DERIVED
CP-DEMO-001,BATCH-DEMO-001,SHIP-DEMO-001,ZEN-RAW-S09:row:13032,ZEN-RAW-S09,SENSOR09,SENSOR09.CSV,row:13032,2024-09-10T08:05:50,LEG-03,REAL_PUBLIC_DATA,DERIVED
CP-DEMO-001,BATCH-DEMO-001,SHIP-DEMO-001,ZEN-RAW-S09:row:13033,ZEN-RAW-S09,SENSOR09,SENSOR09.CSV,row:13033,2024-09-10T08:05:55,LEG-03,REAL_PUBLIC_DATA,DERIVED
CP-DEMO-001,BATCH-DEMO-001,SHIP-DEMO-001,ZEN-RAW-S09:row:13034,ZEN-RAW-S09,SENSOR09,SENSOR09.CSV,row:13034,2024-09-10T08:06:00,LEG-03,REAL_PUBLIC_DATA,DERIVED
CP-DEMO-001,BATCH-DEMO-001,SHIP-DEMO-001,ZEN-RAW-S09:row:13035,ZEN-RAW-S09,SENSOR09,SENSOR09.CSV,row:13035,2024-09-10T08:06:05,LEG-03,REAL_PUBLIC_DATA,DERIVED
CP-DEMO-001,BATCH-DEMO-001,SHIP-DEMO-001,ZEN-RAW-S09:row:13036,ZEN-RAW-S09,SENSOR09,SENSOR09.CSV,row:13036,2024-09-10T08:06:10,LEG-03,REAL_PUBLIC_DATA,DERIVED
CP-DEMO-001,BATCH-DEMO-001,SHIP-DEMO-001,ZEN-RAW-S09:row:13037,ZEN-RAW-S09,SENSOR09,SENSOR09.CSV,row:13037,2024-09-10T08:06:15,LEG-03,REAL_PUBLIC_DATA,DERIVED
CP-DEMO-001,BATCH-DEMO-001,SHIP-DEMO-001,ZEN-RAW-S09:row:13038,ZEN-RAW-S09,SENSOR09,SENSOR09.CSV,row:13038,2024-09-10T08:06:20,LEG-03,REAL_PUBLIC_DATA,DERIVED
CP-DEMO-001,BATCH-DEMO-001,SHIP-DEMO-001,ZEN-RAW-S09:row:13039,ZEN-RAW-S09,SENSOR09,SENSOR09.CSV,row:13039,2024-09-10T08:06:25,LEG-03,REAL_PUBLIC_DATA,DERIVED
CP-DEMO-001,BATCH-DEMO-001,SHIP-DEMO-001,ZEN-RAW-S09:row:13040,ZEN-RAW-S09,SENSOR09,SENSOR09.CSV,row:13040,2024-09-10T08:06:30,LEG-03,REAL_PUBLIC_DATA,DERIVED
CP-DEMO-001,BATCH-DEMO-001,SHIP-DEMO-001,ZEN-RAW-S09:row:13041,ZEN-RAW-S09,SENSOR09,SENSOR09.CSV,row:13041,2024-09-10T08:06:35,LEG-03,REAL_PUBLIC_DATA,DERIVED
CP-DEMO-001,BATCH-DEMO-001,SHIP-DEMO-001,ZEN-RAW-S09:row:13042,ZEN-RAW-S09,SENSOR09,SENSOR09.CSV,row:13042,2024-09-10T08:06:40,LEG-03,REAL_PUBLIC_DATA,DERIVED
CP-DEMO-001,BATCH-DEMO-001,SHIP-DEMO-001,ZEN-RAW-S09:row:13043,ZEN-RAW-S09,SENSOR09,SENSOR09.CSV,row:13043,2024-09-10T08:06:45,LEG-03,REAL_PUBLIC_DATA,DERIVED
CP-DEMO-001,BATCH-DEMO-001,SHIP-DEMO-001,ZEN-RAW-S09:row:13044,ZEN-RAW-S09,SENSOR09,SENSOR09.CSV,row:13044,2024-09-10T08:06:50,LEG-03,REAL_PUBLIC_DATA,DERIVED
CP-DEMO-001,BATCH-DEMO-001,SHIP-DEMO-001,ZEN-RAW-S09:row:13045,ZEN-RAW-S09,SENSOR09,SENSOR09.CSV,row:13045,2024-09-10T08:06:55,LEG-03,REAL_PUBLIC_DATA,DERIVED
CP-DEMO-001,BATCH-DEMO-001,SHIP-DEMO-001,ZEN-RAW-S09:row:13046,ZEN-RAW-S09,SENSOR09,SENSOR09.CSV,row:13046,2024-09-10T08:07:00,LEG-03,REAL_PUBLIC_DATA,DERIVED
CP-DEMO-001,BATCH-DEMO-001,SHIP-DEMO-001,ZEN-RAW-S09:row:13047,ZEN-RAW-S09,SENSOR09,SENSOR09.CSV,row:13047,2024-09-10T08:07:05,LEG-03,REAL_PUBLIC_DATA,DERIVED
CP-DEMO-001,BATCH-DEMO-001,SHIP-DEMO-001,ZEN-RAW-S09:row:13048,ZEN-RAW-S09,SENSOR09,SENSOR09.CSV,row:13048,2024-09-10T08:07:10,LEG-03,REAL_PUBLIC_DATA,DERIVED
CP-DEMO-001,BATCH-DEMO-001,SHIP-DEMO-001,ZEN-RAW-S09:row:13049,ZEN-RAW-S09,SENSOR09,SENSOR09.CSV,row:13049,2024-09-10T08:07:15,LEG-03,REAL_PUBLIC_DATA,DERIVED
CP-DEMO-001,BATCH-DEMO-001,SHIP-DEMO-001,ZEN-RAW-S09:row:13050,ZEN-RAW-S09,SENSOR09,SENSOR09.CSV,row:13050,2024-09-10T08:07:20,LEG-03,REAL_PUBLIC_DATA,DERIVED
CP-DEMO-001,BATCH-DEMO-001,SHIP-DEMO-001,ZEN-RAW-S09:row:13051,ZEN-RAW-S09,SENSOR09,SENSOR09.CSV,row:13051,2024-09-10T08:07:25,LEG-03,REAL_PUBLIC_DATA,DERIVED
CP-DEMO-001,BATCH-DEMO-001,SHIP-DEMO-001,ZEN-RAW-S09:row:13052,ZEN-RAW-S09,SENSOR09,SENSOR09.CSV,row:13052,2024-09-10T08:07:30,LEG-03,REAL_PUBLIC_DATA,DERIVED
CP-DEMO-001,BATCH-DEMO-001,SHIP-DEMO-001,ZEN-RAW-S09:row:13053,ZEN-RAW-S09,SENSOR09,SENSOR09.CSV,row:13053,2024-09-10T08:07:35,LEG-03,REAL_PUBLIC_DATA,DERIVED
CP-DEMO-001,BATCH-DEMO-001,SHIP-DEMO-001,ZEN-RAW-S09:row:13054,ZEN-RAW-S09,SENSOR09,SENSOR09.CSV,row:13054,2024-09-10T08:07:40,LEG-03,REAL_PUBLIC_DATA,DERIVED
CP-DEMO-001,BATCH-DEMO-001,SHIP-DEMO-001,ZEN-RAW-S09:row:13055,ZEN-RAW-S09,SENSOR09,SENSOR09.CSV,row:13055,2024-09-10T08:07:45,LEG-03,REAL_PUBLIC_DATA,DERIVED
CP-DEMO-001,BATCH-DEMO-001,SHIP-DEMO-001,ZEN-RAW-S09:row:13056,ZEN-RAW-S09,SENSOR09,SENSOR09.CSV,row:13056,2024-09-10T08:07:50,LEG-03,REAL_PUBLIC_DATA,DERIVED
CP-DEMO-001,BATCH-DEMO-001,SHIP-DEMO-001,ZEN-RAW-S09:row:13057,ZEN-RAW-S09,SENSOR09,SENSOR09.CSV,row:13057,2024-09-10T08:07:55,LEG-03,REAL_PUBLIC_DATA,DERIVED
CP-DEMO-001,BATCH-DEMO-001,SHIP-DEMO-001,ZEN-RAW-S09:row:13058,ZEN-RAW-S09,SENSOR09,SENSOR09.CSV,row:13058,2024-09-10T08:08:00,LEG-03,REAL_PUBLIC_DATA,DERIVED
CP-DEMO-001,BATCH-DEMO-001,SHIP-DEMO-001,ZEN-RAW-S09:row:13059,ZEN-RAW-S09,SENSOR09,SENSOR09.CSV,row:13059,2024-09-10T08:08:05,LEG-03,REAL_PUBLIC_DATA,DERIVED
CP-DEMO-001,BATCH-DEMO-001,SHIP-DEMO-001,ZEN-RAW-S09:row:13060,ZEN-RAW-S09,SENSOR09,SENSOR09.CSV,row:13060,2024-09-10T08:08:10,LEG-03,REAL_PUBLIC_DATA,DERIVED
CP-DEMO-001,BATCH-DEMO-001,SHIP-DEMO-001,ZEN-RAW-S09:row:13061,ZEN-RAW-S09,SENSOR09,SENSOR09.CSV,row:13061,2024-09-10T08:08:15,LEG-03,REAL_PUBLIC_DATA,DERIVED
CP-DEMO-001,BATCH-DEMO-001,SHIP-DEMO-001,ZEN-RAW-S09:row:13062,ZEN-RAW-S09,SENSOR09,SENSOR09.CSV,row:13062,2024-09-10T08:08:20,LEG-03,REAL_PUBLIC_DATA,DERIVED
CP-DEMO-001,BATCH-DEMO-001,SHIP-DEMO-001,ZEN-RAW-S09:row:13063,ZEN-RAW-S09,SENSOR09,SENSOR09.CSV,row:13063,2024-09-10T08:08:25,LEG-03,REAL_PUBLIC_DATA,DERIVED
CP-DEMO-001,BATCH-DEMO-001,SHIP-DEMO-001,ZEN-RAW-S09:row:13064,ZEN-RAW-S09,SENSOR09,SENSOR09.CSV,row:13064,2024-09-10T08:08:30,LEG-03,REAL_PUBLIC_DATA,DERIVED
CP-DEMO-001,BATCH-DEMO-001,SHIP-DEMO-001,ZEN-RAW-S09:row:13065,ZEN-RAW-S09,SENSOR09,SENSOR09.CSV,row:13065,2024-09-10T08:08:35,LEG-03,REAL_PUBLIC_DATA,DERIVED
CP-DEMO-001,BATCH-DEMO-001,SHIP-DEMO-001,ZEN-RAW-S09:row:13066,ZEN-RAW-S09,SENSOR09,SENSOR09.CSV,row:13066,2024-09-10T08:08:40,LEG-03,REAL_PUBLIC_DATA,DERIVED
CP-DEMO-001,BATCH-DEMO-001,SHIP-DEMO-001,ZEN-RAW-S09:row:13067,ZEN-RAW-S09,SENSOR09,SENSOR09.CSV,row:13067,2024-09-10T08:08:45,LEG-03,REAL_PUBLIC_DATA,DERIVED
CP-DEMO-001,BATCH-DEMO-001,SHIP-DEMO-001,ZEN-RAW-S09:row:13068,ZEN-RAW-S09,SENSOR09,SENSOR09.CSV,row:13068,2024-09-10T08:08:50,LEG-03,REAL_PUBLIC_DATA,DERIVED
CP-DEMO-001,BATCH-DEMO-001,SHIP-DEMO-001,ZEN-RAW-S09:row:13069,ZEN-RAW-S09,SENSOR09,SENSOR09.CSV,row:13069,2024-09-10T08:08:55,LEG-03,REAL_PUBLIC_DATA,DERIVED
CP-DEMO-001,BATCH-DEMO-001,SHIP-DEMO-001,ZEN-RAW-S09:row:13070,ZEN-RAW-S09,SENSOR09,SENSOR09.CSV,row:13070,2024-09-10T08:09:00,LEG-03,REAL_PUBLIC_DATA,DERIVED
CP-DEMO-001,BATCH-DEMO-001,SHIP-DEMO-001,ZEN-RAW-S09:row:13071,ZEN-RAW-S09,SENSOR09,SENSOR09.CSV,row:13071,2024-09-10T08:09:05,LEG-03,REAL_PUBLIC_DATA,DERIVED
CP-DEMO-001,BATCH-DEMO-001,SHIP-DEMO-001,ZEN-RAW-S09:row:13072,ZEN-RAW-S09,SENSOR09,SENSOR09.CSV,row:13072,2024-09-10T08:09:10,LEG-03,REAL_PUBLIC_DATA,DERIVED
CP-DEMO-001,BATCH-DEMO-001,SHIP-DEMO-001,ZEN-RAW-S09:row:13073,ZEN-RAW-S09,SENSOR09,SENSOR09.CSV,row:13073,2024-09-10T08:09:15,LEG-03,REAL_PUBLIC_DATA,DERIVED
CP-DEMO-001,BATCH-DEMO-001,SHIP-DEMO-001,ZEN-RAW-S09:row:13074,ZEN-RAW-S09,SENSOR09,SENSOR09.CSV,row:13074,2024-09-10T08:09:20,LEG-03,REAL_PUBLIC_DATA,DERIVED
CP-DEMO-001,BATCH-DEMO-001,SHIP-DEMO-001,ZEN-RAW-S09:row:13075,ZEN-RAW-S09,SENSOR09,SENSOR09.CSV,row:13075,2024-09-10T08:09:25,LEG-03,REAL_PUBLIC_DATA,DERIVED
CP-DEMO-001,BATCH-DEMO-001,SHIP-DEMO-001,ZEN-RAW-S09:row:13076,ZEN-RAW-S09,SENSOR09,SENSOR09.CSV,row:13076,2024-09-10T08:09:30,LEG-03,REAL_PUBLIC_DATA,DERIVED
CP-DEMO-001,BATCH-DEMO-001,SHIP-DEMO-001,ZEN-RAW-S09:row:13077,ZEN-RAW-S09,SENSOR09,SENSOR09.CSV,row:13077,2024-09-10T08:09:35,LEG-03,REAL_PUBLIC_DATA,DERIVED
CP-DEMO-001,BATCH-DEMO-001,SHIP-DEMO-001,ZEN-RAW-S09:row:13078,ZEN-RAW-S09,SENSOR09,SENSOR09.CSV,row:13078,2024-09-10T08:09:40,LEG-03,REAL_PUBLIC_DATA,DERIVED
CP-DEMO-001,BATCH-DEMO-001,SHIP-DEMO-001,ZEN-RAW-S09:row:13079,ZEN-RAW-S09,SENSOR09,SENSOR09.CSV,row:13079,2024-09-10T08:09:45,LEG-03,REAL_PUBLIC_DATA,DERIVED
CP-DEMO-001,BATCH-DEMO-001,SHIP-DEMO-001,ZEN-RAW-S09:row:13080,ZEN-RAW-S09,SENSOR09,SENSOR09.CSV,row:13080,2024-09-10T08:09:50,LEG-03,REAL_PUBLIC_DATA,DERIVED
CP-DEMO-001,BATCH-DEMO-001,SHIP-DEMO-001,ZEN-RAW-S09:row:13081,ZEN-RAW-S09,SENSOR09,SENSOR09.CSV,row:13081,2024-09-10T08:09:55,LEG-03,REAL_PUBLIC_DATA,DERIVED
CP-DEMO-001,BATCH-DEMO-001,SHIP-DEMO-001,ZEN-RAW-S09:row:13082,ZEN-RAW-S09,SENSOR09,SENSOR09.CSV,row:13082,2024-09-10T08:10:00,LEG-03,REAL_PUBLIC_DATA,DERIVED
CP-DEMO-001,BATCH-DEMO-001,SHIP-DEMO-001,ZEN-RAW-S09:row:13083,ZEN-RAW-S09,SENSOR09,SENSOR09.CSV,row:13083,2024-09-10T08:10:05,LEG-03,REAL_PUBLIC_DATA,DERIVED
CP-DEMO-001,BATCH-DEMO-001,SHIP-DEMO-001,ZEN-RAW-S09:row:13084,ZEN-RAW-S09,SENSOR09,SENSOR09.CSV,row:13084,2024-09-10T08:10:10,LEG-03,REAL_PUBLIC_DATA,DERIVED
CP-DEMO-001,BATCH-DEMO-001,SHIP-DEMO-001,ZEN-RAW-S09:row:13085,ZEN-RAW-S09,SENSOR09,SENSOR09.CSV,row:13085,2024-09-10T08:10:15,LEG-03,REAL_PUBLIC_DATA,DERIVED
CP-DEMO-001,BATCH-DEMO-001,SHIP-DEMO-001,ZEN-RAW-S09:row:13086,ZEN-RAW-S09,SENSOR09,SENSOR09.CSV,row:13086,2024-09-10T08:10:20,LEG-03,REAL_PUBLIC_DATA,DERIVED
CP-DEMO-001,BATCH-DEMO-001,SHIP-DEMO-001,ZEN-RAW-S09:row:13087,ZEN-RAW-S09,SENSOR09,SENSOR09.CSV,row:13087,2024-09-10T08:10:25,LEG-03,REAL_PUBLIC_DATA,DERIVED
CP-DEMO-001,BATCH-DEMO-001,SHIP-DEMO-001,ZEN-RAW-S09:row:13088,ZEN-RAW-S09,SENSOR09,SENSOR09.CSV,row:13088,2024-09-10T08:10:30,LEG-03,REAL_PUBLIC_DATA,DERIVED
CP-DEMO-001,BATCH-DEMO-001,SHIP-DEMO-001,ZEN-RAW-S09:row:13089,ZEN-RAW-S09,SENSOR09,SENSOR09.CSV,row:13089,2024-09-10T08:10:35,LEG-03,REAL_PUBLIC_DATA,DERIVED
CP-DEMO-001,BATCH-DEMO-001,SHIP-DEMO-001,ZEN-RAW-S09:row:13090,ZEN-RAW-S09,SENSOR09,SENSOR09.CSV,row:13090,2024-09-10T08:10:40,LEG-03,REAL_PUBLIC_DATA,DERIVED
CP-DEMO-001,BATCH-DEMO-001,SHIP-DEMO-001,ZEN-RAW-S09:row:13091,ZEN-RAW-S09,SENSOR09,SENSOR09.CSV,row:13091,2024-09-10T08:10:45,LEG-03,REAL_PUBLIC_DATA,DERIVED
CP-DEMO-001,BATCH-DEMO-001,SHIP-DEMO-001,ZEN-RAW-S09:row:13092,ZEN-RAW-S09,SENSOR09,SENSOR09.CSV,row:13092,2024-09-10T08:10:50,LEG-03,REAL_PUBLIC_DATA,DERIVED
CP-DEMO-001,BATCH-DEMO-001,SHIP-DEMO-001,ZEN-RAW-S09:row:13093,ZEN-RAW-S09,SENSOR09,SENSOR09.CSV,row:13093,2024-09-10T08:10:55,LEG-03,REAL_PUBLIC_DATA,DERIVED
CP-DEMO-001,BATCH-DEMO-001,SHIP-DEMO-001,ZEN-RAW-S09:row:13094,ZEN-RAW-S09,SENSOR09,SENSOR09.CSV,row:13094,2024-09-10T08:11:00,LEG-03,REAL_PUBLIC_DATA,DERIVED
CP-DEMO-001,BATCH-DEMO-001,SHIP-DEMO-001,ZEN-RAW-S09:row:13095,ZEN-RAW-S09,SENSOR09,SENSOR09.CSV,row:13095,2024-09-10T08:11:05,LEG-03,REAL_PUBLIC_DATA,DERIVED
CP-DEMO-001,BATCH-DEMO-001,SHIP-DEMO-001,ZEN-RAW-S09:row:13096,ZEN-RAW-S09,SENSOR09,SENSOR09.CSV,row:13096,2024-09-10T08:11:10,LEG-03,REAL_PUBLIC_DATA,DERIVED
CP-DEMO-001,BATCH-DEMO-001,SHIP-DEMO-001,ZEN-RAW-S09:row:13097,ZEN-RAW-S09,SENSOR09,SENSOR09.CSV,row:13097,2024-09-10T08:11:15,LEG-03,REAL_PUBLIC_DATA,DERIVED
CP-DEMO-001,BATCH-DEMO-001,SHIP-DEMO-001,ZEN-RAW-S09:row:13098,ZEN-RAW-S09,SENSOR09,SENSOR09.CSV,row:13098,2024-09-10T08:11:20,LEG-03,REAL_PUBLIC_DATA,DERIVED
CP-DEMO-001,BATCH-DEMO-001,SHIP-DEMO-001,ZEN-RAW-S09:row:13099,ZEN-RAW-S09,SENSOR09,SENSOR09.CSV,row:13099,2024-09-10T08:11:25,LEG-03,REAL_PUBLIC_DATA,DERIVED
CP-DEMO-001,BATCH-DEMO-001,SHIP-DEMO-001,ZEN-RAW-S09:row:13100,ZEN-RAW-S09,SENSOR09,SENSOR09.CSV,row:13100,2024-09-10T08:11:30,LEG-03,REAL_PUBLIC_DATA,DERIVED
CP-DEMO-001,BATCH-DEMO-001,SHIP-DEMO-001,ZEN-RAW-S09:row:13101,ZEN-RAW-S09,SENSOR09,SENSOR09.CSV,row:13101,2024-09-10T08:11:35,LEG-03,REAL_PUBLIC_DATA,DERIVED
CP-DEMO-001,BATCH-DEMO-001,SHIP-DEMO-001,ZEN-RAW-S09:row:13102,ZEN-RAW-S09,SENSOR09,SENSOR09.CSV,row:13102,2024-09-10T08:11:40,LEG-03,REAL_PUBLIC_DATA,DERIVED
CP-DEMO-001,BATCH-DEMO-001,SHIP-DEMO-001,ZEN-RAW-S09:row:13103,ZEN-RAW-S09,SENSOR09,SENSOR09.CSV,row:13103,2024-09-10T08:11:45,LEG-03,REAL_PUBLIC_DATA,DERIVED
CP-DEMO-001,BATCH-DEMO-001,SHIP-DEMO-001,ZEN-RAW-S09:row:13104,ZEN-RAW-S09,SENSOR09,SENSOR09.CSV,row:13104,2024-09-10T08:11:50,LEG-03,REAL_PUBLIC_DATA,DERIVED
CP-DEMO-001,BATCH-DEMO-001,SHIP-DEMO-001,ZEN-RAW-S09:row:13105,ZEN-RAW-S09,SENSOR09,SENSOR09.CSV,row:13105,2024-09-10T08:11:55,LEG-03,REAL_PUBLIC_DATA,DERIVED
CP-DEMO-001,BATCH-DEMO-001,SHIP-DEMO-001,ZEN-RAW-S09:row:13106,ZEN-RAW-S09,SENSOR09,SENSOR09.CSV,row:13106,2024-09-10T08:12:00,LEG-03,REAL_PUBLIC_DATA,DERIVED
CP-DEMO-001,BATCH-DEMO-001,SHIP-DEMO-001,ZEN-RAW-S09:row:13107,ZEN-RAW-S09,SENSOR09,SENSOR09.CSV,row:13107,2024-09-10T08:12:05,LEG-03,REAL_PUBLIC_DATA,DERIVED
CP-DEMO-001,BATCH-DEMO-001,SHIP-DEMO-001,ZEN-RAW-S09:row:13108,ZEN-RAW-S09,SENSOR09,SENSOR09.CSV,row:13108,2024-09-10T08:12:10,LEG-03,REAL_PUBLIC_DATA,DERIVED
CP-DEMO-001,BATCH-DEMO-001,SHIP-DEMO-001,ZEN-RAW-S09:row:13109,ZEN-RAW-S09,SENSOR09,SENSOR09.CSV,row:13109,2024-09-10T08:12:15,LEG-03,REAL_PUBLIC_DATA,DERIVED
CP-DEMO-001,BATCH-DEMO-001,SHIP-DEMO-001,ZEN-RAW-S09:row:13110,ZEN-RAW-S09,SENSOR09,SENSOR09.CSV,row:13110,2024-09-10T08:12:20,LEG-03,REAL_PUBLIC_DATA,DERIVED
CP-DEMO-001,BATCH-DEMO-001,SHIP-DEMO-001,ZEN-RAW-S09:row:13111,ZEN-RAW-S09,SENSOR09,SENSOR09.CSV,row:13111,2024-09-10T08:12:25,LEG-03,REAL_PUBLIC_DATA,DERIVED
CP-DEMO-001,BATCH-DEMO-001,SHIP-DEMO-001,ZEN-RAW-S09:row:13112,ZEN-RAW-S09,SENSOR09,SENSOR09.CSV,row:13112,2024-09-10T08:12:30,LEG-03,REAL_PUBLIC_DATA,DERIVED
CP-DEMO-001,BATCH-DEMO-001,SHIP-DEMO-001,ZEN-RAW-S09:row:13113,ZEN-RAW-S09,SENSOR09,SENSOR09.CSV,row:13113,2024-09-10T08:12:35,LEG-03,REAL_PUBLIC_DATA,DERIVED
CP-DEMO-001,BATCH-DEMO-001,SHIP-DEMO-001,ZEN-RAW-S09:row:13114,ZEN-RAW-S09,SENSOR09,SENSOR09.CSV,row:13114,2024-09-10T08:12:40,LEG-03,REAL_PUBLIC_DATA,DERIVED
CP-DEMO-001,BATCH-DEMO-001,SHIP-DEMO-001,ZEN-RAW-S09:row:13115,ZEN-RAW-S09,SENSOR09,SENSOR09.CSV,row:13115,2024-09-10T08:12:45,LEG-03,REAL_PUBLIC_DATA,DERIVED
CP-DEMO-001,BATCH-DEMO-001,SHIP-DEMO-001,ZEN-RAW-S09:row:13116,ZEN-RAW-S09,SENSOR09,SENSOR09.CSV,row:13116,2024-09-10T08:12:50,LEG-03,REAL_PUBLIC_DATA,DERIVED
CP-DEMO-001,BATCH-DEMO-001,SHIP-DEMO-001,ZEN-RAW-S09:row:13117,ZEN-RAW-S09,SENSOR09,SENSOR09.CSV,row:13117,2024-09-10T08:12:55,LEG-03,REAL_PUBLIC_DATA,DERIVED
CP-DEMO-001,BATCH-DEMO-001,SHIP-DEMO-001,ZEN-RAW-S09:row:13118,ZEN-RAW-S09,SENSOR09,SENSOR09.CSV,row:13118,2024-09-10T08:13:00,LEG-03,REAL_PUBLIC_DATA,DERIVED
CP-DEMO-001,BATCH-DEMO-001,SHIP-DEMO-001,ZEN-RAW-S09:row:13119,ZEN-RAW-S09,SENSOR09,SENSOR09.CSV,row:13119,2024-09-10T08:13:05,LEG-03,REAL_PUBLIC_DATA,DERIVED
CP-DEMO-001,BATCH-DEMO-001,SHIP-DEMO-001,ZEN-RAW-S09:row:13120,ZEN-RAW-S09,SENSOR09,SENSOR09.CSV,row:13120,2024-09-10T08:13:10,LEG-03,REAL_PUBLIC_DATA,DERIVED
CP-DEMO-001,BATCH-DEMO-001,SHIP-DEMO-001,ZEN-RAW-S09:row:13121,ZEN-RAW-S09,SENSOR09,SENSOR09.CSV,row:13121,2024-09-10T08:13:15,LEG-03,REAL_PUBLIC_DATA,DERIVED
CP-DEMO-001,BATCH-DEMO-001,SHIP-DEMO-001,ZEN-RAW-S09:row:13122,ZEN-RAW-S09,SENSOR09,SENSOR09.CSV,row:13122,2024-09-10T08:13:20,LEG-03,REAL_PUBLIC_DATA,DERIVED
CP-DEMO-001,BATCH-DEMO-001,SHIP-DEMO-001,ZEN-RAW-S09:row:13123,ZEN-RAW-S09,SENSOR09,SENSOR09.CSV,row:13123,2024-09-10T08:13:25,LEG-03,REAL_PUBLIC_DATA,DERIVED
CP-DEMO-001,BATCH-DEMO-001,SHIP-DEMO-001,ZEN-RAW-S09:row:13124,ZEN-RAW-S09,SENSOR09,SENSOR09.CSV,row:13124,2024-09-10T08:13:30,LEG-03,REAL_PUBLIC_DATA,DERIVED
CP-DEMO-001,BATCH-DEMO-001,SHIP-DEMO-001,ZEN-RAW-S09:row:13125,ZEN-RAW-S09,SENSOR09,SENSOR09.CSV,row:13125,2024-09-10T08:13:35,LEG-03,REAL_PUBLIC_DATA,DERIVED
CP-DEMO-001,BATCH-DEMO-001,SHIP-DEMO-001,ZEN-RAW-S09:row:13126,ZEN-RAW-S09,SENSOR09,SENSOR09.CSV,row:13126,2024-09-10T08:13:40,LEG-03,REAL_PUBLIC_DATA,DERIVED
CP-DEMO-001,BATCH-DEMO-001,SHIP-DEMO-001,ZEN-RAW-S09:row:13127,ZEN-RAW-S09,SENSOR09,SENSOR09.CSV,row:13127,2024-09-10T08:13:45,LEG-03,REAL_PUBLIC_DATA,DERIVED
CP-DEMO-001,BATCH-DEMO-001,SHIP-DEMO-001,ZEN-RAW-S09:row:13128,ZEN-RAW-S09,SENSOR09,SENSOR09.CSV,row:13128,2024-09-10T08:13:50,LEG-03,REAL_PUBLIC_DATA,DERIVED
CP-DEMO-001,BATCH-DEMO-001,SHIP-DEMO-001,ZEN-RAW-S09:row:13129,ZEN-RAW-S09,SENSOR09,SENSOR09.CSV,row:13129,2024-09-10T08:13:55,LEG-03,REAL_PUBLIC_DATA,DERIVED
CP-DEMO-001,BATCH-DEMO-001,SHIP-DEMO-001,ZEN-RAW-S09:row:13130,ZEN-RAW-S09,SENSOR09,SENSOR09.CSV,row:13130,2024-09-10T08:14:00,LEG-03,REAL_PUBLIC_DATA,DERIVED
CP-DEMO-001,BATCH-DEMO-001,SHIP-DEMO-001,ZEN-RAW-S09:row:13131,ZEN-RAW-S09,SENSOR09,SENSOR09.CSV,row:13131,2024-09-10T08:14:05,LEG-03,REAL_PUBLIC_DATA,DERIVED
CP-DEMO-001,BATCH-DEMO-001,SHIP-DEMO-001,ZEN-RAW-S09:row:13132,ZEN-RAW-S09,SENSOR09,SENSOR09.CSV,row:13132,2024-09-10T08:14:10,LEG-03,REAL_PUBLIC_DATA,DERIVED
CP-DEMO-001,BATCH-DEMO-001,SHIP-DEMO-001,ZEN-RAW-S09:row:13133,ZEN-RAW-S09,SENSOR09,SENSOR09.CSV,row:13133,2024-09-10T08:14:15,LEG-03,REAL_PUBLIC_DATA,DERIVED
CP-DEMO-001,BATCH-DEMO-001,SHIP-DEMO-001,ZEN-RAW-S09:row:13134,ZEN-RAW-S09,SENSOR09,SENSOR09.CSV,row:13134,2024-09-10T08:14:20,LEG-03,REAL_PUBLIC_DATA,DERIVED
CP-DEMO-001,BATCH-DEMO-001,SHIP-DEMO-001,ZEN-RAW-S09:row:13135,ZEN-RAW-S09,SENSOR09,SENSOR09.CSV,row:13135,2024-09-10T08:14:25,LEG-03,REAL_PUBLIC_DATA,DERIVED
CP-DEMO-001,BATCH-DEMO-001,SHIP-DEMO-001,ZEN-RAW-S09:row:13136,ZEN-RAW-S09,SENSOR09,SENSOR09.CSV,row:13136,2024-09-10T08:14:30,LEG-03,REAL_PUBLIC_DATA,DERIVED
CP-DEMO-001,BATCH-DEMO-001,SHIP-DEMO-001,ZEN-RAW-S09:row:13137,ZEN-RAW-S09,SENSOR09,SENSOR09.CSV,row:13137,2024-09-10T08:14:35,LEG-03,REAL_PUBLIC_DATA,DERIVED
CP-DEMO-001,BATCH-DEMO-001,SHIP-DEMO-001,ZEN-RAW-S09:row:13138,ZEN-RAW-S09,SENSOR09,SENSOR09.CSV,row:13138,2024-09-10T08:14:40,LEG-03,REAL_PUBLIC_DATA,DERIVED
CP-DEMO-001,BATCH-DEMO-001,SHIP-DEMO-001,ZEN-RAW-S09:row:13139,ZEN-RAW-S09,SENSOR09,SENSOR09.CSV,row:13139,2024-09-10T08:14:45,LEG-03,REAL_PUBLIC_DATA,DERIVED
CP-DEMO-001,BATCH-DEMO-001,SHIP-DEMO-001,ZEN-RAW-S09:row:13140,ZEN-RAW-S09,SENSOR09,SENSOR09.CSV,row:13140,2024-09-10T08:14:50,LEG-03,REAL_PUBLIC_DATA,DERIVED
CP-DEMO-001,BATCH-DEMO-001,SHIP-DEMO-001,ZEN-RAW-S09:row:13141,ZEN-RAW-S09,SENSOR09,SENSOR09.CSV,row:13141,2024-09-10T08:14:55,LEG-03,REAL_PUBLIC_DATA,DERIVED
CP-DEMO-001,BATCH-DEMO-001,SHIP-DEMO-001,ZEN-RAW-S09:row:13142,ZEN-RAW-S09,SENSOR09,SENSOR09.CSV,row:13142,2024-09-10T08:15:00,LEG-03,REAL_PUBLIC_DATA,DERIVED
CP-DEMO-001,BATCH-DEMO-001,SHIP-DEMO-001,ZEN-RAW-S09:row:13143,ZEN-RAW-S09,SENSOR09,SENSOR09.CSV,row:13143,2024-09-10T08:15:05,LEG-03,REAL_PUBLIC_DATA,DERIVED
CP-DEMO-001,BATCH-DEMO-001,SHIP-DEMO-001,ZEN-RAW-S09:row:13144,ZEN-RAW-S09,SENSOR09,SENSOR09.CSV,row:13144,2024-09-10T08:15:10,LEG-03,REAL_PUBLIC_DATA,DERIVED
CP-DEMO-001,BATCH-DEMO-001,SHIP-DEMO-001,ZEN-RAW-S09:row:13145,ZEN-RAW-S09,SENSOR09,SENSOR09.CSV,row:13145,2024-09-10T08:15:15,LEG-03,REAL_PUBLIC_DATA,DERIVED
CP-DEMO-001,BATCH-DEMO-001,SHIP-DEMO-001,ZEN-RAW-S09:row:13146,ZEN-RAW-S09,SENSOR09,SENSOR09.CSV,row:13146,2024-09-10T08:15:20,LEG-03,REAL_PUBLIC_DATA,DERIVED
CP-DEMO-001,BATCH-DEMO-001,SHIP-DEMO-001,ZEN-RAW-S09:row:13147,ZEN-RAW-S09,SENSOR09,SENSOR09.CSV,row:13147,2024-09-10T08:15:25,LEG-03,REAL_PUBLIC_DATA,DERIVED
CP-DEMO-001,BATCH-DEMO-001,SHIP-DEMO-001,ZEN-RAW-S09:row:13148,ZEN-RAW-S09,SENSOR09,SENSOR09.CSV,row:13148,2024-09-10T08:15:30,LEG-03,REAL_PUBLIC_DATA,DERIVED
CP-DEMO-001,BATCH-DEMO-001,SHIP-DEMO-001,ZEN-RAW-S09:row:13149,ZEN-RAW-S09,SENSOR09,SENSOR09.CSV,row:13149,2024-09-10T08:15:35,LEG-03,REAL_PUBLIC_DATA,DERIVED
CP-DEMO-001,BATCH-DEMO-001,SHIP-DEMO-001,ZEN-RAW-S09:row:13150,ZEN-RAW-S09,SENSOR09,SENSOR09.CSV,row:13150,2024-09-10T08:15:40,LEG-03,REAL_PUBLIC_DATA,DERIVED
CP-DEMO-001,BATCH-DEMO-001,SHIP-DEMO-001,ZEN-RAW-S09:row:13151,ZEN-RAW-S09,SENSOR09,SENSOR09.CSV,row:13151,2024-09-10T08:15:45,LEG-03,REAL_PUBLIC_DATA,DERIVED
CP-DEMO-001,BATCH-DEMO-001,SHIP-DEMO-001,ZEN-RAW-S09:row:13152,ZEN-RAW-S09,SENSOR09,SENSOR09.CSV,row:13152,2024-09-10T08:15:50,LEG-03,REAL_PUBLIC_DATA,DERIVED
CP-DEMO-001,BATCH-DEMO-001,SHIP-DEMO-001,ZEN-RAW-S09:row:13153,ZEN-RAW-S09,SENSOR09,SENSOR09.CSV,row:13153,2024-09-10T08:15:55,LEG-03,REAL_PUBLIC_DATA,DERIVED
CP-DEMO-001,BATCH-DEMO-001,SHIP-DEMO-001,ZEN-RAW-S09:row:13154,ZEN-RAW-S09,SENSOR09,SENSOR09.CSV,row:13154,2024-09-10T08:16:00,LEG-03,REAL_PUBLIC_DATA,DERIVED
CP-DEMO-001,BATCH-DEMO-001,SHIP-DEMO-001,ZEN-RAW-S09:row:13155,ZEN-RAW-S09,SENSOR09,SENSOR09.CSV,row:13155,2024-09-10T08:16:05,LEG-03,REAL_PUBLIC_DATA,DERIVED
CP-DEMO-001,BATCH-DEMO-001,SHIP-DEMO-001,ZEN-RAW-S09:row:13156,ZEN-RAW-S09,SENSOR09,SENSOR09.CSV,row:13156,2024-09-10T08:16:10,LEG-03,REAL_PUBLIC_DATA,DERIVED
CP-DEMO-001,BATCH-DEMO-001,SHIP-DEMO-001,ZEN-RAW-S09:row:13157,ZEN-RAW-S09,SENSOR09,SENSOR09.CSV,row:13157,2024-09-10T08:16:15,LEG-03,REAL_PUBLIC_DATA,DERIVED
CP-DEMO-001,BATCH-DEMO-001,SHIP-DEMO-001,ZEN-RAW-S09:row:13158,ZEN-RAW-S09,SENSOR09,SENSOR09.CSV,row:13158,2024-09-10T08:16:20,LEG-03,REAL_PUBLIC_DATA,DERIVED
CP-DEMO-001,BATCH-DEMO-001,SHIP-DEMO-001,ZEN-RAW-S09:row:13159,ZEN-RAW-S09,SENSOR09,SENSOR09.CSV,row:13159,2024-09-10T08:16:25,LEG-03,REAL_PUBLIC_DATA,DERIVED
CP-DEMO-001,BATCH-DEMO-001,SHIP-DEMO-001,ZEN-RAW-S09:row:13160,ZEN-RAW-S09,SENSOR09,SENSOR09.CSV,row:13160,2024-09-10T08:16:30,LEG-03,REAL_PUBLIC_DATA,DERIVED
CP-DEMO-001,BATCH-DEMO-001,SHIP-DEMO-001,ZEN-RAW-S09:row:13161,ZEN-RAW-S09,SENSOR09,SENSOR09.CSV,row:13161,2024-09-10T08:16:35,LEG-03,REAL_PUBLIC_DATA,DERIVED
CP-DEMO-001,BATCH-DEMO-001,SHIP-DEMO-001,ZEN-RAW-S09:row:13162,ZEN-RAW-S09,SENSOR09,SENSOR09.CSV,row:13162,2024-09-10T08:16:40,LEG-03,REAL_PUBLIC_DATA,DERIVED
CP-DEMO-001,BATCH-DEMO-001,SHIP-DEMO-001,ZEN-RAW-S09:row:13163,ZEN-RAW-S09,SENSOR09,SENSOR09.CSV,row:13163,2024-09-10T08:16:45,LEG-03,REAL_PUBLIC_DATA,DERIVED
CP-DEMO-001,BATCH-DEMO-001,SHIP-DEMO-001,ZEN-RAW-S09:row:13164,ZEN-RAW-S09,SENSOR09,SENSOR09.CSV,row:13164,2024-09-10T08:16:50,LEG-03,REAL_PUBLIC_DATA,DERIVED
CP-DEMO-001,BATCH-DEMO-001,SHIP-DEMO-001,ZEN-RAW-S09:row:13165,ZEN-RAW-S09,SENSOR09,SENSOR09.CSV,row:13165,2024-09-10T08:16:55,LEG-03,REAL_PUBLIC_DATA,DERIVED
CP-DEMO-001,BATCH-DEMO-001,SHIP-DEMO-001,ZEN-RAW-S09:row:13166,ZEN-RAW-S09,SENSOR09,SENSOR09.CSV,row:13166,2024-09-10T08:17:00,LEG-03,REAL_PUBLIC_DATA,DERIVED
CP-DEMO-001,BATCH-DEMO-001,SHIP-DEMO-001,ZEN-RAW-S09:row:13167,ZEN-RAW-S09,SENSOR09,SENSOR09.CSV,row:13167,2024-09-10T08:17:05,LEG-03,REAL_PUBLIC_DATA,DERIVED
CP-DEMO-001,BATCH-DEMO-001,SHIP-DEMO-001,ZEN-RAW-S09:row:13168,ZEN-RAW-S09,SENSOR09,SENSOR09.CSV,row:13168,2024-09-10T08:17:10,LEG-03,REAL_PUBLIC_DATA,DERIVED
CP-DEMO-001,BATCH-DEMO-001,SHIP-DEMO-001,ZEN-RAW-S09:row:13169,ZEN-RAW-S09,SENSOR09,SENSOR09.CSV,row:13169,2024-09-10T08:17:15,LEG-03,REAL_PUBLIC_DATA,DERIVED
CP-DEMO-001,BATCH-DEMO-001,SHIP-DEMO-001,ZEN-RAW-S09:row:13170,ZEN-RAW-S09,SENSOR09,SENSOR09.CSV,row:13170,2024-09-10T08:17:20,LEG-03,REAL_PUBLIC_DATA,DERIVED
CP-DEMO-001,BATCH-DEMO-001,SHIP-DEMO-001,ZEN-RAW-S09:row:13171,ZEN-RAW-S09,SENSOR09,SENSOR09.CSV,row:13171,2024-09-10T08:17:25,LEG-03,REAL_PUBLIC_DATA,DERIVED
CP-DEMO-001,BATCH-DEMO-001,SHIP-DEMO-001,ZEN-RAW-S09:row:13172,ZEN-RAW-S09,SENSOR09,SENSOR09.CSV,row:13172,2024-09-10T08:17:30,LEG-03,REAL_PUBLIC_DATA,DERIVED
CP-DEMO-001,BATCH-DEMO-001,SHIP-DEMO-001,ZEN-RAW-S09:row:13173,ZEN-RAW-S09,SENSOR09,SENSOR09.CSV,row:13173,2024-09-10T08:17:35,LEG-03,REAL_PUBLIC_DATA,DERIVED
CP-DEMO-001,BATCH-DEMO-001,SHIP-DEMO-001,ZEN-RAW-S09:row:13174,ZEN-RAW-S09,SENSOR09,SENSOR09.CSV,row:13174,2024-09-10T08:17:40,LEG-03,REAL_PUBLIC_DATA,DERIVED
CP-DEMO-001,BATCH-DEMO-001,SHIP-DEMO-001,ZEN-RAW-S09:row:13175,ZEN-RAW-S09,SENSOR09,SENSOR09.CSV,row:13175,2024-09-10T08:17:45,LEG-03,REAL_PUBLIC_DATA,DERIVED
CP-DEMO-001,BATCH-DEMO-001,SHIP-DEMO-001,ZEN-RAW-S09:row:13176,ZEN-RAW-S09,SENSOR09,SENSOR09.CSV,row:13176,2024-09-10T08:17:50,LEG-03,REAL_PUBLIC_DATA,DERIVED
CP-DEMO-001,BATCH-DEMO-001,SHIP-DEMO-001,ZEN-RAW-S09:row:13177,ZEN-RAW-S09,SENSOR09,SENSOR09.CSV,row:13177,2024-09-10T08:17:55,LEG-03,REAL_PUBLIC_DATA,DERIVED
CP-DEMO-001,BATCH-DEMO-001,SHIP-DEMO-001,ZEN-RAW-S09:row:13178,ZEN-RAW-S09,SENSOR09,SENSOR09.CSV,row:13178,2024-09-10T08:18:00,LEG-03,REAL_PUBLIC_DATA,DERIVED
CP-DEMO-001,BATCH-DEMO-001,SHIP-DEMO-001,ZEN-RAW-S09:row:13179,ZEN-RAW-S09,SENSOR09,SENSOR09.CSV,row:13179,2024-09-10T08:18:05,LEG-03,REAL_PUBLIC_DATA,DERIVED
CP-DEMO-001,BATCH-DEMO-001,SHIP-DEMO-001,ZEN-RAW-S09:row:13180,ZEN-RAW-S09,SENSOR09,SENSOR09.CSV,row:13180,2024-09-10T08:18:10,LEG-03,REAL_PUBLIC_DATA,DERIVED
CP-DEMO-001,BATCH-DEMO-001,SHIP-DEMO-001,ZEN-RAW-S09:row:13181,ZEN-RAW-S09,SENSOR09,SENSOR09.CSV,row:13181,2024-09-10T08:18:15,LEG-03,REAL_PUBLIC_DATA,DERIVED
CP-DEMO-001,BATCH-DEMO-001,SHIP-DEMO-001,ZEN-RAW-S09:row:13182,ZEN-RAW-S09,SENSOR09,SENSOR09.CSV,row:13182,2024-09-10T08:18:20,LEG-03,REAL_PUBLIC_DATA,DERIVED
CP-DEMO-001,BATCH-DEMO-001,SHIP-DEMO-001,ZEN-RAW-S09:row:13183,ZEN-RAW-S09,SENSOR09,SENSOR09.CSV,row:13183,2024-09-10T08:18:25,LEG-03,REAL_PUBLIC_DATA,DERIVED
CP-DEMO-001,BATCH-DEMO-001,SHIP-DEMO-001,ZEN-RAW-S09:row:13184,ZEN-RAW-S09,SENSOR09,SENSOR09.CSV,row:13184,2024-09-10T08:18:30,LEG-03,REAL_PUBLIC_DATA,DERIVED
CP-DEMO-001,BATCH-DEMO-001,SHIP-DEMO-001,ZEN-RAW-S09:row:13185,ZEN-RAW-S09,SENSOR09,SENSOR09.CSV,row:13185,2024-09-10T08:18:35,LEG-03,REAL_PUBLIC_DATA,DERIVED
CP-DEMO-001,BATCH-DEMO-001,SHIP-DEMO-001,ZEN-RAW-S09:row:13186,ZEN-RAW-S09,SENSOR09,SENSOR09.CSV,row:13186,2024-09-10T08:18:40,LEG-03,REAL_PUBLIC_DATA,DERIVED
CP-DEMO-001,BATCH-DEMO-001,SHIP-DEMO-001,ZEN-RAW-S09:row:13187,ZEN-RAW-S09,SENSOR09,SENSOR09.CSV,row:13187,2024-09-10T08:18:45,LEG-03,REAL_PUBLIC_DATA,DERIVED
CP-DEMO-001,BATCH-DEMO-001,SHIP-DEMO-001,ZEN-RAW-S09:row:13188,ZEN-RAW-S09,SENSOR09,SENSOR09.CSV,row:13188,2024-09-10T08:18:50,LEG-03,REAL_PUBLIC_DATA,DERIVED
CP-DEMO-001,BATCH-DEMO-001,SHIP-DEMO-001,ZEN-RAW-S09:row:13189,ZEN-RAW-S09,SENSOR09,SENSOR09.CSV,row:13189,2024-09-10T08:18:55,LEG-03,REAL_PUBLIC_DATA,DERIVED
CP-DEMO-001,BATCH-DEMO-001,SHIP-DEMO-001,ZEN-RAW-S09:row:13190,ZEN-RAW-S09,SENSOR09,SENSOR09.CSV,row:13190,2024-09-10T08:19:00,LEG-03,REAL_PUBLIC_DATA,DERIVED
CP-DEMO-001,BATCH-DEMO-001,SHIP-DEMO-001,ZEN-RAW-S09:row:13191,ZEN-RAW-S09,SENSOR09,SENSOR09.CSV,row:13191,2024-09-10T08:19:05,LEG-03,REAL_PUBLIC_DATA,DERIVED
CP-DEMO-001,BATCH-DEMO-001,SHIP-DEMO-001,ZEN-RAW-S09:row:13192,ZEN-RAW-S09,SENSOR09,SENSOR09.CSV,row:13192,2024-09-10T08:19:10,LEG-03,REAL_PUBLIC_DATA,DERIVED
CP-DEMO-001,BATCH-DEMO-001,SHIP-DEMO-001,ZEN-RAW-S09:row:13193,ZEN-RAW-S09,SENSOR09,SENSOR09.CSV,row:13193,2024-09-10T08:19:15,LEG-03,REAL_PUBLIC_DATA,DERIVED
CP-DEMO-001,BATCH-DEMO-001,SHIP-DEMO-001,ZEN-RAW-S09:row:13194,ZEN-RAW-S09,SENSOR09,SENSOR09.CSV,row:13194,2024-09-10T08:19:20,LEG-03,REAL_PUBLIC_DATA,DERIVED
CP-DEMO-001,BATCH-DEMO-001,SHIP-DEMO-001,ZEN-RAW-S09:row:13195,ZEN-RAW-S09,SENSOR09,SENSOR09.CSV,row:13195,2024-09-10T08:19:25,LEG-03,REAL_PUBLIC_DATA,DERIVED
CP-DEMO-001,BATCH-DEMO-001,SHIP-DEMO-001,ZEN-RAW-S09:row:13196,ZEN-RAW-S09,SENSOR09,SENSOR09.CSV,row:13196,2024-09-10T08:19:30,LEG-03,REAL_PUBLIC_DATA,DERIVED
CP-DEMO-001,BATCH-DEMO-001,SHIP-DEMO-001,ZEN-RAW-S09:row:13197,ZEN-RAW-S09,SENSOR09,SENSOR09.CSV,row:13197,2024-09-10T08:19:35,LEG-03,REAL_PUBLIC_DATA,DERIVED
CP-DEMO-001,BATCH-DEMO-001,SHIP-DEMO-001,ZEN-RAW-S09:row:13198,ZEN-RAW-S09,SENSOR09,SENSOR09.CSV,row:13198,2024-09-10T08:19:40,LEG-03,REAL_PUBLIC_DATA,DERIVED
CP-DEMO-001,BATCH-DEMO-001,SHIP-DEMO-001,ZEN-RAW-S09:row:13199,ZEN-RAW-S09,SENSOR09,SENSOR09.CSV,row:13199,2024-09-10T08:19:45,LEG-03,REAL_PUBLIC_DATA,DERIVED
CP-DEMO-001,BATCH-DEMO-001,SHIP-DEMO-001,ZEN-RAW-S09:row:13200,ZEN-RAW-S09,SENSOR09,SENSOR09.CSV,row:13200,2024-09-10T08:19:50,LEG-03,REAL_PUBLIC_DATA,DERIVED
CP-DEMO-001,BATCH-DEMO-001,SHIP-DEMO-001,ZEN-RAW-S09:row:13201,ZEN-RAW-S09,SENSOR09,SENSOR09.CSV,row:13201,2024-09-10T08:19:55,LEG-03,REAL_PUBLIC_DATA,DERIVED
CP-DEMO-001,BATCH-DEMO-001,SHIP-DEMO-001,ZEN-RAW-S09:row:13202,ZEN-RAW-S09,SENSOR09,SENSOR09.CSV,row:13202,2024-09-10T08:20:00,LEG-03,REAL_PUBLIC_DATA,DERIVED
CP-DEMO-001,BATCH-DEMO-001,SHIP-DEMO-001,ZEN-RAW-S09:row:13203,ZEN-RAW-S09,SENSOR09,SENSOR09.CSV,row:13203,2024-09-10T08:20:05,LEG-03,REAL_PUBLIC_DATA,DERIVED
CP-DEMO-001,BATCH-DEMO-001,SHIP-DEMO-001,ZEN-RAW-S09:row:13204,ZEN-RAW-S09,SENSOR09,SENSOR09.CSV,row:13204,2024-09-10T08:20:10,LEG-03,REAL_PUBLIC_DATA,DERIVED
CP-DEMO-001,BATCH-DEMO-001,SHIP-DEMO-001,ZEN-RAW-S09:row:13205,ZEN-RAW-S09,SENSOR09,SENSOR09.CSV,row:13205,2024-09-10T08:20:15,LEG-03,REAL_PUBLIC_DATA,DERIVED
CP-DEMO-001,BATCH-DEMO-001,SHIP-DEMO-001,ZEN-RAW-S09:row:13206,ZEN-RAW-S09,SENSOR09,SENSOR09.CSV,row:13206,2024-09-10T08:20:20,LEG-03,REAL_PUBLIC_DATA,DERIVED
CP-DEMO-001,BATCH-DEMO-001,SHIP-DEMO-001,ZEN-RAW-S09:row:13207,ZEN-RAW-S09,SENSOR09,SENSOR09.CSV,row:13207,2024-09-10T08:20:25,LEG-03,REAL_PUBLIC_DATA,DERIVED
CP-DEMO-001,BATCH-DEMO-001,SHIP-DEMO-001,ZEN-RAW-S09:row:13208,ZEN-RAW-S09,SENSOR09,SENSOR09.CSV,row:13208,2024-09-10T08:20:30,LEG-03,REAL_PUBLIC_DATA,DERIVED
CP-DEMO-001,BATCH-DEMO-001,SHIP-DEMO-001,ZEN-RAW-S09:row:13209,ZEN-RAW-S09,SENSOR09,SENSOR09.CSV,row:13209,2024-09-10T08:20:35,LEG-03,REAL_PUBLIC_DATA,DERIVED
CP-DEMO-001,BATCH-DEMO-001,SHIP-DEMO-001,ZEN-RAW-S09:row:13210,ZEN-RAW-S09,SENSOR09,SENSOR09.CSV,row:13210,2024-09-10T08:20:40,LEG-03,REAL_PUBLIC_DATA,DERIVED
CP-DEMO-001,BATCH-DEMO-001,SHIP-DEMO-001,ZEN-RAW-S09:row:13211,ZEN-RAW-S09,SENSOR09,SENSOR09.CSV,row:13211,2024-09-10T08:20:45,LEG-03,REAL_PUBLIC_DATA,DERIVED
CP-DEMO-001,BATCH-DEMO-001,SHIP-DEMO-001,ZEN-RAW-S09:row:13212,ZEN-RAW-S09,SENSOR09,SENSOR09.CSV,row:13212,2024-09-10T08:20:50,LEG-03,REAL_PUBLIC_DATA,DERIVED
CP-DEMO-001,BATCH-DEMO-001,SHIP-DEMO-001,ZEN-RAW-S09:row:13213,ZEN-RAW-S09,SENSOR09,SENSOR09.CSV,row:13213,2024-09-10T08:20:55,LEG-03,REAL_PUBLIC_DATA,DERIVED
CP-DEMO-001,BATCH-DEMO-001,SHIP-DEMO-001,ZEN-RAW-S09:row:13214,ZEN-RAW-S09,SENSOR09,SENSOR09.CSV,row:13214,2024-09-10T08:21:00,LEG-03,REAL_PUBLIC_DATA,DERIVED
CP-DEMO-001,BATCH-DEMO-001,SHIP-DEMO-001,ZEN-RAW-S09:row:13215,ZEN-RAW-S09,SENSOR09,SENSOR09.CSV,row:13215,2024-09-10T08:21:05,LEG-03,REAL_PUBLIC_DATA,DERIVED
CP-DEMO-001,BATCH-DEMO-001,SHIP-DEMO-001,ZEN-RAW-S09:row:13216,ZEN-RAW-S09,SENSOR09,SENSOR09.CSV,row:13216,2024-09-10T08:21:10,LEG-03,REAL_PUBLIC_DATA,DERIVED
CP-DEMO-001,BATCH-DEMO-001,SHIP-DEMO-001,ZEN-RAW-S09:row:13217,ZEN-RAW-S09,SENSOR09,SENSOR09.CSV,row:13217,2024-09-10T08:21:15,LEG-03,REAL_PUBLIC_DATA,DERIVED
CP-DEMO-001,BATCH-DEMO-001,SHIP-DEMO-001,ZEN-RAW-S09:row:13218,ZEN-RAW-S09,SENSOR09,SENSOR09.CSV,row:13218,2024-09-10T08:21:20,LEG-03,REAL_PUBLIC_DATA,DERIVED
CP-DEMO-001,BATCH-DEMO-001,SHIP-DEMO-001,ZEN-RAW-S09:row:13219,ZEN-RAW-S09,SENSOR09,SENSOR09.CSV,row:13219,2024-09-10T08:21:25,LEG-03,REAL_PUBLIC_DATA,DERIVED
CP-DEMO-001,BATCH-DEMO-001,SHIP-DEMO-001,ZEN-RAW-S09:row:13220,ZEN-RAW-S09,SENSOR09,SENSOR09.CSV,row:13220,2024-09-10T08:21:30,LEG-03,REAL_PUBLIC_DATA,DERIVED
CP-DEMO-001,BATCH-DEMO-001,SHIP-DEMO-001,ZEN-RAW-S09:row:13221,ZEN-RAW-S09,SENSOR09,SENSOR09.CSV,row:13221,2024-09-10T08:21:35,LEG-03,REAL_PUBLIC_DATA,DERIVED
CP-DEMO-001,BATCH-DEMO-001,SHIP-DEMO-001,ZEN-RAW-S09:row:13222,ZEN-RAW-S09,SENSOR09,SENSOR09.CSV,row:13222,2024-09-10T08:21:40,LEG-03,REAL_PUBLIC_DATA,DERIVED
CP-DEMO-001,BATCH-DEMO-001,SHIP-DEMO-001,ZEN-RAW-S09:row:13223,ZEN-RAW-S09,SENSOR09,SENSOR09.CSV,row:13223,2024-09-10T08:21:45,LEG-03,REAL_PUBLIC_DATA,DERIVED
CP-DEMO-001,BATCH-DEMO-001,SHIP-DEMO-001,ZEN-RAW-S09:row:13224,ZEN-RAW-S09,SENSOR09,SENSOR09.CSV,row:13224,2024-09-10T08:21:50,LEG-03,REAL_PUBLIC_DATA,DERIVED
CP-DEMO-001,BATCH-DEMO-001,SHIP-DEMO-001,ZEN-RAW-S09:row:13225,ZEN-RAW-S09,SENSOR09,SENSOR09.CSV,row:13225,2024-09-10T08:21:55,LEG-03,REAL_PUBLIC_DATA,DERIVED
CP-DEMO-001,BATCH-DEMO-001,SHIP-DEMO-001,ZEN-RAW-S09:row:13226,ZEN-RAW-S09,SENSOR09,SENSOR09.CSV,row:13226,2024-09-10T08:22:00,LEG-03,REAL_PUBLIC_DATA,DERIVED
CP-DEMO-001,BATCH-DEMO-001,SHIP-DEMO-001,ZEN-RAW-S09:row:13227,ZEN-RAW-S09,SENSOR09,SENSOR09.CSV,row:13227,2024-09-10T08:22:05,LEG-03,REAL_PUBLIC_DATA,DERIVED
CP-DEMO-001,BATCH-DEMO-001,SHIP-DEMO-001,ZEN-RAW-S09:row:13228,ZEN-RAW-S09,SENSOR09,SENSOR09.CSV,row:13228,2024-09-10T08:22:10,LEG-03,REAL_PUBLIC_DATA,DERIVED
CP-DEMO-001,BATCH-DEMO-001,SHIP-DEMO-001,ZEN-RAW-S09:row:13229,ZEN-RAW-S09,SENSOR09,SENSOR09.CSV,row:13229,2024-09-10T08:22:15,LEG-03,REAL_PUBLIC_DATA,DERIVED
CP-DEMO-001,BATCH-DEMO-001,SHIP-DEMO-001,ZEN-RAW-S09:row:13230,ZEN-RAW-S09,SENSOR09,SENSOR09.CSV,row:13230,2024-09-10T08:22:20,LEG-03,REAL_PUBLIC_DATA,DERIVED
CP-DEMO-001,BATCH-DEMO-001,SHIP-DEMO-001,ZEN-RAW-S09:row:13231,ZEN-RAW-S09,SENSOR09,SENSOR09.CSV,row:13231,2024-09-10T08:22:25,LEG-03,REAL_PUBLIC_DATA,DERIVED
CP-DEMO-001,BATCH-DEMO-001,SHIP-DEMO-001,ZEN-RAW-S09:row:13232,ZEN-RAW-S09,SENSOR09,SENSOR09.CSV,row:13232,2024-09-10T08:22:30,LEG-03,REAL_PUBLIC_DATA,DERIVED
CP-DEMO-001,BATCH-DEMO-001,SHIP-DEMO-001,ZEN-RAW-S09:row:13233,ZEN-RAW-S09,SENSOR09,SENSOR09.CSV,row:13233,2024-09-10T08:22:35,LEG-03,REAL_PUBLIC_DATA,DERIVED
CP-DEMO-001,BATCH-DEMO-001,SHIP-DEMO-001,ZEN-RAW-S09:row:13234,ZEN-RAW-S09,SENSOR09,SENSOR09.CSV,row:13234,2024-09-10T08:22:40,LEG-03,REAL_PUBLIC_DATA,DERIVED
CP-DEMO-001,BATCH-DEMO-001,SHIP-DEMO-001,ZEN-RAW-S09:row:13235,ZEN-RAW-S09,SENSOR09,SENSOR09.CSV,row:13235,2024-09-10T08:22:45,LEG-03,REAL_PUBLIC_DATA,DERIVED
CP-DEMO-001,BATCH-DEMO-001,SHIP-DEMO-001,ZEN-RAW-S09:row:13236,ZEN-RAW-S09,SENSOR09,SENSOR09.CSV,row:13236,2024-09-10T08:22:50,LEG-03,REAL_PUBLIC_DATA,DERIVED
CP-DEMO-001,BATCH-DEMO-001,SHIP-DEMO-001,ZEN-RAW-S09:row:13237,ZEN-RAW-S09,SENSOR09,SENSOR09.CSV,row:13237,2024-09-10T08:22:55,LEG-03,REAL_PUBLIC_DATA,DERIVED
CP-DEMO-001,BATCH-DEMO-001,SHIP-DEMO-001,ZEN-RAW-S09:row:13238,ZEN-RAW-S09,SENSOR09,SENSOR09.CSV,row:13238,2024-09-10T08:23:00,LEG-03,REAL_PUBLIC_DATA,DERIVED
CP-DEMO-001,BATCH-DEMO-001,SHIP-DEMO-001,ZEN-RAW-S09:row:13239,ZEN-RAW-S09,SENSOR09,SENSOR09.CSV,row:13239,2024-09-10T08:23:05,LEG-03,REAL_PUBLIC_DATA,DERIVED
CP-DEMO-001,BATCH-DEMO-001,SHIP-DEMO-001,ZEN-RAW-S09:row:13240,ZEN-RAW-S09,SENSOR09,SENSOR09.CSV,row:13240,2024-09-10T08:23:10,LEG-03,REAL_PUBLIC_DATA,DERIVED
CP-DEMO-001,BATCH-DEMO-001,SHIP-DEMO-001,ZEN-RAW-S09:row:13241,ZEN-RAW-S09,SENSOR09,SENSOR09.CSV,row:13241,2024-09-10T08:23:15,LEG-03,REAL_PUBLIC_DATA,DERIVED
CP-DEMO-001,BATCH-DEMO-001,SHIP-DEMO-001,ZEN-RAW-S09:row:13242,ZEN-RAW-S09,SENSOR09,SENSOR09.CSV,row:13242,2024-09-10T08:23:20,LEG-03,REAL_PUBLIC_DATA,DERIVED
CP-DEMO-001,BATCH-DEMO-001,SHIP-DEMO-001,ZEN-RAW-S09:row:13243,ZEN-RAW-S09,SENSOR09,SENSOR09.CSV,row:13243,2024-09-10T08:23:25,LEG-03,REAL_PUBLIC_DATA,DERIVED
CP-DEMO-001,BATCH-DEMO-001,SHIP-DEMO-001,ZEN-RAW-S09:row:13244,ZEN-RAW-S09,SENSOR09,SENSOR09.CSV,row:13244,2024-09-10T08:23:30,LEG-03,REAL_PUBLIC_DATA,DERIVED
CP-DEMO-001,BATCH-DEMO-001,SHIP-DEMO-001,ZEN-RAW-S09:row:13245,ZEN-RAW-S09,SENSOR09,SENSOR09.CSV,row:13245,2024-09-10T08:23:35,LEG-03,REAL_PUBLIC_DATA,DERIVED
CP-DEMO-001,BATCH-DEMO-001,SHIP-DEMO-001,ZEN-RAW-S09:row:13246,ZEN-RAW-S09,SENSOR09,SENSOR09.CSV,row:13246,2024-09-10T08:23:40,LEG-03,REAL_PUBLIC_DATA,DERIVED
CP-DEMO-001,BATCH-DEMO-001,SHIP-DEMO-001,ZEN-RAW-S09:row:13247,ZEN-RAW-S09,SENSOR09,SENSOR09.CSV,row:13247,2024-09-10T08:23:45,LEG-03,REAL_PUBLIC_DATA,DERIVED
CP-DEMO-001,BATCH-DEMO-001,SHIP-DEMO-001,ZEN-RAW-S09:row:13248,ZEN-RAW-S09,SENSOR09,SENSOR09.CSV,row:13248,2024-09-10T08:23:50,LEG-03,REAL_PUBLIC_DATA,DERIVED
CP-DEMO-001,BATCH-DEMO-001,SHIP-DEMO-001,ZEN-RAW-S09:row:13249,ZEN-RAW-S09,SENSOR09,SENSOR09.CSV,row:13249,2024-09-10T08:23:55,LEG-03,REAL_PUBLIC_DATA,DERIVED
CP-DEMO-001,BATCH-DEMO-001,SHIP-DEMO-001,ZEN-RAW-S09:row:13250,ZEN-RAW-S09,SENSOR09,SENSOR09.CSV,row:13250,2024-09-10T08:24:00,LEG-03,REAL_PUBLIC_DATA,DERIVED
CP-DEMO-001,BATCH-DEMO-001,SHIP-DEMO-001,ZEN-RAW-S09:row:13251,ZEN-RAW-S09,SENSOR09,SENSOR09.CSV,row:13251,2024-09-10T08:24:05,LEG-03,REAL_PUBLIC_DATA,DERIVED
CP-DEMO-001,BATCH-DEMO-001,SHIP-DEMO-001,ZEN-RAW-S09:row:13252,ZEN-RAW-S09,SENSOR09,SENSOR09.CSV,row:13252,2024-09-10T08:24:10,LEG-03,REAL_PUBLIC_DATA,DERIVED
CP-DEMO-001,BATCH-DEMO-001,SHIP-DEMO-001,ZEN-RAW-S09:row:13253,ZEN-RAW-S09,SENSOR09,SENSOR09.CSV,row:13253,2024-09-10T08:24:15,LEG-03,REAL_PUBLIC_DATA,DERIVED
CP-DEMO-001,BATCH-DEMO-001,SHIP-DEMO-001,ZEN-RAW-S09:row:13254,ZEN-RAW-S09,SENSOR09,SENSOR09.CSV,row:13254,2024-09-10T08:24:20,LEG-03,REAL_PUBLIC_DATA,DERIVED
CP-DEMO-001,BATCH-DEMO-001,SHIP-DEMO-001,ZEN-RAW-S09:row:13255,ZEN-RAW-S09,SENSOR09,SENSOR09.CSV,row:13255,2024-09-10T08:24:25,LEG-03,REAL_PUBLIC_DATA,DERIVED
CP-DEMO-001,BATCH-DEMO-001,SHIP-DEMO-001,ZEN-RAW-S09:row:13256,ZEN-RAW-S09,SENSOR09,SENSOR09.CSV,row:13256,2024-09-10T08:24:30,LEG-03,REAL_PUBLIC_DATA,DERIVED
CP-DEMO-001,BATCH-DEMO-001,SHIP-DEMO-001,ZEN-RAW-S09:row:13257,ZEN-RAW-S09,SENSOR09,SENSOR09.CSV,row:13257,2024-09-10T08:24:35,LEG-03,REAL_PUBLIC_DATA,DERIVED
CP-DEMO-001,BATCH-DEMO-001,SHIP-DEMO-001,ZEN-RAW-S09:row:13258,ZEN-RAW-S09,SENSOR09,SENSOR09.CSV,row:13258,2024-09-10T08:24:40,LEG-03,REAL_PUBLIC_DATA,DERIVED
CP-DEMO-001,BATCH-DEMO-001,SHIP-DEMO-001,ZEN-RAW-S09:row:13259,ZEN-RAW-S09,SENSOR09,SENSOR09.CSV,row:13259,2024-09-10T08:24:45,LEG-03,REAL_PUBLIC_DATA,DERIVED
CP-DEMO-001,BATCH-DEMO-001,SHIP-DEMO-001,ZEN-RAW-S09:row:13260,ZEN-RAW-S09,SENSOR09,SENSOR09.CSV,row:13260,2024-09-10T08:24:50,LEG-03,REAL_PUBLIC_DATA,DERIVED
CP-DEMO-001,BATCH-DEMO-001,SHIP-DEMO-001,ZEN-RAW-S09:row:13261,ZEN-RAW-S09,SENSOR09,SENSOR09.CSV,row:13261,2024-09-10T08:24:55,LEG-03,REAL_PUBLIC_DATA,DERIVED
CP-DEMO-001,BATCH-DEMO-001,SHIP-DEMO-001,ZEN-RAW-S09:row:13262,ZEN-RAW-S09,SENSOR09,SENSOR09.CSV,row:13262,2024-09-10T08:25:00,LEG-03,REAL_PUBLIC_DATA,DERIVED
CP-DEMO-001,BATCH-DEMO-001,SHIP-DEMO-001,ZEN-RAW-S09:row:13263,ZEN-RAW-S09,SENSOR09,SENSOR09.CSV,row:13263,2024-09-10T08:25:05,LEG-03,REAL_PUBLIC_DATA,DERIVED
CP-DEMO-001,BATCH-DEMO-001,SHIP-DEMO-001,ZEN-RAW-S09:row:13264,ZEN-RAW-S09,SENSOR09,SENSOR09.CSV,row:13264,2024-09-10T08:25:10,LEG-03,REAL_PUBLIC_DATA,DERIVED
CP-DEMO-001,BATCH-DEMO-001,SHIP-DEMO-001,ZEN-RAW-S09:row:13265,ZEN-RAW-S09,SENSOR09,SENSOR09.CSV,row:13265,2024-09-10T08:25:15,LEG-03,REAL_PUBLIC_DATA,DERIVED
CP-DEMO-001,BATCH-DEMO-001,SHIP-DEMO-001,ZEN-RAW-S09:row:13266,ZEN-RAW-S09,SENSOR09,SENSOR09.CSV,row:13266,2024-09-10T08:25:20,LEG-03,REAL_PUBLIC_DATA,DERIVED
CP-DEMO-001,BATCH-DEMO-001,SHIP-DEMO-001,ZEN-RAW-S09:row:13267,ZEN-RAW-S09,SENSOR09,SENSOR09.CSV,row:13267,2024-09-10T08:25:25,LEG-03,REAL_PUBLIC_DATA,DERIVED
CP-DEMO-001,BATCH-DEMO-001,SHIP-DEMO-001,ZEN-RAW-S09:row:13268,ZEN-RAW-S09,SENSOR09,SENSOR09.CSV,row:13268,2024-09-10T08:25:30,LEG-03,REAL_PUBLIC_DATA,DERIVED
CP-DEMO-001,BATCH-DEMO-001,SHIP-DEMO-001,ZEN-RAW-S09:row:13269,ZEN-RAW-S09,SENSOR09,SENSOR09.CSV,row:13269,2024-09-10T08:25:35,LEG-03,REAL_PUBLIC_DATA,DERIVED
CP-DEMO-001,BATCH-DEMO-001,SHIP-DEMO-001,ZEN-RAW-S09:row:13270,ZEN-RAW-S09,SENSOR09,SENSOR09.CSV,row:13270,2024-09-10T08:25:40,LEG-03,REAL_PUBLIC_DATA,DERIVED
CP-DEMO-001,BATCH-DEMO-001,SHIP-DEMO-001,ZEN-RAW-S09:row:13271,ZEN-RAW-S09,SENSOR09,SENSOR09.CSV,row:13271,2024-09-10T08:25:45,LEG-03,REAL_PUBLIC_DATA,DERIVED
CP-DEMO-001,BATCH-DEMO-001,SHIP-DEMO-001,ZEN-RAW-S09:row:13272,ZEN-RAW-S09,SENSOR09,SENSOR09.CSV,row:13272,2024-09-10T08:25:50,LEG-03,REAL_PUBLIC_DATA,DERIVED
CP-DEMO-001,BATCH-DEMO-001,SHIP-DEMO-001,ZEN-RAW-S09:row:13273,ZEN-RAW-S09,SENSOR09,SENSOR09.CSV,row:13273,2024-09-10T08:25:55,LEG-03,REAL_PUBLIC_DATA,DERIVED
CP-DEMO-001,BATCH-DEMO-001,SHIP-DEMO-001,ZEN-RAW-S09:row:13274,ZEN-RAW-S09,SENSOR09,SENSOR09.CSV,row:13274,2024-09-10T08:26:00,LEG-03,REAL_PUBLIC_DATA,DERIVED
CP-DEMO-001,BATCH-DEMO-001,SHIP-DEMO-001,ZEN-RAW-S09:row:13275,ZEN-RAW-S09,SENSOR09,SENSOR09.CSV,row:13275,2024-09-10T08:26:05,LEG-03,REAL_PUBLIC_DATA,DERIVED
CP-DEMO-001,BATCH-DEMO-001,SHIP-DEMO-001,ZEN-RAW-S09:row:13276,ZEN-RAW-S09,SENSOR09,SENSOR09.CSV,row:13276,2024-09-10T08:26:10,LEG-03,REAL_PUBLIC_DATA,DERIVED
CP-DEMO-001,BATCH-DEMO-001,SHIP-DEMO-001,ZEN-RAW-S09:row:13277,ZEN-RAW-S09,SENSOR09,SENSOR09.CSV,row:13277,2024-09-10T08:26:15,LEG-03,REAL_PUBLIC_DATA,DERIVED
CP-DEMO-001,BATCH-DEMO-001,SHIP-DEMO-001,ZEN-RAW-S09:row:13278,ZEN-RAW-S09,SENSOR09,SENSOR09.CSV,row:13278,2024-09-10T08:26:20,LEG-03,REAL_PUBLIC_DATA,DERIVED
CP-DEMO-001,BATCH-DEMO-001,SHIP-DEMO-001,ZEN-RAW-S09:row:13279,ZEN-RAW-S09,SENSOR09,SENSOR09.CSV,row:13279,2024-09-10T08:26:25,LEG-03,REAL_PUBLIC_DATA,DERIVED
CP-DEMO-001,BATCH-DEMO-001,SHIP-DEMO-001,ZEN-RAW-S09:row:13280,ZEN-RAW-S09,SENSOR09,SENSOR09.CSV,row:13280,2024-09-10T08:26:30,LEG-03,REAL_PUBLIC_DATA,DERIVED
CP-DEMO-001,BATCH-DEMO-001,SHIP-DEMO-001,ZEN-RAW-S09:row:13281,ZEN-RAW-S09,SENSOR09,SENSOR09.CSV,row:13281,2024-09-10T08:26:35,LEG-03,REAL_PUBLIC_DATA,DERIVED
CP-DEMO-001,BATCH-DEMO-001,SHIP-DEMO-001,ZEN-RAW-S09:row:13282,ZEN-RAW-S09,SENSOR09,SENSOR09.CSV,row:13282,2024-09-10T08:26:40,LEG-03,REAL_PUBLIC_DATA,DERIVED
CP-DEMO-001,BATCH-DEMO-001,SHIP-DEMO-001,ZEN-RAW-S09:row:13283,ZEN-RAW-S09,SENSOR09,SENSOR09.CSV,row:13283,2024-09-10T08:26:45,LEG-03,REAL_PUBLIC_DATA,DERIVED
CP-DEMO-001,BATCH-DEMO-001,SHIP-DEMO-001,ZEN-RAW-S09:row:13284,ZEN-RAW-S09,SENSOR09,SENSOR09.CSV,row:13284,2024-09-10T08:26:50,LEG-03,REAL_PUBLIC_DATA,DERIVED
CP-DEMO-001,BATCH-DEMO-001,SHIP-DEMO-001,ZEN-RAW-S09:row:13285,ZEN-RAW-S09,SENSOR09,SENSOR09.CSV,row:13285,2024-09-10T08:26:55,LEG-03,REAL_PUBLIC_DATA,DERIVED
CP-DEMO-001,BATCH-DEMO-001,SHIP-DEMO-001,ZEN-RAW-S09:row:13286,ZEN-RAW-S09,SENSOR09,SENSOR09.CSV,row:13286,2024-09-10T08:27:00,LEG-03,REAL_PUBLIC_DATA,DERIVED
CP-DEMO-001,BATCH-DEMO-001,SHIP-DEMO-001,ZEN-RAW-S09:row:13287,ZEN-RAW-S09,SENSOR09,SENSOR09.CSV,row:13287,2024-09-10T08:27:05,LEG-03,REAL_PUBLIC_DATA,DERIVED
CP-DEMO-001,BATCH-DEMO-001,SHIP-DEMO-001,ZEN-RAW-S09:row:13288,ZEN-RAW-S09,SENSOR09,SENSOR09.CSV,row:13288,2024-09-10T08:27:10,LEG-03,REAL_PUBLIC_DATA,DERIVED
CP-DEMO-001,BATCH-DEMO-001,SHIP-DEMO-001,ZEN-RAW-S09:row:13289,ZEN-RAW-S09,SENSOR09,SENSOR09.CSV,row:13289,2024-09-10T08:27:15,LEG-03,REAL_PUBLIC_DATA,DERIVED
CP-DEMO-001,BATCH-DEMO-001,SHIP-DEMO-001,ZEN-RAW-S09:row:13290,ZEN-RAW-S09,SENSOR09,SENSOR09.CSV,row:13290,2024-09-10T08:27:20,LEG-03,REAL_PUBLIC_DATA,DERIVED
CP-DEMO-001,BATCH-DEMO-001,SHIP-DEMO-001,ZEN-RAW-S09:row:13291,ZEN-RAW-S09,SENSOR09,SENSOR09.CSV,row:13291,2024-09-10T08:27:25,LEG-03,REAL_PUBLIC_DATA,DERIVED
CP-DEMO-001,BATCH-DEMO-001,SHIP-DEMO-001,ZEN-RAW-S09:row:13292,ZEN-RAW-S09,SENSOR09,SENSOR09.CSV,row:13292,2024-09-10T08:27:30,LEG-03,REAL_PUBLIC_DATA,DERIVED
CP-DEMO-001,BATCH-DEMO-001,SHIP-DEMO-001,ZEN-RAW-S09:row:13293,ZEN-RAW-S09,SENSOR09,SENSOR09.CSV,row:13293,2024-09-10T08:27:35,LEG-03,REAL_PUBLIC_DATA,DERIVED
CP-DEMO-001,BATCH-DEMO-001,SHIP-DEMO-001,ZEN-RAW-S09:row:13294,ZEN-RAW-S09,SENSOR09,SENSOR09.CSV,row:13294,2024-09-10T08:27:40,LEG-03,REAL_PUBLIC_DATA,DERIVED
CP-DEMO-001,BATCH-DEMO-001,SHIP-DEMO-001,ZEN-RAW-S09:row:13295,ZEN-RAW-S09,SENSOR09,SENSOR09.CSV,row:13295,2024-09-10T08:27:45,LEG-03,REAL_PUBLIC_DATA,DERIVED
CP-DEMO-001,BATCH-DEMO-001,SHIP-DEMO-001,ZEN-RAW-S09:row:13296,ZEN-RAW-S09,SENSOR09,SENSOR09.CSV,row:13296,2024-09-10T08:27:50,LEG-03,REAL_PUBLIC_DATA,DERIVED
CP-DEMO-001,BATCH-DEMO-001,SHIP-DEMO-001,ZEN-RAW-S09:row:13297,ZEN-RAW-S09,SENSOR09,SENSOR09.CSV,row:13297,2024-09-10T08:27:55,LEG-03,REAL_PUBLIC_DATA,DERIVED
CP-DEMO-001,BATCH-DEMO-001,SHIP-DEMO-001,ZEN-RAW-S09:row:13298,ZEN-RAW-S09,SENSOR09,SENSOR09.CSV,row:13298,2024-09-10T08:28:00,LEG-03,REAL_PUBLIC_DATA,DERIVED
CP-DEMO-001,BATCH-DEMO-001,SHIP-DEMO-001,ZEN-RAW-S09:row:13299,ZEN-RAW-S09,SENSOR09,SENSOR09.CSV,row:13299,2024-09-10T08:28:05,LEG-03,REAL_PUBLIC_DATA,DERIVED
CP-DEMO-001,BATCH-DEMO-001,SHIP-DEMO-001,ZEN-RAW-S09:row:13300,ZEN-RAW-S09,SENSOR09,SENSOR09.CSV,row:13300,2024-09-10T08:28:10,LEG-03,REAL_PUBLIC_DATA,DERIVED
CP-DEMO-001,BATCH-DEMO-001,SHIP-DEMO-001,ZEN-RAW-S09:row:13301,ZEN-RAW-S09,SENSOR09,SENSOR09.CSV,row:13301,2024-09-10T08:28:15,LEG-03,REAL_PUBLIC_DATA,DERIVED
CP-DEMO-001,BATCH-DEMO-001,SHIP-DEMO-001,ZEN-RAW-S09:row:13302,ZEN-RAW-S09,SENSOR09,SENSOR09.CSV,row:13302,2024-09-10T08:28:20,LEG-03,REAL_PUBLIC_DATA,DERIVED
CP-DEMO-001,BATCH-DEMO-001,SHIP-DEMO-001,ZEN-RAW-S09:row:13303,ZEN-RAW-S09,SENSOR09,SENSOR09.CSV,row:13303,2024-09-10T08:28:25,LEG-03,REAL_PUBLIC_DATA,DERIVED
CP-DEMO-001,BATCH-DEMO-001,SHIP-DEMO-001,ZEN-RAW-S09:row:13304,ZEN-RAW-S09,SENSOR09,SENSOR09.CSV,row:13304,2024-09-10T08:28:30,LEG-03,REAL_PUBLIC_DATA,DERIVED
CP-DEMO-001,BATCH-DEMO-001,SHIP-DEMO-001,ZEN-RAW-S09:row:13305,ZEN-RAW-S09,SENSOR09,SENSOR09.CSV,row:13305,2024-09-10T08:28:35,LEG-03,REAL_PUBLIC_DATA,DERIVED
CP-DEMO-001,BATCH-DEMO-001,SHIP-DEMO-001,ZEN-RAW-S09:row:13306,ZEN-RAW-S09,SENSOR09,SENSOR09.CSV,row:13306,2024-09-10T08:28:40,LEG-03,REAL_PUBLIC_DATA,DERIVED
CP-DEMO-001,BATCH-DEMO-001,SHIP-DEMO-001,ZEN-RAW-S09:row:13307,ZEN-RAW-S09,SENSOR09,SENSOR09.CSV,row:13307,2024-09-10T08:28:45,LEG-03,REAL_PUBLIC_DATA,DERIVED
CP-DEMO-001,BATCH-DEMO-001,SHIP-DEMO-001,ZEN-RAW-S09:row:13308,ZEN-RAW-S09,SENSOR09,SENSOR09.CSV,row:13308,2024-09-10T08:28:50,LEG-03,REAL_PUBLIC_DATA,DERIVED
CP-DEMO-001,BATCH-DEMO-001,SHIP-DEMO-001,ZEN-RAW-S09:row:13309,ZEN-RAW-S09,SENSOR09,SENSOR09.CSV,row:13309,2024-09-10T08:28:55,LEG-03,REAL_PUBLIC_DATA,DERIVED
CP-DEMO-001,BATCH-DEMO-001,SHIP-DEMO-001,ZEN-RAW-S09:row:13310,ZEN-RAW-S09,SENSOR09,SENSOR09.CSV,row:13310,2024-09-10T08:29:00,LEG-03,REAL_PUBLIC_DATA,DERIVED
CP-DEMO-001,BATCH-DEMO-001,SHIP-DEMO-001,ZEN-RAW-S09:row:13311,ZEN-RAW-S09,SENSOR09,SENSOR09.CSV,row:13311,2024-09-10T08:29:05,LEG-03,REAL_PUBLIC_DATA,DERIVED
CP-DEMO-001,BATCH-DEMO-001,SHIP-DEMO-001,ZEN-RAW-S09:row:13312,ZEN-RAW-S09,SENSOR09,SENSOR09.CSV,row:13312,2024-09-10T08:29:10,LEG-03,REAL_PUBLIC_DATA,DERIVED
CP-DEMO-001,BATCH-DEMO-001,SHIP-DEMO-001,ZEN-RAW-S09:row:13313,ZEN-RAW-S09,SENSOR09,SENSOR09.CSV,row:13313,2024-09-10T08:29:15,LEG-03,REAL_PUBLIC_DATA,DERIVED
CP-DEMO-001,BATCH-DEMO-001,SHIP-DEMO-001,ZEN-RAW-S09:row:13314,ZEN-RAW-S09,SENSOR09,SENSOR09.CSV,row:13314,2024-09-10T08:29:20,LEG-03,REAL_PUBLIC_DATA,DERIVED
CP-DEMO-001,BATCH-DEMO-001,SHIP-DEMO-001,ZEN-RAW-S09:row:13315,ZEN-RAW-S09,SENSOR09,SENSOR09.CSV,row:13315,2024-09-10T08:29:25,LEG-03,REAL_PUBLIC_DATA,DERIVED
CP-DEMO-001,BATCH-DEMO-001,SHIP-DEMO-001,ZEN-RAW-S09:row:13316,ZEN-RAW-S09,SENSOR09,SENSOR09.CSV,row:13316,2024-09-10T08:29:30,LEG-03,REAL_PUBLIC_DATA,DERIVED
CP-DEMO-001,BATCH-DEMO-001,SHIP-DEMO-001,ZEN-RAW-S09:row:13317,ZEN-RAW-S09,SENSOR09,SENSOR09.CSV,row:13317,2024-09-10T08:29:35,LEG-03,REAL_PUBLIC_DATA,DERIVED
CP-DEMO-001,BATCH-DEMO-001,SHIP-DEMO-001,ZEN-RAW-S09:row:13318,ZEN-RAW-S09,SENSOR09,SENSOR09.CSV,row:13318,2024-09-10T08:29:40,LEG-03,REAL_PUBLIC_DATA,DERIVED
CP-DEMO-001,BATCH-DEMO-001,SHIP-DEMO-001,ZEN-RAW-S09:row:13319,ZEN-RAW-S09,SENSOR09,SENSOR09.CSV,row:13319,2024-09-10T08:29:45,LEG-03,REAL_PUBLIC_DATA,DERIVED
CP-DEMO-001,BATCH-DEMO-001,SHIP-DEMO-001,ZEN-RAW-S09:row:13320,ZEN-RAW-S09,SENSOR09,SENSOR09.CSV,row:13320,2024-09-10T08:29:50,LEG-03,REAL_PUBLIC_DATA,DERIVED
CP-DEMO-001,BATCH-DEMO-001,SHIP-DEMO-001,ZEN-RAW-S09:row:13321,ZEN-RAW-S09,SENSOR09,SENSOR09.CSV,row:13321,2024-09-10T08:29:55,LEG-03,REAL_PUBLIC_DATA,DERIVED
CP-DEMO-001,BATCH-DEMO-001,SHIP-DEMO-001,ZEN-RAW-S09:row:13322,ZEN-RAW-S09,SENSOR09,SENSOR09.CSV,row:13322,2024-09-10T08:30:00,LEG-03,REAL_PUBLIC_DATA,DERIVED
CP-DEMO-001,BATCH-DEMO-001,SHIP-DEMO-001,ZEN-RAW-S09:row:13323,ZEN-RAW-S09,SENSOR09,SENSOR09.CSV,row:13323,2024-09-10T08:30:05,LEG-03,REAL_PUBLIC_DATA,DERIVED
CP-DEMO-001,BATCH-DEMO-001,SHIP-DEMO-001,ZEN-RAW-S09:row:13324,ZEN-RAW-S09,SENSOR09,SENSOR09.CSV,row:13324,2024-09-10T08:30:10,LEG-03,REAL_PUBLIC_DATA,DERIVED
CP-DEMO-001,BATCH-DEMO-001,SHIP-DEMO-001,ZEN-RAW-S09:row:13325,ZEN-RAW-S09,SENSOR09,SENSOR09.CSV,row:13325,2024-09-10T08:30:15,LEG-03,REAL_PUBLIC_DATA,DERIVED
CP-DEMO-001,BATCH-DEMO-001,SHIP-DEMO-001,ZEN-RAW-S09:row:13326,ZEN-RAW-S09,SENSOR09,SENSOR09.CSV,row:13326,2024-09-10T08:30:20,LEG-03,REAL_PUBLIC_DATA,DERIVED
CP-DEMO-001,BATCH-DEMO-001,SHIP-DEMO-001,ZEN-RAW-S09:row:13327,ZEN-RAW-S09,SENSOR09,SENSOR09.CSV,row:13327,2024-09-10T08:30:25,LEG-03,REAL_PUBLIC_DATA,DERIVED
CP-DEMO-001,BATCH-DEMO-001,SHIP-DEMO-001,ZEN-RAW-S09:row:13328,ZEN-RAW-S09,SENSOR09,SENSOR09.CSV,row:13328,2024-09-10T08:30:30,LEG-03,REAL_PUBLIC_DATA,DERIVED
CP-DEMO-001,BATCH-DEMO-001,SHIP-DEMO-001,ZEN-RAW-S09:row:13329,ZEN-RAW-S09,SENSOR09,SENSOR09.CSV,row:13329,2024-09-10T08:30:35,LEG-03,REAL_PUBLIC_DATA,DERIVED
CP-DEMO-001,BATCH-DEMO-001,SHIP-DEMO-001,ZEN-RAW-S09:row:13330,ZEN-RAW-S09,SENSOR09,SENSOR09.CSV,row:13330,2024-09-10T08:30:40,LEG-03,REAL_PUBLIC_DATA,DERIVED
CP-DEMO-001,BATCH-DEMO-001,SHIP-DEMO-001,ZEN-RAW-S09:row:13331,ZEN-RAW-S09,SENSOR09,SENSOR09.CSV,row:13331,2024-09-10T08:30:45,LEG-03,REAL_PUBLIC_DATA,DERIVED
CP-DEMO-001,BATCH-DEMO-001,SHIP-DEMO-001,ZEN-RAW-S09:row:13332,ZEN-RAW-S09,SENSOR09,SENSOR09.CSV,row:13332,2024-09-10T08:30:50,LEG-03,REAL_PUBLIC_DATA,DERIVED
CP-DEMO-001,BATCH-DEMO-001,SHIP-DEMO-001,ZEN-RAW-S09:row:13333,ZEN-RAW-S09,SENSOR09,SENSOR09.CSV,row:13333,2024-09-10T08:30:55,LEG-03,REAL_PUBLIC_DATA,DERIVED
CP-DEMO-001,BATCH-DEMO-001,SHIP-DEMO-001,ZEN-RAW-S09:row:13334,ZEN-RAW-S09,SENSOR09,SENSOR09.CSV,row:13334,2024-09-10T08:31:00,LEG-03,REAL_PUBLIC_DATA,DERIVED
CP-DEMO-001,BATCH-DEMO-001,SHIP-DEMO-001,ZEN-RAW-S09:row:13335,ZEN-RAW-S09,SENSOR09,SENSOR09.CSV,row:13335,2024-09-10T08:31:05,LEG-03,REAL_PUBLIC_DATA,DERIVED
CP-DEMO-001,BATCH-DEMO-001,SHIP-DEMO-001,ZEN-RAW-S09:row:13336,ZEN-RAW-S09,SENSOR09,SENSOR09.CSV,row:13336,2024-09-10T08:31:10,LEG-03,REAL_PUBLIC_DATA,DERIVED
CP-DEMO-001,BATCH-DEMO-001,SHIP-DEMO-001,ZEN-RAW-S09:row:13337,ZEN-RAW-S09,SENSOR09,SENSOR09.CSV,row:13337,2024-09-10T08:31:15,LEG-03,REAL_PUBLIC_DATA,DERIVED
CP-DEMO-001,BATCH-DEMO-001,SHIP-DEMO-001,ZEN-RAW-S09:row:13338,ZEN-RAW-S09,SENSOR09,SENSOR09.CSV,row:13338,2024-09-10T08:31:20,LEG-03,REAL_PUBLIC_DATA,DERIVED
CP-DEMO-001,BATCH-DEMO-001,SHIP-DEMO-001,ZEN-RAW-S09:row:13339,ZEN-RAW-S09,SENSOR09,SENSOR09.CSV,row:13339,2024-09-10T08:31:25,LEG-03,REAL_PUBLIC_DATA,DERIVED
CP-DEMO-001,BATCH-DEMO-001,SHIP-DEMO-001,ZEN-RAW-S09:row:13340,ZEN-RAW-S09,SENSOR09,SENSOR09.CSV,row:13340,2024-09-10T08:31:30,LEG-03,REAL_PUBLIC_DATA,DERIVED
CP-DEMO-001,BATCH-DEMO-001,SHIP-DEMO-001,ZEN-RAW-S09:row:13341,ZEN-RAW-S09,SENSOR09,SENSOR09.CSV,row:13341,2024-09-10T08:31:35,LEG-03,REAL_PUBLIC_DATA,DERIVED
CP-DEMO-001,BATCH-DEMO-001,SHIP-DEMO-001,ZEN-RAW-S09:row:13342,ZEN-RAW-S09,SENSOR09,SENSOR09.CSV,row:13342,2024-09-10T08:31:40,LEG-03,REAL_PUBLIC_DATA,DERIVED
CP-DEMO-001,BATCH-DEMO-001,SHIP-DEMO-001,ZEN-RAW-S09:row:13343,ZEN-RAW-S09,SENSOR09,SENSOR09.CSV,row:13343,2024-09-10T08:31:45,LEG-03,REAL_PUBLIC_DATA,DERIVED
CP-DEMO-001,BATCH-DEMO-001,SHIP-DEMO-001,ZEN-RAW-S09:row:13344,ZEN-RAW-S09,SENSOR09,SENSOR09.CSV,row:13344,2024-09-10T08:31:50,LEG-03,REAL_PUBLIC_DATA,DERIVED
CP-DEMO-001,BATCH-DEMO-001,SHIP-DEMO-001,ZEN-RAW-S09:row:13345,ZEN-RAW-S09,SENSOR09,SENSOR09.CSV,row:13345,2024-09-10T08:31:55,LEG-03,REAL_PUBLIC_DATA,DERIVED
CP-DEMO-001,BATCH-DEMO-001,SHIP-DEMO-001,ZEN-RAW-S09:row:13346,ZEN-RAW-S09,SENSOR09,SENSOR09.CSV,row:13346,2024-09-10T08:32:00,LEG-03,REAL_PUBLIC_DATA,DERIVED
CP-DEMO-001,BATCH-DEMO-001,SHIP-DEMO-001,ZEN-RAW-S09:row:13347,ZEN-RAW-S09,SENSOR09,SENSOR09.CSV,row:13347,2024-09-10T08:32:05,LEG-03,REAL_PUBLIC_DATA,DERIVED
CP-DEMO-001,BATCH-DEMO-001,SHIP-DEMO-001,ZEN-RAW-S09:row:13348,ZEN-RAW-S09,SENSOR09,SENSOR09.CSV,row:13348,2024-09-10T08:32:10,LEG-03,REAL_PUBLIC_DATA,DERIVED
CP-DEMO-001,BATCH-DEMO-001,SHIP-DEMO-001,ZEN-RAW-S09:row:13349,ZEN-RAW-S09,SENSOR09,SENSOR09.CSV,row:13349,2024-09-10T08:32:15,LEG-03,REAL_PUBLIC_DATA,DERIVED
CP-DEMO-001,BATCH-DEMO-001,SHIP-DEMO-001,ZEN-RAW-S09:row:13350,ZEN-RAW-S09,SENSOR09,SENSOR09.CSV,row:13350,2024-09-10T08:32:20,LEG-03,REAL_PUBLIC_DATA,DERIVED
CP-DEMO-001,BATCH-DEMO-001,SHIP-DEMO-001,ZEN-RAW-S09:row:13351,ZEN-RAW-S09,SENSOR09,SENSOR09.CSV,row:13351,2024-09-10T08:32:25,LEG-03,REAL_PUBLIC_DATA,DERIVED
CP-DEMO-001,BATCH-DEMO-001,SHIP-DEMO-001,ZEN-RAW-S09:row:13352,ZEN-RAW-S09,SENSOR09,SENSOR09.CSV,row:13352,2024-09-10T08:32:30,LEG-03,REAL_PUBLIC_DATA,DERIVED
CP-DEMO-001,BATCH-DEMO-001,SHIP-DEMO-001,ZEN-RAW-S09:row:13353,ZEN-RAW-S09,SENSOR09,SENSOR09.CSV,row:13353,2024-09-10T08:32:35,LEG-03,REAL_PUBLIC_DATA,DERIVED
CP-DEMO-001,BATCH-DEMO-001,SHIP-DEMO-001,ZEN-RAW-S09:row:13354,ZEN-RAW-S09,SENSOR09,SENSOR09.CSV,row:13354,2024-09-10T08:32:40,LEG-03,REAL_PUBLIC_DATA,DERIVED
CP-DEMO-001,BATCH-DEMO-001,SHIP-DEMO-001,ZEN-RAW-S09:row:13355,ZEN-RAW-S09,SENSOR09,SENSOR09.CSV,row:13355,2024-09-10T08:32:45,LEG-03,REAL_PUBLIC_DATA,DERIVED
CP-DEMO-001,BATCH-DEMO-001,SHIP-DEMO-001,ZEN-RAW-S09:row:13356,ZEN-RAW-S09,SENSOR09,SENSOR09.CSV,row:13356,2024-09-10T08:32:50,LEG-03,REAL_PUBLIC_DATA,DERIVED
CP-DEMO-001,BATCH-DEMO-001,SHIP-DEMO-001,ZEN-RAW-S09:row:13357,ZEN-RAW-S09,SENSOR09,SENSOR09.CSV,row:13357,2024-09-10T08:32:55,LEG-03,REAL_PUBLIC_DATA,DERIVED
CP-DEMO-001,BATCH-DEMO-001,SHIP-DEMO-001,ZEN-RAW-S09:row:13358,ZEN-RAW-S09,SENSOR09,SENSOR09.CSV,row:13358,2024-09-10T08:33:00,LEG-03,REAL_PUBLIC_DATA,DERIVED
CP-DEMO-001,BATCH-DEMO-001,SHIP-DEMO-001,ZEN-RAW-S09:row:13359,ZEN-RAW-S09,SENSOR09,SENSOR09.CSV,row:13359,2024-09-10T08:33:05,LEG-03,REAL_PUBLIC_DATA,DERIVED
CP-DEMO-001,BATCH-DEMO-001,SHIP-DEMO-001,ZEN-RAW-S09:row:13360,ZEN-RAW-S09,SENSOR09,SENSOR09.CSV,row:13360,2024-09-10T08:33:10,LEG-03,REAL_PUBLIC_DATA,DERIVED
CP-DEMO-001,BATCH-DEMO-001,SHIP-DEMO-001,ZEN-RAW-S09:row:13361,ZEN-RAW-S09,SENSOR09,SENSOR09.CSV,row:13361,2024-09-10T08:33:15,LEG-03,REAL_PUBLIC_DATA,DERIVED
CP-DEMO-001,BATCH-DEMO-001,SHIP-DEMO-001,ZEN-RAW-S09:row:13362,ZEN-RAW-S09,SENSOR09,SENSOR09.CSV,row:13362,2024-09-10T08:33:20,LEG-03,REAL_PUBLIC_DATA,DERIVED
CP-DEMO-001,BATCH-DEMO-001,SHIP-DEMO-001,ZEN-RAW-S09:row:13363,ZEN-RAW-S09,SENSOR09,SENSOR09.CSV,row:13363,2024-09-10T08:33:25,LEG-03,REAL_PUBLIC_DATA,DERIVED
CP-DEMO-001,BATCH-DEMO-001,SHIP-DEMO-001,ZEN-RAW-S09:row:13364,ZEN-RAW-S09,SENSOR09,SENSOR09.CSV,row:13364,2024-09-10T08:33:30,LEG-03,REAL_PUBLIC_DATA,DERIVED
CP-DEMO-001,BATCH-DEMO-001,SHIP-DEMO-001,ZEN-RAW-S09:row:13365,ZEN-RAW-S09,SENSOR09,SENSOR09.CSV,row:13365,2024-09-10T08:33:35,LEG-03,REAL_PUBLIC_DATA,DERIVED
CP-DEMO-001,BATCH-DEMO-001,SHIP-DEMO-001,ZEN-RAW-S09:row:13366,ZEN-RAW-S09,SENSOR09,SENSOR09.CSV,row:13366,2024-09-10T08:33:40,LEG-03,REAL_PUBLIC_DATA,DERIVED
CP-DEMO-001,BATCH-DEMO-001,SHIP-DEMO-001,ZEN-RAW-S09:row:13367,ZEN-RAW-S09,SENSOR09,SENSOR09.CSV,row:13367,2024-09-10T08:33:45,LEG-03,REAL_PUBLIC_DATA,DERIVED
CP-DEMO-001,BATCH-DEMO-001,SHIP-DEMO-001,ZEN-RAW-S09:row:13368,ZEN-RAW-S09,SENSOR09,SENSOR09.CSV,row:13368,2024-09-10T08:33:50,LEG-03,REAL_PUBLIC_DATA,DERIVED
CP-DEMO-001,BATCH-DEMO-001,SHIP-DEMO-001,ZEN-RAW-S09:row:13369,ZEN-RAW-S09,SENSOR09,SENSOR09.CSV,row:13369,2024-09-10T08:33:55,LEG-03,REAL_PUBLIC_DATA,DERIVED
CP-DEMO-001,BATCH-DEMO-001,SHIP-DEMO-001,ZEN-RAW-S09:row:13370,ZEN-RAW-S09,SENSOR09,SENSOR09.CSV,row:13370,2024-09-10T08:34:00,LEG-03,REAL_PUBLIC_DATA,DERIVED
CP-DEMO-001,BATCH-DEMO-001,SHIP-DEMO-001,ZEN-RAW-S09:row:13371,ZEN-RAW-S09,SENSOR09,SENSOR09.CSV,row:13371,2024-09-10T08:34:05,LEG-03,REAL_PUBLIC_DATA,DERIVED
CP-DEMO-001,BATCH-DEMO-001,SHIP-DEMO-001,ZEN-RAW-S09:row:13372,ZEN-RAW-S09,SENSOR09,SENSOR09.CSV,row:13372,2024-09-10T08:34:10,LEG-03,REAL_PUBLIC_DATA,DERIVED
CP-DEMO-001,BATCH-DEMO-001,SHIP-DEMO-001,ZEN-RAW-S09:row:13373,ZEN-RAW-S09,SENSOR09,SENSOR09.CSV,row:13373,2024-09-10T08:34:15,LEG-03,REAL_PUBLIC_DATA,DERIVED
CP-DEMO-001,BATCH-DEMO-001,SHIP-DEMO-001,ZEN-RAW-S09:row:13374,ZEN-RAW-S09,SENSOR09,SENSOR09.CSV,row:13374,2024-09-10T08:34:20,LEG-03,REAL_PUBLIC_DATA,DERIVED
CP-DEMO-001,BATCH-DEMO-001,SHIP-DEMO-001,ZEN-RAW-S09:row:13375,ZEN-RAW-S09,SENSOR09,SENSOR09.CSV,row:13375,2024-09-10T08:34:25,LEG-03,REAL_PUBLIC_DATA,DERIVED
CP-DEMO-001,BATCH-DEMO-001,SHIP-DEMO-001,ZEN-RAW-S09:row:13376,ZEN-RAW-S09,SENSOR09,SENSOR09.CSV,row:13376,2024-09-10T08:34:30,LEG-03,REAL_PUBLIC_DATA,DERIVED
CP-DEMO-001,BATCH-DEMO-001,SHIP-DEMO-001,ZEN-RAW-S09:row:13377,ZEN-RAW-S09,SENSOR09,SENSOR09.CSV,row:13377,2024-09-10T08:34:35,LEG-03,REAL_PUBLIC_DATA,DERIVED
CP-DEMO-001,BATCH-DEMO-001,SHIP-DEMO-001,ZEN-RAW-S09:row:13378,ZEN-RAW-S09,SENSOR09,SENSOR09.CSV,row:13378,2024-09-10T08:34:40,LEG-03,REAL_PUBLIC_DATA,DERIVED
CP-DEMO-001,BATCH-DEMO-001,SHIP-DEMO-001,ZEN-RAW-S09:row:13379,ZEN-RAW-S09,SENSOR09,SENSOR09.CSV,row:13379,2024-09-10T08:34:45,LEG-03,REAL_PUBLIC_DATA,DERIVED
CP-DEMO-001,BATCH-DEMO-001,SHIP-DEMO-001,ZEN-RAW-S09:row:13380,ZEN-RAW-S09,SENSOR09,SENSOR09.CSV,row:13380,2024-09-10T08:34:50,LEG-03,REAL_PUBLIC_DATA,DERIVED
CP-DEMO-001,BATCH-DEMO-001,SHIP-DEMO-001,ZEN-RAW-S09:row:13381,ZEN-RAW-S09,SENSOR09,SENSOR09.CSV,row:13381,2024-09-10T08:34:55,LEG-03,REAL_PUBLIC_DATA,DERIVED
CP-DEMO-001,BATCH-DEMO-001,SHIP-DEMO-001,ZEN-RAW-S09:row:13382,ZEN-RAW-S09,SENSOR09,SENSOR09.CSV,row:13382,2024-09-10T08:35:00,LEG-03,REAL_PUBLIC_DATA,DERIVED
CP-DEMO-001,BATCH-DEMO-001,SHIP-DEMO-001,ZEN-RAW-S09:row:13383,ZEN-RAW-S09,SENSOR09,SENSOR09.CSV,row:13383,2024-09-10T08:35:05,LEG-03,REAL_PUBLIC_DATA,DERIVED
CP-DEMO-001,BATCH-DEMO-001,SHIP-DEMO-001,ZEN-RAW-S09:row:13384,ZEN-RAW-S09,SENSOR09,SENSOR09.CSV,row:13384,2024-09-10T08:35:10,LEG-03,REAL_PUBLIC_DATA,DERIVED
CP-DEMO-001,BATCH-DEMO-001,SHIP-DEMO-001,ZEN-RAW-S09:row:13385,ZEN-RAW-S09,SENSOR09,SENSOR09.CSV,row:13385,2024-09-10T08:35:15,LEG-03,REAL_PUBLIC_DATA,DERIVED
CP-DEMO-001,BATCH-DEMO-001,SHIP-DEMO-001,ZEN-RAW-S09:row:13386,ZEN-RAW-S09,SENSOR09,SENSOR09.CSV,row:13386,2024-09-10T08:35:20,LEG-03,REAL_PUBLIC_DATA,DERIVED
CP-DEMO-001,BATCH-DEMO-001,SHIP-DEMO-001,ZEN-RAW-S09:row:13387,ZEN-RAW-S09,SENSOR09,SENSOR09.CSV,row:13387,2024-09-10T08:35:25,LEG-03,REAL_PUBLIC_DATA,DERIVED
CP-DEMO-001,BATCH-DEMO-001,SHIP-DEMO-001,ZEN-RAW-S09:row:13388,ZEN-RAW-S09,SENSOR09,SENSOR09.CSV,row:13388,2024-09-10T08:35:30,LEG-03,REAL_PUBLIC_DATA,DERIVED
CP-DEMO-001,BATCH-DEMO-001,SHIP-DEMO-001,ZEN-RAW-S09:row:13389,ZEN-RAW-S09,SENSOR09,SENSOR09.CSV,row:13389,2024-09-10T08:35:35,LEG-03,REAL_PUBLIC_DATA,DERIVED
CP-DEMO-001,BATCH-DEMO-001,SHIP-DEMO-001,ZEN-RAW-S09:row:13390,ZEN-RAW-S09,SENSOR09,SENSOR09.CSV,row:13390,2024-09-10T08:35:40,LEG-03,REAL_PUBLIC_DATA,DERIVED
CP-DEMO-001,BATCH-DEMO-001,SHIP-DEMO-001,ZEN-RAW-S09:row:13391,ZEN-RAW-S09,SENSOR09,SENSOR09.CSV,row:13391,2024-09-10T08:35:45,LEG-03,REAL_PUBLIC_DATA,DERIVED
CP-DEMO-001,BATCH-DEMO-001,SHIP-DEMO-001,ZEN-RAW-S09:row:13392,ZEN-RAW-S09,SENSOR09,SENSOR09.CSV,row:13392,2024-09-10T08:35:50,LEG-03,REAL_PUBLIC_DATA,DERIVED
CP-DEMO-001,BATCH-DEMO-001,SHIP-DEMO-001,ZEN-RAW-S09:row:13393,ZEN-RAW-S09,SENSOR09,SENSOR09.CSV,row:13393,2024-09-10T08:35:55,LEG-03,REAL_PUBLIC_DATA,DERIVED
CP-DEMO-001,BATCH-DEMO-001,SHIP-DEMO-001,ZEN-RAW-S09:row:13394,ZEN-RAW-S09,SENSOR09,SENSOR09.CSV,row:13394,2024-09-10T08:36:00,LEG-03,REAL_PUBLIC_DATA,DERIVED
CP-DEMO-001,BATCH-DEMO-001,SHIP-DEMO-001,ZEN-RAW-S09:row:13395,ZEN-RAW-S09,SENSOR09,SENSOR09.CSV,row:13395,2024-09-10T08:36:05,LEG-03,REAL_PUBLIC_DATA,DERIVED
CP-DEMO-001,BATCH-DEMO-001,SHIP-DEMO-001,ZEN-RAW-S09:row:13396,ZEN-RAW-S09,SENSOR09,SENSOR09.CSV,row:13396,2024-09-10T08:36:10,LEG-03,REAL_PUBLIC_DATA,DERIVED
CP-DEMO-001,BATCH-DEMO-001,SHIP-DEMO-001,ZEN-RAW-S09:row:13397,ZEN-RAW-S09,SENSOR09,SENSOR09.CSV,row:13397,2024-09-10T08:36:15,LEG-03,REAL_PUBLIC_DATA,DERIVED
CP-DEMO-001,BATCH-DEMO-001,SHIP-DEMO-001,ZEN-RAW-S09:row:13398,ZEN-RAW-S09,SENSOR09,SENSOR09.CSV,row:13398,2024-09-10T08:36:20,LEG-03,REAL_PUBLIC_DATA,DERIVED
CP-DEMO-001,BATCH-DEMO-001,SHIP-DEMO-001,ZEN-RAW-S09:row:13399,ZEN-RAW-S09,SENSOR09,SENSOR09.CSV,row:13399,2024-09-10T08:36:25,LEG-03,REAL_PUBLIC_DATA,DERIVED
CP-DEMO-001,BATCH-DEMO-001,SHIP-DEMO-001,ZEN-RAW-S09:row:13400,ZEN-RAW-S09,SENSOR09,SENSOR09.CSV,row:13400,2024-09-10T08:36:30,LEG-03,REAL_PUBLIC_DATA,DERIVED
CP-DEMO-001,BATCH-DEMO-001,SHIP-DEMO-001,ZEN-RAW-S09:row:13401,ZEN-RAW-S09,SENSOR09,SENSOR09.CSV,row:13401,2024-09-10T08:36:35,LEG-03,REAL_PUBLIC_DATA,DERIVED
CP-DEMO-001,BATCH-DEMO-001,SHIP-DEMO-001,ZEN-RAW-S09:row:13402,ZEN-RAW-S09,SENSOR09,SENSOR09.CSV,row:13402,2024-09-10T08:36:40,LEG-03,REAL_PUBLIC_DATA,DERIVED
CP-DEMO-001,BATCH-DEMO-001,SHIP-DEMO-001,ZEN-RAW-S09:row:13403,ZEN-RAW-S09,SENSOR09,SENSOR09.CSV,row:13403,2024-09-10T08:36:45,LEG-03,REAL_PUBLIC_DATA,DERIVED
CP-DEMO-001,BATCH-DEMO-001,SHIP-DEMO-001,ZEN-RAW-S09:row:13404,ZEN-RAW-S09,SENSOR09,SENSOR09.CSV,row:13404,2024-09-10T08:36:50,LEG-03,REAL_PUBLIC_DATA,DERIVED
CP-DEMO-001,BATCH-DEMO-001,SHIP-DEMO-001,ZEN-RAW-S09:row:13405,ZEN-RAW-S09,SENSOR09,SENSOR09.CSV,row:13405,2024-09-10T08:36:55,LEG-03,REAL_PUBLIC_DATA,DERIVED
CP-DEMO-001,BATCH-DEMO-001,SHIP-DEMO-001,ZEN-RAW-S09:row:13406,ZEN-RAW-S09,SENSOR09,SENSOR09.CSV,row:13406,2024-09-10T08:37:00,LEG-03,REAL_PUBLIC_DATA,DERIVED
CP-DEMO-001,BATCH-DEMO-001,SHIP-DEMO-001,ZEN-RAW-S09:row:13407,ZEN-RAW-S09,SENSOR09,SENSOR09.CSV,row:13407,2024-09-10T08:37:05,LEG-03,REAL_PUBLIC_DATA,DERIVED
CP-DEMO-001,BATCH-DEMO-001,SHIP-DEMO-001,ZEN-RAW-S09:row:13408,ZEN-RAW-S09,SENSOR09,SENSOR09.CSV,row:13408,2024-09-10T08:37:10,LEG-03,REAL_PUBLIC_DATA,DERIVED
CP-DEMO-001,BATCH-DEMO-001,SHIP-DEMO-001,ZEN-RAW-S09:row:13409,ZEN-RAW-S09,SENSOR09,SENSOR09.CSV,row:13409,2024-09-10T08:37:15,LEG-03,REAL_PUBLIC_DATA,DERIVED
CP-DEMO-001,BATCH-DEMO-001,SHIP-DEMO-001,ZEN-RAW-S09:row:13410,ZEN-RAW-S09,SENSOR09,SENSOR09.CSV,row:13410,2024-09-10T08:37:20,LEG-03,REAL_PUBLIC_DATA,DERIVED
CP-DEMO-001,BATCH-DEMO-001,SHIP-DEMO-001,ZEN-RAW-S09:row:13411,ZEN-RAW-S09,SENSOR09,SENSOR09.CSV,row:13411,2024-09-10T08:37:25,LEG-03,REAL_PUBLIC_DATA,DERIVED
CP-DEMO-001,BATCH-DEMO-001,SHIP-DEMO-001,ZEN-RAW-S09:row:13412,ZEN-RAW-S09,SENSOR09,SENSOR09.CSV,row:13412,2024-09-10T08:37:30,LEG-03,REAL_PUBLIC_DATA,DERIVED
CP-DEMO-001,BATCH-DEMO-001,SHIP-DEMO-001,ZEN-RAW-S09:row:13413,ZEN-RAW-S09,SENSOR09,SENSOR09.CSV,row:13413,2024-09-10T08:37:35,LEG-03,REAL_PUBLIC_DATA,DERIVED
CP-DEMO-001,BATCH-DEMO-001,SHIP-DEMO-001,ZEN-RAW-S09:row:13414,ZEN-RAW-S09,SENSOR09,SENSOR09.CSV,row:13414,2024-09-10T08:37:40,LEG-03,REAL_PUBLIC_DATA,DERIVED
CP-DEMO-001,BATCH-DEMO-001,SHIP-DEMO-001,ZEN-RAW-S09:row:13415,ZEN-RAW-S09,SENSOR09,SENSOR09.CSV,row:13415,2024-09-10T08:37:45,LEG-03,REAL_PUBLIC_DATA,DERIVED
CP-DEMO-001,BATCH-DEMO-001,SHIP-DEMO-001,ZEN-RAW-S09:row:13416,ZEN-RAW-S09,SENSOR09,SENSOR09.CSV,row:13416,2024-09-10T08:37:50,LEG-03,REAL_PUBLIC_DATA,DERIVED
CP-DEMO-001,BATCH-DEMO-001,SHIP-DEMO-001,ZEN-RAW-S09:row:13417,ZEN-RAW-S09,SENSOR09,SENSOR09.CSV,row:13417,2024-09-10T08:37:55,LEG-03,REAL_PUBLIC_DATA,DERIVED
CP-DEMO-001,BATCH-DEMO-001,SHIP-DEMO-001,ZEN-RAW-S09:row:13418,ZEN-RAW-S09,SENSOR09,SENSOR09.CSV,row:13418,2024-09-10T08:38:00,LEG-03,REAL_PUBLIC_DATA,DERIVED
CP-DEMO-001,BATCH-DEMO-001,SHIP-DEMO-001,ZEN-RAW-S09:row:13419,ZEN-RAW-S09,SENSOR09,SENSOR09.CSV,row:13419,2024-09-10T08:38:05,LEG-03,REAL_PUBLIC_DATA,DERIVED
CP-DEMO-001,BATCH-DEMO-001,SHIP-DEMO-001,ZEN-RAW-S09:row:13420,ZEN-RAW-S09,SENSOR09,SENSOR09.CSV,row:13420,2024-09-10T08:38:10,LEG-03,REAL_PUBLIC_DATA,DERIVED
CP-DEMO-001,BATCH-DEMO-001,SHIP-DEMO-001,ZEN-RAW-S09:row:13421,ZEN-RAW-S09,SENSOR09,SENSOR09.CSV,row:13421,2024-09-10T08:38:15,LEG-03,REAL_PUBLIC_DATA,DERIVED
CP-DEMO-001,BATCH-DEMO-001,SHIP-DEMO-001,ZEN-RAW-S09:row:13422,ZEN-RAW-S09,SENSOR09,SENSOR09.CSV,row:13422,2024-09-10T08:38:20,LEG-03,REAL_PUBLIC_DATA,DERIVED
CP-DEMO-001,BATCH-DEMO-001,SHIP-DEMO-001,ZEN-RAW-S09:row:13423,ZEN-RAW-S09,SENSOR09,SENSOR09.CSV,row:13423,2024-09-10T08:38:25,LEG-03,REAL_PUBLIC_DATA,DERIVED
CP-DEMO-001,BATCH-DEMO-001,SHIP-DEMO-001,ZEN-RAW-S09:row:13424,ZEN-RAW-S09,SENSOR09,SENSOR09.CSV,row:13424,2024-09-10T08:38:30,LEG-03,REAL_PUBLIC_DATA,DERIVED
CP-DEMO-001,BATCH-DEMO-001,SHIP-DEMO-001,ZEN-RAW-S09:row:13425,ZEN-RAW-S09,SENSOR09,SENSOR09.CSV,row:13425,2024-09-10T08:38:35,LEG-03,REAL_PUBLIC_DATA,DERIVED
CP-DEMO-001,BATCH-DEMO-001,SHIP-DEMO-001,ZEN-RAW-S09:row:13426,ZEN-RAW-S09,SENSOR09,SENSOR09.CSV,row:13426,2024-09-10T08:38:40,LEG-03,REAL_PUBLIC_DATA,DERIVED
CP-DEMO-001,BATCH-DEMO-001,SHIP-DEMO-001,ZEN-RAW-S09:row:13427,ZEN-RAW-S09,SENSOR09,SENSOR09.CSV,row:13427,2024-09-10T08:38:45,LEG-03,REAL_PUBLIC_DATA,DERIVED
CP-DEMO-001,BATCH-DEMO-001,SHIP-DEMO-001,ZEN-RAW-S09:row:13428,ZEN-RAW-S09,SENSOR09,SENSOR09.CSV,row:13428,2024-09-10T08:38:50,LEG-03,REAL_PUBLIC_DATA,DERIVED
CP-DEMO-001,BATCH-DEMO-001,SHIP-DEMO-001,ZEN-RAW-S09:row:13429,ZEN-RAW-S09,SENSOR09,SENSOR09.CSV,row:13429,2024-09-10T08:38:55,LEG-03,REAL_PUBLIC_DATA,DERIVED
CP-DEMO-001,BATCH-DEMO-001,SHIP-DEMO-001,ZEN-RAW-S09:row:13430,ZEN-RAW-S09,SENSOR09,SENSOR09.CSV,row:13430,2024-09-10T08:39:00,LEG-03,REAL_PUBLIC_DATA,DERIVED
CP-DEMO-001,BATCH-DEMO-001,SHIP-DEMO-001,ZEN-RAW-S09:row:13431,ZEN-RAW-S09,SENSOR09,SENSOR09.CSV,row:13431,2024-09-10T08:39:05,LEG-03,REAL_PUBLIC_DATA,DERIVED
CP-DEMO-001,BATCH-DEMO-001,SHIP-DEMO-001,ZEN-RAW-S09:row:13432,ZEN-RAW-S09,SENSOR09,SENSOR09.CSV,row:13432,2024-09-10T08:39:10,LEG-03,REAL_PUBLIC_DATA,DERIVED
CP-DEMO-001,BATCH-DEMO-001,SHIP-DEMO-001,ZEN-RAW-S09:row:13433,ZEN-RAW-S09,SENSOR09,SENSOR09.CSV,row:13433,2024-09-10T08:39:15,LEG-03,REAL_PUBLIC_DATA,DERIVED
CP-DEMO-001,BATCH-DEMO-001,SHIP-DEMO-001,ZEN-RAW-S09:row:13434,ZEN-RAW-S09,SENSOR09,SENSOR09.CSV,row:13434,2024-09-10T08:39:20,LEG-03,REAL_PUBLIC_DATA,DERIVED
CP-DEMO-001,BATCH-DEMO-001,SHIP-DEMO-001,ZEN-RAW-S09:row:13435,ZEN-RAW-S09,SENSOR09,SENSOR09.CSV,row:13435,2024-09-10T08:39:25,LEG-03,REAL_PUBLIC_DATA,DERIVED
CP-DEMO-001,BATCH-DEMO-001,SHIP-DEMO-001,ZEN-RAW-S09:row:13436,ZEN-RAW-S09,SENSOR09,SENSOR09.CSV,row:13436,2024-09-10T08:39:30,LEG-03,REAL_PUBLIC_DATA,DERIVED
CP-DEMO-001,BATCH-DEMO-001,SHIP-DEMO-001,ZEN-RAW-S09:row:13437,ZEN-RAW-S09,SENSOR09,SENSOR09.CSV,row:13437,2024-09-10T08:39:35,LEG-03,REAL_PUBLIC_DATA,DERIVED
CP-DEMO-001,BATCH-DEMO-001,SHIP-DEMO-001,ZEN-RAW-S09:row:13438,ZEN-RAW-S09,SENSOR09,SENSOR09.CSV,row:13438,2024-09-10T08:39:40,LEG-03,REAL_PUBLIC_DATA,DERIVED
CP-DEMO-001,BATCH-DEMO-001,SHIP-DEMO-001,ZEN-RAW-S09:row:13439,ZEN-RAW-S09,SENSOR09,SENSOR09.CSV,row:13439,2024-09-10T08:39:45,LEG-03,REAL_PUBLIC_DATA,DERIVED
CP-DEMO-001,BATCH-DEMO-001,SHIP-DEMO-001,ZEN-RAW-S09:row:13440,ZEN-RAW-S09,SENSOR09,SENSOR09.CSV,row:13440,2024-09-10T08:39:50,LEG-03,REAL_PUBLIC_DATA,DERIVED
CP-DEMO-001,BATCH-DEMO-001,SHIP-DEMO-001,ZEN-RAW-S09:row:13441,ZEN-RAW-S09,SENSOR09,SENSOR09.CSV,row:13441,2024-09-10T08:39:55,LEG-03,REAL_PUBLIC_DATA,DERIVED
CP-DEMO-001,BATCH-DEMO-001,SHIP-DEMO-001,ZEN-RAW-S09:row:13442,ZEN-RAW-S09,SENSOR09,SENSOR09.CSV,row:13442,2024-09-10T08:40:00,LEG-03,REAL_PUBLIC_DATA,DERIVED
CP-DEMO-001,BATCH-DEMO-001,SHIP-DEMO-001,ZEN-RAW-S09:row:13443,ZEN-RAW-S09,SENSOR09,SENSOR09.CSV,row:13443,2024-09-10T08:40:05,LEG-03,REAL_PUBLIC_DATA,DERIVED
CP-DEMO-001,BATCH-DEMO-001,SHIP-DEMO-001,ZEN-RAW-S09:row:13444,ZEN-RAW-S09,SENSOR09,SENSOR09.CSV,row:13444,2024-09-10T08:40:10,LEG-03,REAL_PUBLIC_DATA,DERIVED
CP-DEMO-001,BATCH-DEMO-001,SHIP-DEMO-001,ZEN-RAW-S09:row:13445,ZEN-RAW-S09,SENSOR09,SENSOR09.CSV,row:13445,2024-09-10T08:40:15,LEG-03,REAL_PUBLIC_DATA,DERIVED
CP-DEMO-001,BATCH-DEMO-001,SHIP-DEMO-001,ZEN-RAW-S09:row:13446,ZEN-RAW-S09,SENSOR09,SENSOR09.CSV,row:13446,2024-09-10T08:40:20,LEG-03,REAL_PUBLIC_DATA,DERIVED
CP-DEMO-001,BATCH-DEMO-001,SHIP-DEMO-001,ZEN-RAW-S09:row:13447,ZEN-RAW-S09,SENSOR09,SENSOR09.CSV,row:13447,2024-09-10T08:40:25,LEG-03,REAL_PUBLIC_DATA,DERIVED
CP-DEMO-001,BATCH-DEMO-001,SHIP-DEMO-001,ZEN-RAW-S09:row:13448,ZEN-RAW-S09,SENSOR09,SENSOR09.CSV,row:13448,2024-09-10T08:40:30,LEG-03,REAL_PUBLIC_DATA,DERIVED
CP-DEMO-001,BATCH-DEMO-001,SHIP-DEMO-001,ZEN-RAW-S09:row:13449,ZEN-RAW-S09,SENSOR09,SENSOR09.CSV,row:13449,2024-09-10T08:40:35,LEG-03,REAL_PUBLIC_DATA,DERIVED
CP-DEMO-001,BATCH-DEMO-001,SHIP-DEMO-001,ZEN-RAW-S09:row:13450,ZEN-RAW-S09,SENSOR09,SENSOR09.CSV,row:13450,2024-09-10T08:40:40,LEG-03,REAL_PUBLIC_DATA,DERIVED
CP-DEMO-001,BATCH-DEMO-001,SHIP-DEMO-001,ZEN-RAW-S09:row:13451,ZEN-RAW-S09,SENSOR09,SENSOR09.CSV,row:13451,2024-09-10T08:40:45,LEG-03,REAL_PUBLIC_DATA,DERIVED
CP-DEMO-001,BATCH-DEMO-001,SHIP-DEMO-001,ZEN-RAW-S09:row:13452,ZEN-RAW-S09,SENSOR09,SENSOR09.CSV,row:13452,2024-09-10T08:40:50,LEG-03,REAL_PUBLIC_DATA,DERIVED
CP-DEMO-001,BATCH-DEMO-001,SHIP-DEMO-001,ZEN-RAW-S09:row:13453,ZEN-RAW-S09,SENSOR09,SENSOR09.CSV,row:13453,2024-09-10T08:40:55,LEG-03,REAL_PUBLIC_DATA,DERIVED
CP-DEMO-001,BATCH-DEMO-001,SHIP-DEMO-001,ZEN-RAW-S09:row:13454,ZEN-RAW-S09,SENSOR09,SENSOR09.CSV,row:13454,2024-09-10T08:41:00,LEG-03,REAL_PUBLIC_DATA,DERIVED
CP-DEMO-001,BATCH-DEMO-001,SHIP-DEMO-001,ZEN-RAW-S09:row:13455,ZEN-RAW-S09,SENSOR09,SENSOR09.CSV,row:13455,2024-09-10T08:41:05,LEG-03,REAL_PUBLIC_DATA,DERIVED
CP-DEMO-001,BATCH-DEMO-001,SHIP-DEMO-001,ZEN-RAW-S09:row:13456,ZEN-RAW-S09,SENSOR09,SENSOR09.CSV,row:13456,2024-09-10T08:41:10,LEG-03,REAL_PUBLIC_DATA,DERIVED
CP-DEMO-001,BATCH-DEMO-001,SHIP-DEMO-001,ZEN-RAW-S09:row:13457,ZEN-RAW-S09,SENSOR09,SENSOR09.CSV,row:13457,2024-09-10T08:41:15,LEG-03,REAL_PUBLIC_DATA,DERIVED
CP-DEMO-001,BATCH-DEMO-001,SHIP-DEMO-001,ZEN-RAW-S09:row:13458,ZEN-RAW-S09,SENSOR09,SENSOR09.CSV,row:13458,2024-09-10T08:41:20,LEG-03,REAL_PUBLIC_DATA,DERIVED
CP-DEMO-001,BATCH-DEMO-001,SHIP-DEMO-001,ZEN-RAW-S09:row:13459,ZEN-RAW-S09,SENSOR09,SENSOR09.CSV,row:13459,2024-09-10T08:41:25,LEG-03,REAL_PUBLIC_DATA,DERIVED
CP-DEMO-001,BATCH-DEMO-001,SHIP-DEMO-001,ZEN-RAW-S09:row:13460,ZEN-RAW-S09,SENSOR09,SENSOR09.CSV,row:13460,2024-09-10T08:41:30,LEG-03,REAL_PUBLIC_DATA,DERIVED
CP-DEMO-001,BATCH-DEMO-001,SHIP-DEMO-001,ZEN-RAW-S09:row:13461,ZEN-RAW-S09,SENSOR09,SENSOR09.CSV,row:13461,2024-09-10T08:41:35,LEG-03,REAL_PUBLIC_DATA,DERIVED
CP-DEMO-001,BATCH-DEMO-001,SHIP-DEMO-001,ZEN-RAW-S09:row:13462,ZEN-RAW-S09,SENSOR09,SENSOR09.CSV,row:13462,2024-09-10T08:41:40,LEG-03,REAL_PUBLIC_DATA,DERIVED
CP-DEMO-001,BATCH-DEMO-001,SHIP-DEMO-001,ZEN-RAW-S09:row:13463,ZEN-RAW-S09,SENSOR09,SENSOR09.CSV,row:13463,2024-09-10T08:41:45,LEG-03,REAL_PUBLIC_DATA,DERIVED
CP-DEMO-001,BATCH-DEMO-001,SHIP-DEMO-001,ZEN-RAW-S09:row:13464,ZEN-RAW-S09,SENSOR09,SENSOR09.CSV,row:13464,2024-09-10T08:41:50,LEG-03,REAL_PUBLIC_DATA,DERIVED
CP-DEMO-001,BATCH-DEMO-001,SHIP-DEMO-001,ZEN-RAW-S09:row:13465,ZEN-RAW-S09,SENSOR09,SENSOR09.CSV,row:13465,2024-09-10T08:41:55,LEG-03,REAL_PUBLIC_DATA,DERIVED
CP-DEMO-001,BATCH-DEMO-001,SHIP-DEMO-001,ZEN-RAW-S09:row:13466,ZEN-RAW-S09,SENSOR09,SENSOR09.CSV,row:13466,2024-09-10T08:42:00,LEG-03,REAL_PUBLIC_DATA,DERIVED
CP-DEMO-001,BATCH-DEMO-001,SHIP-DEMO-001,ZEN-RAW-S09:row:13467,ZEN-RAW-S09,SENSOR09,SENSOR09.CSV,row:13467,2024-09-10T08:42:05,LEG-03,REAL_PUBLIC_DATA,DERIVED
CP-DEMO-001,BATCH-DEMO-001,SHIP-DEMO-001,ZEN-RAW-S09:row:13468,ZEN-RAW-S09,SENSOR09,SENSOR09.CSV,row:13468,2024-09-10T08:42:10,LEG-03,REAL_PUBLIC_DATA,DERIVED
CP-DEMO-001,BATCH-DEMO-001,SHIP-DEMO-001,ZEN-RAW-S09:row:13469,ZEN-RAW-S09,SENSOR09,SENSOR09.CSV,row:13469,2024-09-10T08:42:15,LEG-03,REAL_PUBLIC_DATA,DERIVED
CP-DEMO-001,BATCH-DEMO-001,SHIP-DEMO-001,ZEN-RAW-S09:row:13470,ZEN-RAW-S09,SENSOR09,SENSOR09.CSV,row:13470,2024-09-10T08:42:20,LEG-03,REAL_PUBLIC_DATA,DERIVED
CP-DEMO-001,BATCH-DEMO-001,SHIP-DEMO-001,ZEN-RAW-S09:row:13471,ZEN-RAW-S09,SENSOR09,SENSOR09.CSV,row:13471,2024-09-10T08:42:25,LEG-03,REAL_PUBLIC_DATA,DERIVED
CP-DEMO-001,BATCH-DEMO-001,SHIP-DEMO-001,ZEN-RAW-S09:row:13472,ZEN-RAW-S09,SENSOR09,SENSOR09.CSV,row:13472,2024-09-10T08:42:30,LEG-03,REAL_PUBLIC_DATA,DERIVED
CP-DEMO-001,BATCH-DEMO-001,SHIP-DEMO-001,ZEN-RAW-S09:row:13473,ZEN-RAW-S09,SENSOR09,SENSOR09.CSV,row:13473,2024-09-10T08:42:35,LEG-03,REAL_PUBLIC_DATA,DERIVED
CP-DEMO-001,BATCH-DEMO-001,SHIP-DEMO-001,ZEN-RAW-S09:row:13474,ZEN-RAW-S09,SENSOR09,SENSOR09.CSV,row:13474,2024-09-10T08:42:40,LEG-03,REAL_PUBLIC_DATA,DERIVED
CP-DEMO-001,BATCH-DEMO-001,SHIP-DEMO-001,ZEN-RAW-S09:row:13475,ZEN-RAW-S09,SENSOR09,SENSOR09.CSV,row:13475,2024-09-10T08:42:45,LEG-03,REAL_PUBLIC_DATA,DERIVED
CP-DEMO-001,BATCH-DEMO-001,SHIP-DEMO-001,ZEN-RAW-S09:row:13476,ZEN-RAW-S09,SENSOR09,SENSOR09.CSV,row:13476,2024-09-10T08:42:50,LEG-03,REAL_PUBLIC_DATA,DERIVED
CP-DEMO-001,BATCH-DEMO-001,SHIP-DEMO-001,ZEN-RAW-S09:row:13477,ZEN-RAW-S09,SENSOR09,SENSOR09.CSV,row:13477,2024-09-10T08:42:55,LEG-03,REAL_PUBLIC_DATA,DERIVED
CP-DEMO-001,BATCH-DEMO-001,SHIP-DEMO-001,ZEN-RAW-S09:row:13478,ZEN-RAW-S09,SENSOR09,SENSOR09.CSV,row:13478,2024-09-10T08:43:00,LEG-03,REAL_PUBLIC_DATA,DERIVED
CP-DEMO-001,BATCH-DEMO-001,SHIP-DEMO-001,ZEN-RAW-S09:row:13479,ZEN-RAW-S09,SENSOR09,SENSOR09.CSV,row:13479,2024-09-10T08:43:05,LEG-03,REAL_PUBLIC_DATA,DERIVED
CP-DEMO-001,BATCH-DEMO-001,SHIP-DEMO-001,ZEN-RAW-S09:row:13480,ZEN-RAW-S09,SENSOR09,SENSOR09.CSV,row:13480,2024-09-10T08:43:10,LEG-03,REAL_PUBLIC_DATA,DERIVED
CP-DEMO-001,BATCH-DEMO-001,SHIP-DEMO-001,ZEN-RAW-S09:row:13481,ZEN-RAW-S09,SENSOR09,SENSOR09.CSV,row:13481,2024-09-10T08:43:15,LEG-03,REAL_PUBLIC_DATA,DERIVED
CP-DEMO-001,BATCH-DEMO-001,SHIP-DEMO-001,ZEN-RAW-S09:row:13482,ZEN-RAW-S09,SENSOR09,SENSOR09.CSV,row:13482,2024-09-10T08:43:20,LEG-03,REAL_PUBLIC_DATA,DERIVED
CP-DEMO-001,BATCH-DEMO-001,SHIP-DEMO-001,ZEN-RAW-S09:row:13483,ZEN-RAW-S09,SENSOR09,SENSOR09.CSV,row:13483,2024-09-10T08:43:25,LEG-03,REAL_PUBLIC_DATA,DERIVED
CP-DEMO-001,BATCH-DEMO-001,SHIP-DEMO-001,ZEN-RAW-S09:row:13484,ZEN-RAW-S09,SENSOR09,SENSOR09.CSV,row:13484,2024-09-10T08:43:30,LEG-03,REAL_PUBLIC_DATA,DERIVED
CP-DEMO-001,BATCH-DEMO-001,SHIP-DEMO-001,ZEN-RAW-S09:row:13485,ZEN-RAW-S09,SENSOR09,SENSOR09.CSV,row:13485,2024-09-10T08:43:35,LEG-03,REAL_PUBLIC_DATA,DERIVED
CP-DEMO-001,BATCH-DEMO-001,SHIP-DEMO-001,ZEN-RAW-S09:row:13486,ZEN-RAW-S09,SENSOR09,SENSOR09.CSV,row:13486,2024-09-10T08:43:40,LEG-03,REAL_PUBLIC_DATA,DERIVED
CP-DEMO-001,BATCH-DEMO-001,SHIP-DEMO-001,ZEN-RAW-S09:row:13487,ZEN-RAW-S09,SENSOR09,SENSOR09.CSV,row:13487,2024-09-10T08:43:45,LEG-03,REAL_PUBLIC_DATA,DERIVED
CP-DEMO-001,BATCH-DEMO-001,SHIP-DEMO-001,ZEN-RAW-S09:row:13488,ZEN-RAW-S09,SENSOR09,SENSOR09.CSV,row:13488,2024-09-10T08:43:50,LEG-03,REAL_PUBLIC_DATA,DERIVED
CP-DEMO-001,BATCH-DEMO-001,SHIP-DEMO-001,ZEN-RAW-S09:row:13489,ZEN-RAW-S09,SENSOR09,SENSOR09.CSV,row:13489,2024-09-10T08:43:55,LEG-03,REAL_PUBLIC_DATA,DERIVED
CP-DEMO-001,BATCH-DEMO-001,SHIP-DEMO-001,ZEN-RAW-S09:row:13490,ZEN-RAW-S09,SENSOR09,SENSOR09.CSV,row:13490,2024-09-10T08:44:00,LEG-03,REAL_PUBLIC_DATA,DERIVED
CP-DEMO-001,BATCH-DEMO-001,SHIP-DEMO-001,ZEN-RAW-S09:row:13491,ZEN-RAW-S09,SENSOR09,SENSOR09.CSV,row:13491,2024-09-10T08:44:05,LEG-03,REAL_PUBLIC_DATA,DERIVED
CP-DEMO-001,BATCH-DEMO-001,SHIP-DEMO-001,ZEN-RAW-S09:row:13492,ZEN-RAW-S09,SENSOR09,SENSOR09.CSV,row:13492,2024-09-10T08:44:10,LEG-03,REAL_PUBLIC_DATA,DERIVED
CP-DEMO-001,BATCH-DEMO-001,SHIP-DEMO-001,ZEN-RAW-S09:row:13493,ZEN-RAW-S09,SENSOR09,SENSOR09.CSV,row:13493,2024-09-10T08:44:15,LEG-03,REAL_PUBLIC_DATA,DERIVED
CP-DEMO-001,BATCH-DEMO-001,SHIP-DEMO-001,ZEN-RAW-S09:row:13494,ZEN-RAW-S09,SENSOR09,SENSOR09.CSV,row:13494,2024-09-10T08:44:20,LEG-03,REAL_PUBLIC_DATA,DERIVED
CP-DEMO-001,BATCH-DEMO-001,SHIP-DEMO-001,ZEN-RAW-S09:row:13495,ZEN-RAW-S09,SENSOR09,SENSOR09.CSV,row:13495,2024-09-10T08:44:25,LEG-03,REAL_PUBLIC_DATA,DERIVED
CP-DEMO-001,BATCH-DEMO-001,SHIP-DEMO-001,ZEN-RAW-S09:row:13496,ZEN-RAW-S09,SENSOR09,SENSOR09.CSV,row:13496,2024-09-10T08:44:30,LEG-03,REAL_PUBLIC_DATA,DERIVED
CP-DEMO-001,BATCH-DEMO-001,SHIP-DEMO-001,ZEN-RAW-S09:row:13497,ZEN-RAW-S09,SENSOR09,SENSOR09.CSV,row:13497,2024-09-10T08:44:35,LEG-03,REAL_PUBLIC_DATA,DERIVED
CP-DEMO-001,BATCH-DEMO-001,SHIP-DEMO-001,ZEN-RAW-S09:row:13498,ZEN-RAW-S09,SENSOR09,SENSOR09.CSV,row:13498,2024-09-10T08:44:40,LEG-03,REAL_PUBLIC_DATA,DERIVED
CP-DEMO-001,BATCH-DEMO-001,SHIP-DEMO-001,ZEN-RAW-S09:row:13499,ZEN-RAW-S09,SENSOR09,SENSOR09.CSV,row:13499,2024-09-10T08:44:45,LEG-03,REAL_PUBLIC_DATA,DERIVED
CP-DEMO-001,BATCH-DEMO-001,SHIP-DEMO-001,ZEN-RAW-S09:row:13500,ZEN-RAW-S09,SENSOR09,SENSOR09.CSV,row:13500,2024-09-10T08:44:50,LEG-03,REAL_PUBLIC_DATA,DERIVED
CP-DEMO-001,BATCH-DEMO-001,SHIP-DEMO-001,ZEN-RAW-S09:row:13501,ZEN-RAW-S09,SENSOR09,SENSOR09.CSV,row:13501,2024-09-10T08:44:55,LEG-03,REAL_PUBLIC_DATA,DERIVED
CP-DEMO-001,BATCH-DEMO-001,SHIP-DEMO-001,ZEN-RAW-S09:row:13502,ZEN-RAW-S09,SENSOR09,SENSOR09.CSV,row:13502,2024-09-10T08:45:00,LEG-03,REAL_PUBLIC_DATA,DERIVED
CP-DEMO-001,BATCH-DEMO-001,SHIP-DEMO-001,ZEN-RAW-S09:row:13503,ZEN-RAW-S09,SENSOR09,SENSOR09.CSV,row:13503,2024-09-10T08:45:05,LEG-03,REAL_PUBLIC_DATA,DERIVED
CP-DEMO-001,BATCH-DEMO-001,SHIP-DEMO-001,ZEN-RAW-S09:row:13504,ZEN-RAW-S09,SENSOR09,SENSOR09.CSV,row:13504,2024-09-10T08:45:10,LEG-03,REAL_PUBLIC_DATA,DERIVED
CP-DEMO-001,BATCH-DEMO-001,SHIP-DEMO-001,ZEN-RAW-S09:row:13505,ZEN-RAW-S09,SENSOR09,SENSOR09.CSV,row:13505,2024-09-10T08:45:15,LEG-03,REAL_PUBLIC_DATA,DERIVED
CP-DEMO-001,BATCH-DEMO-001,SHIP-DEMO-001,ZEN-RAW-S09:row:13506,ZEN-RAW-S09,SENSOR09,SENSOR09.CSV,row:13506,2024-09-10T08:45:20,LEG-03,REAL_PUBLIC_DATA,DERIVED
CP-DEMO-001,BATCH-DEMO-001,SHIP-DEMO-001,ZEN-RAW-S09:row:13507,ZEN-RAW-S09,SENSOR09,SENSOR09.CSV,row:13507,2024-09-10T08:45:25,LEG-03,REAL_PUBLIC_DATA,DERIVED
CP-DEMO-001,BATCH-DEMO-001,SHIP-DEMO-001,ZEN-RAW-S09:row:13508,ZEN-RAW-S09,SENSOR09,SENSOR09.CSV,row:13508,2024-09-10T08:45:30,LEG-03,REAL_PUBLIC_DATA,DERIVED
CP-DEMO-001,BATCH-DEMO-001,SHIP-DEMO-001,ZEN-RAW-S09:row:13509,ZEN-RAW-S09,SENSOR09,SENSOR09.CSV,row:13509,2024-09-10T08:45:35,LEG-03,REAL_PUBLIC_DATA,DERIVED
CP-DEMO-001,BATCH-DEMO-001,SHIP-DEMO-001,ZEN-RAW-S09:row:13510,ZEN-RAW-S09,SENSOR09,SENSOR09.CSV,row:13510,2024-09-10T08:45:40,LEG-03,REAL_PUBLIC_DATA,DERIVED
CP-DEMO-001,BATCH-DEMO-001,SHIP-DEMO-001,ZEN-RAW-S09:row:13511,ZEN-RAW-S09,SENSOR09,SENSOR09.CSV,row:13511,2024-09-10T08:45:45,LEG-03,REAL_PUBLIC_DATA,DERIVED
CP-DEMO-001,BATCH-DEMO-001,SHIP-DEMO-001,ZEN-RAW-S09:row:13512,ZEN-RAW-S09,SENSOR09,SENSOR09.CSV,row:13512,2024-09-10T08:45:50,LEG-03,REAL_PUBLIC_DATA,DERIVED
CP-DEMO-001,BATCH-DEMO-001,SHIP-DEMO-001,ZEN-RAW-S09:row:13513,ZEN-RAW-S09,SENSOR09,SENSOR09.CSV,row:13513,2024-09-10T08:45:55,LEG-03,REAL_PUBLIC_DATA,DERIVED
CP-DEMO-001,BATCH-DEMO-001,SHIP-DEMO-001,ZEN-RAW-S09:row:13514,ZEN-RAW-S09,SENSOR09,SENSOR09.CSV,row:13514,2024-09-10T08:46:00,LEG-03,REAL_PUBLIC_DATA,DERIVED
CP-DEMO-001,BATCH-DEMO-001,SHIP-DEMO-001,ZEN-RAW-S09:row:13515,ZEN-RAW-S09,SENSOR09,SENSOR09.CSV,row:13515,2024-09-10T08:46:05,LEG-03,REAL_PUBLIC_DATA,DERIVED
CP-DEMO-001,BATCH-DEMO-001,SHIP-DEMO-001,ZEN-RAW-S09:row:13516,ZEN-RAW-S09,SENSOR09,SENSOR09.CSV,row:13516,2024-09-10T08:46:10,LEG-03,REAL_PUBLIC_DATA,DERIVED
CP-DEMO-001,BATCH-DEMO-001,SHIP-DEMO-001,ZEN-RAW-S09:row:13517,ZEN-RAW-S09,SENSOR09,SENSOR09.CSV,row:13517,2024-09-10T08:46:15,LEG-03,REAL_PUBLIC_DATA,DERIVED
CP-DEMO-001,BATCH-DEMO-001,SHIP-DEMO-001,ZEN-RAW-S09:row:13518,ZEN-RAW-S09,SENSOR09,SENSOR09.CSV,row:13518,2024-09-10T08:46:20,LEG-03,REAL_PUBLIC_DATA,DERIVED
CP-DEMO-001,BATCH-DEMO-001,SHIP-DEMO-001,ZEN-RAW-S09:row:13519,ZEN-RAW-S09,SENSOR09,SENSOR09.CSV,row:13519,2024-09-10T08:46:25,LEG-03,REAL_PUBLIC_DATA,DERIVED
CP-DEMO-001,BATCH-DEMO-001,SHIP-DEMO-001,ZEN-RAW-S09:row:13520,ZEN-RAW-S09,SENSOR09,SENSOR09.CSV,row:13520,2024-09-10T08:46:30,LEG-03,REAL_PUBLIC_DATA,DERIVED
CP-DEMO-001,BATCH-DEMO-001,SHIP-DEMO-001,ZEN-RAW-S09:row:13521,ZEN-RAW-S09,SENSOR09,SENSOR09.CSV,row:13521,2024-09-10T08:46:35,LEG-03,REAL_PUBLIC_DATA,DERIVED
CP-DEMO-001,BATCH-DEMO-001,SHIP-DEMO-001,ZEN-RAW-S09:row:13522,ZEN-RAW-S09,SENSOR09,SENSOR09.CSV,row:13522,2024-09-10T08:46:40,LEG-03,REAL_PUBLIC_DATA,DERIVED
CP-DEMO-001,BATCH-DEMO-001,SHIP-DEMO-001,ZEN-RAW-S09:row:13523,ZEN-RAW-S09,SENSOR09,SENSOR09.CSV,row:13523,2024-09-10T08:46:45,LEG-03,REAL_PUBLIC_DATA,DERIVED
CP-DEMO-001,BATCH-DEMO-001,SHIP-DEMO-001,ZEN-RAW-S09:row:13524,ZEN-RAW-S09,SENSOR09,SENSOR09.CSV,row:13524,2024-09-10T08:46:50,LEG-03,REAL_PUBLIC_DATA,DERIVED
CP-DEMO-001,BATCH-DEMO-001,SHIP-DEMO-001,ZEN-RAW-S09:row:13525,ZEN-RAW-S09,SENSOR09,SENSOR09.CSV,row:13525,2024-09-10T08:46:55,LEG-03,REAL_PUBLIC_DATA,DERIVED
CP-DEMO-001,BATCH-DEMO-001,SHIP-DEMO-001,ZEN-RAW-S09:row:13526,ZEN-RAW-S09,SENSOR09,SENSOR09.CSV,row:13526,2024-09-10T08:47:00,LEG-03,REAL_PUBLIC_DATA,DERIVED
CP-DEMO-001,BATCH-DEMO-001,SHIP-DEMO-001,ZEN-RAW-S09:row:13527,ZEN-RAW-S09,SENSOR09,SENSOR09.CSV,row:13527,2024-09-10T08:47:05,LEG-03,REAL_PUBLIC_DATA,DERIVED
CP-DEMO-001,BATCH-DEMO-001,SHIP-DEMO-001,ZEN-RAW-S09:row:13528,ZEN-RAW-S09,SENSOR09,SENSOR09.CSV,row:13528,2024-09-10T08:47:10,LEG-03,REAL_PUBLIC_DATA,DERIVED
CP-DEMO-001,BATCH-DEMO-001,SHIP-DEMO-001,ZEN-RAW-S09:row:13529,ZEN-RAW-S09,SENSOR09,SENSOR09.CSV,row:13529,2024-09-10T08:47:15,LEG-03,REAL_PUBLIC_DATA,DERIVED
CP-DEMO-001,BATCH-DEMO-001,SHIP-DEMO-001,ZEN-RAW-S09:row:13530,ZEN-RAW-S09,SENSOR09,SENSOR09.CSV,row:13530,2024-09-10T08:47:20,LEG-03,REAL_PUBLIC_DATA,DERIVED
CP-DEMO-001,BATCH-DEMO-001,SHIP-DEMO-001,ZEN-RAW-S09:row:13531,ZEN-RAW-S09,SENSOR09,SENSOR09.CSV,row:13531,2024-09-10T08:47:25,LEG-03,REAL_PUBLIC_DATA,DERIVED
CP-DEMO-001,BATCH-DEMO-001,SHIP-DEMO-001,ZEN-RAW-S09:row:13532,ZEN-RAW-S09,SENSOR09,SENSOR09.CSV,row:13532,2024-09-10T08:47:30,LEG-03,REAL_PUBLIC_DATA,DERIVED
CP-DEMO-001,BATCH-DEMO-001,SHIP-DEMO-001,ZEN-RAW-S09:row:13533,ZEN-RAW-S09,SENSOR09,SENSOR09.CSV,row:13533,2024-09-10T08:47:35,LEG-03,REAL_PUBLIC_DATA,DERIVED
CP-DEMO-001,BATCH-DEMO-001,SHIP-DEMO-001,ZEN-RAW-S09:row:13534,ZEN-RAW-S09,SENSOR09,SENSOR09.CSV,row:13534,2024-09-10T08:47:40,LEG-03,REAL_PUBLIC_DATA,DERIVED
CP-DEMO-001,BATCH-DEMO-001,SHIP-DEMO-001,ZEN-RAW-S09:row:13535,ZEN-RAW-S09,SENSOR09,SENSOR09.CSV,row:13535,2024-09-10T08:47:45,LEG-03,REAL_PUBLIC_DATA,DERIVED
CP-DEMO-001,BATCH-DEMO-001,SHIP-DEMO-001,ZEN-RAW-S09:row:13536,ZEN-RAW-S09,SENSOR09,SENSOR09.CSV,row:13536,2024-09-10T08:47:50,LEG-03,REAL_PUBLIC_DATA,DERIVED
CP-DEMO-001,BATCH-DEMO-001,SHIP-DEMO-001,ZEN-RAW-S09:row:13537,ZEN-RAW-S09,SENSOR09,SENSOR09.CSV,row:13537,2024-09-10T08:47:55,LEG-03,REAL_PUBLIC_DATA,DERIVED
CP-DEMO-001,BATCH-DEMO-001,SHIP-DEMO-001,ZEN-RAW-S09:row:13538,ZEN-RAW-S09,SENSOR09,SENSOR09.CSV,row:13538,2024-09-10T08:48:00,LEG-03,REAL_PUBLIC_DATA,DERIVED
CP-DEMO-001,BATCH-DEMO-001,SHIP-DEMO-001,ZEN-RAW-S09:row:13539,ZEN-RAW-S09,SENSOR09,SENSOR09.CSV,row:13539,2024-09-10T08:48:05,LEG-03,REAL_PUBLIC_DATA,DERIVED
CP-DEMO-001,BATCH-DEMO-001,SHIP-DEMO-001,ZEN-RAW-S09:row:13540,ZEN-RAW-S09,SENSOR09,SENSOR09.CSV,row:13540,2024-09-10T08:48:10,LEG-03,REAL_PUBLIC_DATA,DERIVED
CP-DEMO-001,BATCH-DEMO-001,SHIP-DEMO-001,ZEN-RAW-S09:row:13541,ZEN-RAW-S09,SENSOR09,SENSOR09.CSV,row:13541,2024-09-10T08:48:15,LEG-03,REAL_PUBLIC_DATA,DERIVED
CP-DEMO-001,BATCH-DEMO-001,SHIP-DEMO-001,ZEN-RAW-S09:row:13542,ZEN-RAW-S09,SENSOR09,SENSOR09.CSV,row:13542,2024-09-10T08:48:20,LEG-03,REAL_PUBLIC_DATA,DERIVED
CP-DEMO-001,BATCH-DEMO-001,SHIP-DEMO-001,ZEN-RAW-S09:row:13543,ZEN-RAW-S09,SENSOR09,SENSOR09.CSV,row:13543,2024-09-10T08:48:25,LEG-03,REAL_PUBLIC_DATA,DERIVED
CP-DEMO-001,BATCH-DEMO-001,SHIP-DEMO-001,ZEN-RAW-S09:row:13544,ZEN-RAW-S09,SENSOR09,SENSOR09.CSV,row:13544,2024-09-10T08:48:30,LEG-03,REAL_PUBLIC_DATA,DERIVED
CP-DEMO-001,BATCH-DEMO-001,SHIP-DEMO-001,ZEN-RAW-S09:row:13545,ZEN-RAW-S09,SENSOR09,SENSOR09.CSV,row:13545,2024-09-10T08:48:35,LEG-03,REAL_PUBLIC_DATA,DERIVED
CP-DEMO-001,BATCH-DEMO-001,SHIP-DEMO-001,ZEN-RAW-S09:row:13546,ZEN-RAW-S09,SENSOR09,SENSOR09.CSV,row:13546,2024-09-10T08:48:40,LEG-03,REAL_PUBLIC_DATA,DERIVED
CP-DEMO-001,BATCH-DEMO-001,SHIP-DEMO-001,ZEN-RAW-S09:row:13547,ZEN-RAW-S09,SENSOR09,SENSOR09.CSV,row:13547,2024-09-10T08:48:45,LEG-03,REAL_PUBLIC_DATA,DERIVED
CP-DEMO-001,BATCH-DEMO-001,SHIP-DEMO-001,ZEN-RAW-S09:row:13548,ZEN-RAW-S09,SENSOR09,SENSOR09.CSV,row:13548,2024-09-10T08:48:50,LEG-03,REAL_PUBLIC_DATA,DERIVED
CP-DEMO-001,BATCH-DEMO-001,SHIP-DEMO-001,ZEN-RAW-S09:row:13549,ZEN-RAW-S09,SENSOR09,SENSOR09.CSV,row:13549,2024-09-10T08:48:55,LEG-03,REAL_PUBLIC_DATA,DERIVED
CP-DEMO-001,BATCH-DEMO-001,SHIP-DEMO-001,ZEN-RAW-S09:row:13550,ZEN-RAW-S09,SENSOR09,SENSOR09.CSV,row:13550,2024-09-10T08:49:00,LEG-03,REAL_PUBLIC_DATA,DERIVED
CP-DEMO-001,BATCH-DEMO-001,SHIP-DEMO-001,ZEN-RAW-S09:row:13551,ZEN-RAW-S09,SENSOR09,SENSOR09.CSV,row:13551,2024-09-10T08:49:05,LEG-03,REAL_PUBLIC_DATA,DERIVED
CP-DEMO-001,BATCH-DEMO-001,SHIP-DEMO-001,ZEN-RAW-S09:row:13552,ZEN-RAW-S09,SENSOR09,SENSOR09.CSV,row:13552,2024-09-10T08:49:10,LEG-03,REAL_PUBLIC_DATA,DERIVED
CP-DEMO-001,BATCH-DEMO-001,SHIP-DEMO-001,ZEN-RAW-S09:row:13553,ZEN-RAW-S09,SENSOR09,SENSOR09.CSV,row:13553,2024-09-10T08:49:15,LEG-03,REAL_PUBLIC_DATA,DERIVED
CP-DEMO-001,BATCH-DEMO-001,SHIP-DEMO-001,ZEN-RAW-S09:row:13554,ZEN-RAW-S09,SENSOR09,SENSOR09.CSV,row:13554,2024-09-10T08:49:20,LEG-03,REAL_PUBLIC_DATA,DERIVED
CP-DEMO-001,BATCH-DEMO-001,SHIP-DEMO-001,ZEN-RAW-S09:row:13555,ZEN-RAW-S09,SENSOR09,SENSOR09.CSV,row:13555,2024-09-10T08:49:25,LEG-03,REAL_PUBLIC_DATA,DERIVED
CP-DEMO-001,BATCH-DEMO-001,SHIP-DEMO-001,ZEN-RAW-S09:row:13556,ZEN-RAW-S09,SENSOR09,SENSOR09.CSV,row:13556,2024-09-10T08:49:30,LEG-03,REAL_PUBLIC_DATA,DERIVED
CP-DEMO-001,BATCH-DEMO-001,SHIP-DEMO-001,ZEN-RAW-S09:row:13557,ZEN-RAW-S09,SENSOR09,SENSOR09.CSV,row:13557,2024-09-10T08:49:35,LEG-03,REAL_PUBLIC_DATA,DERIVED
CP-DEMO-001,BATCH-DEMO-001,SHIP-DEMO-001,ZEN-RAW-S09:row:13558,ZEN-RAW-S09,SENSOR09,SENSOR09.CSV,row:13558,2024-09-10T08:49:40,LEG-03,REAL_PUBLIC_DATA,DERIVED
CP-DEMO-001,BATCH-DEMO-001,SHIP-DEMO-001,ZEN-RAW-S09:row:13559,ZEN-RAW-S09,SENSOR09,SENSOR09.CSV,row:13559,2024-09-10T08:49:45,LEG-03,REAL_PUBLIC_DATA,DERIVED
CP-DEMO-001,BATCH-DEMO-001,SHIP-DEMO-001,ZEN-RAW-S09:row:13560,ZEN-RAW-S09,SENSOR09,SENSOR09.CSV,row:13560,2024-09-10T08:49:50,LEG-03,REAL_PUBLIC_DATA,DERIVED
CP-DEMO-001,BATCH-DEMO-001,SHIP-DEMO-001,ZEN-RAW-S09:row:13561,ZEN-RAW-S09,SENSOR09,SENSOR09.CSV,row:13561,2024-09-10T08:49:55,LEG-03,REAL_PUBLIC_DATA,DERIVED
CP-DEMO-001,BATCH-DEMO-001,SHIP-DEMO-001,ZEN-RAW-S09:row:13562,ZEN-RAW-S09,SENSOR09,SENSOR09.CSV,row:13562,2024-09-10T08:50:00,LEG-03,REAL_PUBLIC_DATA,DERIVED
CP-DEMO-001,BATCH-DEMO-001,SHIP-DEMO-001,ZEN-RAW-S09:row:13563,ZEN-RAW-S09,SENSOR09,SENSOR09.CSV,row:13563,2024-09-10T08:50:05,LEG-03,REAL_PUBLIC_DATA,DERIVED
CP-DEMO-001,BATCH-DEMO-001,SHIP-DEMO-001,ZEN-RAW-S09:row:13564,ZEN-RAW-S09,SENSOR09,SENSOR09.CSV,row:13564,2024-09-10T08:50:10,LEG-03,REAL_PUBLIC_DATA,DERIVED
CP-DEMO-001,BATCH-DEMO-001,SHIP-DEMO-001,ZEN-RAW-S09:row:13565,ZEN-RAW-S09,SENSOR09,SENSOR09.CSV,row:13565,2024-09-10T08:50:15,LEG-03,REAL_PUBLIC_DATA,DERIVED
CP-DEMO-001,BATCH-DEMO-001,SHIP-DEMO-001,ZEN-RAW-S09:row:13566,ZEN-RAW-S09,SENSOR09,SENSOR09.CSV,row:13566,2024-09-10T08:50:20,LEG-03,REAL_PUBLIC_DATA,DERIVED
CP-DEMO-001,BATCH-DEMO-001,SHIP-DEMO-001,ZEN-RAW-S09:row:13567,ZEN-RAW-S09,SENSOR09,SENSOR09.CSV,row:13567,2024-09-10T08:50:25,LEG-03,REAL_PUBLIC_DATA,DERIVED
CP-DEMO-001,BATCH-DEMO-001,SHIP-DEMO-001,ZEN-RAW-S09:row:13568,ZEN-RAW-S09,SENSOR09,SENSOR09.CSV,row:13568,2024-09-10T08:50:30,LEG-03,REAL_PUBLIC_DATA,DERIVED
CP-DEMO-001,BATCH-DEMO-001,SHIP-DEMO-001,ZEN-RAW-S09:row:13569,ZEN-RAW-S09,SENSOR09,SENSOR09.CSV,row:13569,2024-09-10T08:50:35,LEG-03,REAL_PUBLIC_DATA,DERIVED
CP-DEMO-001,BATCH-DEMO-001,SHIP-DEMO-001,ZEN-RAW-S09:row:13570,ZEN-RAW-S09,SENSOR09,SENSOR09.CSV,row:13570,2024-09-10T08:50:40,LEG-03,REAL_PUBLIC_DATA,DERIVED
CP-DEMO-001,BATCH-DEMO-001,SHIP-DEMO-001,ZEN-RAW-S09:row:13571,ZEN-RAW-S09,SENSOR09,SENSOR09.CSV,row:13571,2024-09-10T08:50:45,LEG-03,REAL_PUBLIC_DATA,DERIVED
CP-DEMO-001,BATCH-DEMO-001,SHIP-DEMO-001,ZEN-RAW-S09:row:13572,ZEN-RAW-S09,SENSOR09,SENSOR09.CSV,row:13572,2024-09-10T08:50:50,LEG-03,REAL_PUBLIC_DATA,DERIVED
CP-DEMO-001,BATCH-DEMO-001,SHIP-DEMO-001,ZEN-RAW-S09:row:13573,ZEN-RAW-S09,SENSOR09,SENSOR09.CSV,row:13573,2024-09-10T08:50:55,LEG-03,REAL_PUBLIC_DATA,DERIVED
CP-DEMO-001,BATCH-DEMO-001,SHIP-DEMO-001,ZEN-RAW-S09:row:13574,ZEN-RAW-S09,SENSOR09,SENSOR09.CSV,row:13574,2024-09-10T08:51:00,LEG-03,REAL_PUBLIC_DATA,DERIVED
CP-DEMO-001,BATCH-DEMO-001,SHIP-DEMO-001,ZEN-RAW-S09:row:13575,ZEN-RAW-S09,SENSOR09,SENSOR09.CSV,row:13575,2024-09-10T08:51:05,LEG-03,REAL_PUBLIC_DATA,DERIVED
CP-DEMO-001,BATCH-DEMO-001,SHIP-DEMO-001,ZEN-RAW-S09:row:13576,ZEN-RAW-S09,SENSOR09,SENSOR09.CSV,row:13576,2024-09-10T08:51:10,LEG-03,REAL_PUBLIC_DATA,DERIVED
CP-DEMO-001,BATCH-DEMO-001,SHIP-DEMO-001,ZEN-RAW-S09:row:13577,ZEN-RAW-S09,SENSOR09,SENSOR09.CSV,row:13577,2024-09-10T08:51:15,LEG-03,REAL_PUBLIC_DATA,DERIVED
CP-DEMO-001,BATCH-DEMO-001,SHIP-DEMO-001,ZEN-RAW-S09:row:13578,ZEN-RAW-S09,SENSOR09,SENSOR09.CSV,row:13578,2024-09-10T08:51:20,LEG-03,REAL_PUBLIC_DATA,DERIVED
CP-DEMO-001,BATCH-DEMO-001,SHIP-DEMO-001,ZEN-RAW-S09:row:13579,ZEN-RAW-S09,SENSOR09,SENSOR09.CSV,row:13579,2024-09-10T08:51:25,LEG-03,REAL_PUBLIC_DATA,DERIVED
CP-DEMO-001,BATCH-DEMO-001,SHIP-DEMO-001,ZEN-RAW-S09:row:13580,ZEN-RAW-S09,SENSOR09,SENSOR09.CSV,row:13580,2024-09-10T08:51:30,LEG-03,REAL_PUBLIC_DATA,DERIVED
CP-DEMO-001,BATCH-DEMO-001,SHIP-DEMO-001,ZEN-RAW-S09:row:13581,ZEN-RAW-S09,SENSOR09,SENSOR09.CSV,row:13581,2024-09-10T08:51:35,LEG-03,REAL_PUBLIC_DATA,DERIVED
CP-DEMO-001,BATCH-DEMO-001,SHIP-DEMO-001,ZEN-RAW-S09:row:13582,ZEN-RAW-S09,SENSOR09,SENSOR09.CSV,row:13582,2024-09-10T08:51:40,LEG-03,REAL_PUBLIC_DATA,DERIVED
CP-DEMO-001,BATCH-DEMO-001,SHIP-DEMO-001,ZEN-RAW-S09:row:13583,ZEN-RAW-S09,SENSOR09,SENSOR09.CSV,row:13583,2024-09-10T08:51:45,LEG-03,REAL_PUBLIC_DATA,DERIVED
CP-DEMO-001,BATCH-DEMO-001,SHIP-DEMO-001,ZEN-RAW-S09:row:13584,ZEN-RAW-S09,SENSOR09,SENSOR09.CSV,row:13584,2024-09-10T08:51:50,LEG-03,REAL_PUBLIC_DATA,DERIVED
CP-DEMO-001,BATCH-DEMO-001,SHIP-DEMO-001,ZEN-RAW-S09:row:13585,ZEN-RAW-S09,SENSOR09,SENSOR09.CSV,row:13585,2024-09-10T08:51:55,LEG-03,REAL_PUBLIC_DATA,DERIVED
CP-DEMO-001,BATCH-DEMO-001,SHIP-DEMO-001,ZEN-RAW-S09:row:13586,ZEN-RAW-S09,SENSOR09,SENSOR09.CSV,row:13586,2024-09-10T08:52:00,LEG-03,REAL_PUBLIC_DATA,DERIVED
CP-DEMO-001,BATCH-DEMO-001,SHIP-DEMO-001,ZEN-RAW-S09:row:13587,ZEN-RAW-S09,SENSOR09,SENSOR09.CSV,row:13587,2024-09-10T08:52:05,LEG-03,REAL_PUBLIC_DATA,DERIVED
CP-DEMO-001,BATCH-DEMO-001,SHIP-DEMO-001,ZEN-RAW-S09:row:13588,ZEN-RAW-S09,SENSOR09,SENSOR09.CSV,row:13588,2024-09-10T08:52:10,LEG-03,REAL_PUBLIC_DATA,DERIVED
CP-DEMO-001,BATCH-DEMO-001,SHIP-DEMO-001,ZEN-RAW-S09:row:13589,ZEN-RAW-S09,SENSOR09,SENSOR09.CSV,row:13589,2024-09-10T08:52:15,LEG-03,REAL_PUBLIC_DATA,DERIVED
CP-DEMO-001,BATCH-DEMO-001,SHIP-DEMO-001,ZEN-RAW-S09:row:13590,ZEN-RAW-S09,SENSOR09,SENSOR09.CSV,row:13590,2024-09-10T08:52:20,LEG-03,REAL_PUBLIC_DATA,DERIVED
CP-DEMO-001,BATCH-DEMO-001,SHIP-DEMO-001,ZEN-RAW-S09:row:13591,ZEN-RAW-S09,SENSOR09,SENSOR09.CSV,row:13591,2024-09-10T08:52:25,LEG-03,REAL_PUBLIC_DATA,DERIVED
CP-DEMO-001,BATCH-DEMO-001,SHIP-DEMO-001,ZEN-RAW-S09:row:13592,ZEN-RAW-S09,SENSOR09,SENSOR09.CSV,row:13592,2024-09-10T08:52:30,LEG-03,REAL_PUBLIC_DATA,DERIVED
CP-DEMO-001,BATCH-DEMO-001,SHIP-DEMO-001,ZEN-RAW-S09:row:13593,ZEN-RAW-S09,SENSOR09,SENSOR09.CSV,row:13593,2024-09-10T08:52:35,LEG-03,REAL_PUBLIC_DATA,DERIVED
CP-DEMO-001,BATCH-DEMO-001,SHIP-DEMO-001,ZEN-RAW-S09:row:13594,ZEN-RAW-S09,SENSOR09,SENSOR09.CSV,row:13594,2024-09-10T08:52:40,LEG-03,REAL_PUBLIC_DATA,DERIVED
CP-DEMO-001,BATCH-DEMO-001,SHIP-DEMO-001,ZEN-RAW-S09:row:13595,ZEN-RAW-S09,SENSOR09,SENSOR09.CSV,row:13595,2024-09-10T08:52:45,LEG-03,REAL_PUBLIC_DATA,DERIVED
CP-DEMO-001,BATCH-DEMO-001,SHIP-DEMO-001,ZEN-RAW-S09:row:13596,ZEN-RAW-S09,SENSOR09,SENSOR09.CSV,row:13596,2024-09-10T08:52:50,LEG-03,REAL_PUBLIC_DATA,DERIVED
CP-DEMO-001,BATCH-DEMO-001,SHIP-DEMO-001,ZEN-RAW-S09:row:13597,ZEN-RAW-S09,SENSOR09,SENSOR09.CSV,row:13597,2024-09-10T08:52:55,LEG-03,REAL_PUBLIC_DATA,DERIVED
CP-DEMO-001,BATCH-DEMO-001,SHIP-DEMO-001,ZEN-RAW-S09:row:13598,ZEN-RAW-S09,SENSOR09,SENSOR09.CSV,row:13598,2024-09-10T08:53:00,LEG-03,REAL_PUBLIC_DATA,DERIVED
CP-DEMO-001,BATCH-DEMO-001,SHIP-DEMO-001,ZEN-RAW-S09:row:13599,ZEN-RAW-S09,SENSOR09,SENSOR09.CSV,row:13599,2024-09-10T08:53:05,LEG-03,REAL_PUBLIC_DATA,DERIVED
CP-DEMO-001,BATCH-DEMO-001,SHIP-DEMO-001,ZEN-RAW-S09:row:13600,ZEN-RAW-S09,SENSOR09,SENSOR09.CSV,row:13600,2024-09-10T08:53:10,LEG-03,REAL_PUBLIC_DATA,DERIVED
CP-DEMO-001,BATCH-DEMO-001,SHIP-DEMO-001,ZEN-RAW-S09:row:13601,ZEN-RAW-S09,SENSOR09,SENSOR09.CSV,row:13601,2024-09-10T08:53:15,LEG-03,REAL_PUBLIC_DATA,DERIVED
CP-DEMO-001,BATCH-DEMO-001,SHIP-DEMO-001,ZEN-RAW-S09:row:13602,ZEN-RAW-S09,SENSOR09,SENSOR09.CSV,row:13602,2024-09-10T08:53:20,LEG-03,REAL_PUBLIC_DATA,DERIVED
CP-DEMO-001,BATCH-DEMO-001,SHIP-DEMO-001,ZEN-RAW-S09:row:13603,ZEN-RAW-S09,SENSOR09,SENSOR09.CSV,row:13603,2024-09-10T08:53:25,LEG-03,REAL_PUBLIC_DATA,DERIVED
CP-DEMO-001,BATCH-DEMO-001,SHIP-DEMO-001,ZEN-RAW-S09:row:13604,ZEN-RAW-S09,SENSOR09,SENSOR09.CSV,row:13604,2024-09-10T08:53:30,LEG-03,REAL_PUBLIC_DATA,DERIVED
CP-DEMO-001,BATCH-DEMO-001,SHIP-DEMO-001,ZEN-RAW-S09:row:13605,ZEN-RAW-S09,SENSOR09,SENSOR09.CSV,row:13605,2024-09-10T08:53:35,LEG-03,REAL_PUBLIC_DATA,DERIVED
CP-DEMO-001,BATCH-DEMO-001,SHIP-DEMO-001,ZEN-RAW-S09:row:13606,ZEN-RAW-S09,SENSOR09,SENSOR09.CSV,row:13606,2024-09-10T08:53:40,LEG-03,REAL_PUBLIC_DATA,DERIVED
CP-DEMO-001,BATCH-DEMO-001,SHIP-DEMO-001,ZEN-RAW-S09:row:13607,ZEN-RAW-S09,SENSOR09,SENSOR09.CSV,row:13607,2024-09-10T08:53:45,LEG-03,REAL_PUBLIC_DATA,DERIVED
CP-DEMO-001,BATCH-DEMO-001,SHIP-DEMO-001,ZEN-RAW-S09:row:13608,ZEN-RAW-S09,SENSOR09,SENSOR09.CSV,row:13608,2024-09-10T08:53:50,LEG-03,REAL_PUBLIC_DATA,DERIVED
CP-DEMO-001,BATCH-DEMO-001,SHIP-DEMO-001,ZEN-RAW-S09:row:13609,ZEN-RAW-S09,SENSOR09,SENSOR09.CSV,row:13609,2024-09-10T08:53:55,LEG-03,REAL_PUBLIC_DATA,DERIVED
CP-DEMO-001,BATCH-DEMO-001,SHIP-DEMO-001,ZEN-RAW-S09:row:13610,ZEN-RAW-S09,SENSOR09,SENSOR09.CSV,row:13610,2024-09-10T08:54:00,LEG-03,REAL_PUBLIC_DATA,DERIVED
CP-DEMO-001,BATCH-DEMO-001,SHIP-DEMO-001,ZEN-RAW-S09:row:13611,ZEN-RAW-S09,SENSOR09,SENSOR09.CSV,row:13611,2024-09-10T08:54:05,LEG-03,REAL_PUBLIC_DATA,DERIVED
CP-DEMO-001,BATCH-DEMO-001,SHIP-DEMO-001,ZEN-RAW-S09:row:13612,ZEN-RAW-S09,SENSOR09,SENSOR09.CSV,row:13612,2024-09-10T08:54:10,LEG-03,REAL_PUBLIC_DATA,DERIVED
CP-DEMO-001,BATCH-DEMO-001,SHIP-DEMO-001,ZEN-RAW-S09:row:13613,ZEN-RAW-S09,SENSOR09,SENSOR09.CSV,row:13613,2024-09-10T08:54:15,LEG-03,REAL_PUBLIC_DATA,DERIVED
CP-DEMO-001,BATCH-DEMO-001,SHIP-DEMO-001,ZEN-RAW-S09:row:13614,ZEN-RAW-S09,SENSOR09,SENSOR09.CSV,row:13614,2024-09-10T08:54:20,LEG-03,REAL_PUBLIC_DATA,DERIVED
CP-DEMO-001,BATCH-DEMO-001,SHIP-DEMO-001,ZEN-RAW-S09:row:13615,ZEN-RAW-S09,SENSOR09,SENSOR09.CSV,row:13615,2024-09-10T08:54:25,LEG-03,REAL_PUBLIC_DATA,DERIVED
CP-DEMO-001,BATCH-DEMO-001,SHIP-DEMO-001,ZEN-RAW-S09:row:13616,ZEN-RAW-S09,SENSOR09,SENSOR09.CSV,row:13616,2024-09-10T08:54:30,LEG-03,REAL_PUBLIC_DATA,DERIVED
CP-DEMO-001,BATCH-DEMO-001,SHIP-DEMO-001,ZEN-RAW-S09:row:13617,ZEN-RAW-S09,SENSOR09,SENSOR09.CSV,row:13617,2024-09-10T08:54:35,LEG-03,REAL_PUBLIC_DATA,DERIVED
CP-DEMO-001,BATCH-DEMO-001,SHIP-DEMO-001,ZEN-RAW-S09:row:13618,ZEN-RAW-S09,SENSOR09,SENSOR09.CSV,row:13618,2024-09-10T08:54:40,LEG-03,REAL_PUBLIC_DATA,DERIVED
CP-DEMO-001,BATCH-DEMO-001,SHIP-DEMO-001,ZEN-RAW-S09:row:13619,ZEN-RAW-S09,SENSOR09,SENSOR09.CSV,row:13619,2024-09-10T08:54:45,LEG-03,REAL_PUBLIC_DATA,DERIVED
CP-DEMO-001,BATCH-DEMO-001,SHIP-DEMO-001,ZEN-RAW-S09:row:13620,ZEN-RAW-S09,SENSOR09,SENSOR09.CSV,row:13620,2024-09-10T08:54:50,LEG-03,REAL_PUBLIC_DATA,DERIVED
CP-DEMO-001,BATCH-DEMO-001,SHIP-DEMO-001,ZEN-RAW-S09:row:13621,ZEN-RAW-S09,SENSOR09,SENSOR09.CSV,row:13621,2024-09-10T08:54:55,LEG-03,REAL_PUBLIC_DATA,DERIVED
CP-DEMO-001,BATCH-DEMO-001,SHIP-DEMO-001,ZEN-RAW-S09:row:13622,ZEN-RAW-S09,SENSOR09,SENSOR09.CSV,row:13622,2024-09-10T08:55:00,LEG-03,REAL_PUBLIC_DATA,DERIVED
CP-DEMO-001,BATCH-DEMO-001,SHIP-DEMO-001,ZEN-RAW-S09:row:13623,ZEN-RAW-S09,SENSOR09,SENSOR09.CSV,row:13623,2024-09-10T08:55:05,LEG-03,REAL_PUBLIC_DATA,DERIVED
CP-DEMO-001,BATCH-DEMO-001,SHIP-DEMO-001,ZEN-RAW-S09:row:13624,ZEN-RAW-S09,SENSOR09,SENSOR09.CSV,row:13624,2024-09-10T08:55:10,LEG-03,REAL_PUBLIC_DATA,DERIVED
CP-DEMO-001,BATCH-DEMO-001,SHIP-DEMO-001,ZEN-RAW-S09:row:13625,ZEN-RAW-S09,SENSOR09,SENSOR09.CSV,row:13625,2024-09-10T08:55:15,LEG-03,REAL_PUBLIC_DATA,DERIVED
CP-DEMO-001,BATCH-DEMO-001,SHIP-DEMO-001,ZEN-RAW-S09:row:13626,ZEN-RAW-S09,SENSOR09,SENSOR09.CSV,row:13626,2024-09-10T08:55:20,LEG-03,REAL_PUBLIC_DATA,DERIVED
CP-DEMO-001,BATCH-DEMO-001,SHIP-DEMO-001,ZEN-RAW-S09:row:13627,ZEN-RAW-S09,SENSOR09,SENSOR09.CSV,row:13627,2024-09-10T08:55:25,LEG-03,REAL_PUBLIC_DATA,DERIVED
CP-DEMO-001,BATCH-DEMO-001,SHIP-DEMO-001,ZEN-RAW-S09:row:13628,ZEN-RAW-S09,SENSOR09,SENSOR09.CSV,row:13628,2024-09-10T08:55:30,LEG-03,REAL_PUBLIC_DATA,DERIVED
CP-DEMO-001,BATCH-DEMO-001,SHIP-DEMO-001,ZEN-RAW-S09:row:13629,ZEN-RAW-S09,SENSOR09,SENSOR09.CSV,row:13629,2024-09-10T08:55:35,LEG-03,REAL_PUBLIC_DATA,DERIVED
CP-DEMO-001,BATCH-DEMO-001,SHIP-DEMO-001,ZEN-RAW-S09:row:13630,ZEN-RAW-S09,SENSOR09,SENSOR09.CSV,row:13630,2024-09-10T08:55:40,LEG-03,REAL_PUBLIC_DATA,DERIVED
CP-DEMO-001,BATCH-DEMO-001,SHIP-DEMO-001,ZEN-RAW-S09:row:13631,ZEN-RAW-S09,SENSOR09,SENSOR09.CSV,row:13631,2024-09-10T08:55:45,LEG-03,REAL_PUBLIC_DATA,DERIVED
CP-DEMO-001,BATCH-DEMO-001,SHIP-DEMO-001,ZEN-RAW-S09:row:13632,ZEN-RAW-S09,SENSOR09,SENSOR09.CSV,row:13632,2024-09-10T08:55:50,LEG-03,REAL_PUBLIC_DATA,DERIVED
CP-DEMO-001,BATCH-DEMO-001,SHIP-DEMO-001,ZEN-RAW-S09:row:13633,ZEN-RAW-S09,SENSOR09,SENSOR09.CSV,row:13633,2024-09-10T08:55:55,LEG-03,REAL_PUBLIC_DATA,DERIVED
CP-DEMO-001,BATCH-DEMO-001,SHIP-DEMO-001,ZEN-RAW-S09:row:13634,ZEN-RAW-S09,SENSOR09,SENSOR09.CSV,row:13634,2024-09-10T08:56:00,LEG-03,REAL_PUBLIC_DATA,DERIVED
CP-DEMO-001,BATCH-DEMO-001,SHIP-DEMO-001,ZEN-RAW-S09:row:13635,ZEN-RAW-S09,SENSOR09,SENSOR09.CSV,row:13635,2024-09-10T08:56:05,LEG-03,REAL_PUBLIC_DATA,DERIVED
CP-DEMO-001,BATCH-DEMO-001,SHIP-DEMO-001,ZEN-RAW-S09:row:13636,ZEN-RAW-S09,SENSOR09,SENSOR09.CSV,row:13636,2024-09-10T08:56:10,LEG-03,REAL_PUBLIC_DATA,DERIVED
CP-DEMO-001,BATCH-DEMO-001,SHIP-DEMO-001,ZEN-RAW-S09:row:13637,ZEN-RAW-S09,SENSOR09,SENSOR09.CSV,row:13637,2024-09-10T08:56:15,LEG-03,REAL_PUBLIC_DATA,DERIVED
CP-DEMO-001,BATCH-DEMO-001,SHIP-DEMO-001,ZEN-RAW-S09:row:13638,ZEN-RAW-S09,SENSOR09,SENSOR09.CSV,row:13638,2024-09-10T08:56:20,LEG-03,REAL_PUBLIC_DATA,DERIVED
CP-DEMO-001,BATCH-DEMO-001,SHIP-DEMO-001,ZEN-RAW-S09:row:13639,ZEN-RAW-S09,SENSOR09,SENSOR09.CSV,row:13639,2024-09-10T08:56:25,LEG-03,REAL_PUBLIC_DATA,DERIVED
CP-DEMO-001,BATCH-DEMO-001,SHIP-DEMO-001,ZEN-RAW-S09:row:13640,ZEN-RAW-S09,SENSOR09,SENSOR09.CSV,row:13640,2024-09-10T08:56:30,LEG-03,REAL_PUBLIC_DATA,DERIVED
CP-DEMO-001,BATCH-DEMO-001,SHIP-DEMO-001,ZEN-RAW-S09:row:13641,ZEN-RAW-S09,SENSOR09,SENSOR09.CSV,row:13641,2024-09-10T08:56:35,LEG-03,REAL_PUBLIC_DATA,DERIVED
CP-DEMO-001,BATCH-DEMO-001,SHIP-DEMO-001,ZEN-RAW-S09:row:13642,ZEN-RAW-S09,SENSOR09,SENSOR09.CSV,row:13642,2024-09-10T08:56:40,LEG-03,REAL_PUBLIC_DATA,DERIVED
CP-DEMO-001,BATCH-DEMO-001,SHIP-DEMO-001,ZEN-RAW-S09:row:13643,ZEN-RAW-S09,SENSOR09,SENSOR09.CSV,row:13643,2024-09-10T08:56:45,LEG-03,REAL_PUBLIC_DATA,DERIVED
CP-DEMO-001,BATCH-DEMO-001,SHIP-DEMO-001,ZEN-RAW-S09:row:13644,ZEN-RAW-S09,SENSOR09,SENSOR09.CSV,row:13644,2024-09-10T08:56:50,LEG-03,REAL_PUBLIC_DATA,DERIVED
CP-DEMO-001,BATCH-DEMO-001,SHIP-DEMO-001,ZEN-RAW-S09:row:13645,ZEN-RAW-S09,SENSOR09,SENSOR09.CSV,row:13645,2024-09-10T08:56:55,LEG-03,REAL_PUBLIC_DATA,DERIVED
CP-DEMO-001,BATCH-DEMO-001,SHIP-DEMO-001,ZEN-RAW-S09:row:13646,ZEN-RAW-S09,SENSOR09,SENSOR09.CSV,row:13646,2024-09-10T08:57:00,LEG-03,REAL_PUBLIC_DATA,DERIVED
CP-DEMO-001,BATCH-DEMO-001,SHIP-DEMO-001,ZEN-RAW-S09:row:13647,ZEN-RAW-S09,SENSOR09,SENSOR09.CSV,row:13647,2024-09-10T08:57:05,LEG-03,REAL_PUBLIC_DATA,DERIVED
CP-DEMO-001,BATCH-DEMO-001,SHIP-DEMO-001,ZEN-RAW-S09:row:13648,ZEN-RAW-S09,SENSOR09,SENSOR09.CSV,row:13648,2024-09-10T08:57:10,LEG-03,REAL_PUBLIC_DATA,DERIVED
CP-DEMO-001,BATCH-DEMO-001,SHIP-DEMO-001,ZEN-RAW-S09:row:13649,ZEN-RAW-S09,SENSOR09,SENSOR09.CSV,row:13649,2024-09-10T08:57:15,LEG-03,REAL_PUBLIC_DATA,DERIVED
CP-DEMO-001,BATCH-DEMO-001,SHIP-DEMO-001,ZEN-RAW-S09:row:13650,ZEN-RAW-S09,SENSOR09,SENSOR09.CSV,row:13650,2024-09-10T08:57:20,LEG-03,REAL_PUBLIC_DATA,DERIVED
CP-DEMO-001,BATCH-DEMO-001,SHIP-DEMO-001,ZEN-RAW-S09:row:13651,ZEN-RAW-S09,SENSOR09,SENSOR09.CSV,row:13651,2024-09-10T08:57:25,LEG-03,REAL_PUBLIC_DATA,DERIVED
CP-DEMO-001,BATCH-DEMO-001,SHIP-DEMO-001,ZEN-RAW-S09:row:13652,ZEN-RAW-S09,SENSOR09,SENSOR09.CSV,row:13652,2024-09-10T08:57:30,LEG-03,REAL_PUBLIC_DATA,DERIVED
CP-DEMO-001,BATCH-DEMO-001,SHIP-DEMO-001,ZEN-RAW-S09:row:13653,ZEN-RAW-S09,SENSOR09,SENSOR09.CSV,row:13653,2024-09-10T08:57:35,LEG-03,REAL_PUBLIC_DATA,DERIVED
CP-DEMO-001,BATCH-DEMO-001,SHIP-DEMO-001,ZEN-RAW-S09:row:13654,ZEN-RAW-S09,SENSOR09,SENSOR09.CSV,row:13654,2024-09-10T08:57:40,LEG-03,REAL_PUBLIC_DATA,DERIVED
CP-DEMO-001,BATCH-DEMO-001,SHIP-DEMO-001,ZEN-RAW-S09:row:13655,ZEN-RAW-S09,SENSOR09,SENSOR09.CSV,row:13655,2024-09-10T08:57:45,LEG-03,REAL_PUBLIC_DATA,DERIVED
CP-DEMO-001,BATCH-DEMO-001,SHIP-DEMO-001,ZEN-RAW-S09:row:13656,ZEN-RAW-S09,SENSOR09,SENSOR09.CSV,row:13656,2024-09-10T08:57:50,LEG-03,REAL_PUBLIC_DATA,DERIVED
CP-DEMO-001,BATCH-DEMO-001,SHIP-DEMO-001,ZEN-RAW-S09:row:13657,ZEN-RAW-S09,SENSOR09,SENSOR09.CSV,row:13657,2024-09-10T08:57:55,LEG-03,REAL_PUBLIC_DATA,DERIVED
CP-DEMO-001,BATCH-DEMO-001,SHIP-DEMO-001,ZEN-RAW-S09:row:13658,ZEN-RAW-S09,SENSOR09,SENSOR09.CSV,row:13658,2024-09-10T08:58:00,LEG-03,REAL_PUBLIC_DATA,DERIVED
CP-DEMO-001,BATCH-DEMO-001,SHIP-DEMO-001,ZEN-RAW-S09:row:13659,ZEN-RAW-S09,SENSOR09,SENSOR09.CSV,row:13659,2024-09-10T08:58:05,LEG-03,REAL_PUBLIC_DATA,DERIVED
CP-DEMO-001,BATCH-DEMO-001,SHIP-DEMO-001,ZEN-RAW-S09:row:13660,ZEN-RAW-S09,SENSOR09,SENSOR09.CSV,row:13660,2024-09-10T08:58:10,LEG-03,REAL_PUBLIC_DATA,DERIVED
CP-DEMO-001,BATCH-DEMO-001,SHIP-DEMO-001,ZEN-RAW-S09:row:13661,ZEN-RAW-S09,SENSOR09,SENSOR09.CSV,row:13661,2024-09-10T08:58:15,LEG-03,REAL_PUBLIC_DATA,DERIVED
CP-DEMO-001,BATCH-DEMO-001,SHIP-DEMO-001,ZEN-RAW-S09:row:13662,ZEN-RAW-S09,SENSOR09,SENSOR09.CSV,row:13662,2024-09-10T08:58:20,LEG-03,REAL_PUBLIC_DATA,DERIVED
CP-DEMO-001,BATCH-DEMO-001,SHIP-DEMO-001,ZEN-RAW-S09:row:13663,ZEN-RAW-S09,SENSOR09,SENSOR09.CSV,row:13663,2024-09-10T08:58:25,LEG-03,REAL_PUBLIC_DATA,DERIVED
CP-DEMO-001,BATCH-DEMO-001,SHIP-DEMO-001,ZEN-RAW-S09:row:13664,ZEN-RAW-S09,SENSOR09,SENSOR09.CSV,row:13664,2024-09-10T08:58:30,LEG-03,REAL_PUBLIC_DATA,DERIVED
CP-DEMO-001,BATCH-DEMO-001,SHIP-DEMO-001,ZEN-RAW-S09:row:13665,ZEN-RAW-S09,SENSOR09,SENSOR09.CSV,row:13665,2024-09-10T08:58:35,LEG-03,REAL_PUBLIC_DATA,DERIVED
CP-DEMO-001,BATCH-DEMO-001,SHIP-DEMO-001,ZEN-RAW-S09:row:13666,ZEN-RAW-S09,SENSOR09,SENSOR09.CSV,row:13666,2024-09-10T08:58:40,LEG-03,REAL_PUBLIC_DATA,DERIVED
CP-DEMO-001,BATCH-DEMO-001,SHIP-DEMO-001,ZEN-RAW-S09:row:13667,ZEN-RAW-S09,SENSOR09,SENSOR09.CSV,row:13667,2024-09-10T08:58:45,LEG-03,REAL_PUBLIC_DATA,DERIVED
CP-DEMO-001,BATCH-DEMO-001,SHIP-DEMO-001,ZEN-RAW-S09:row:13668,ZEN-RAW-S09,SENSOR09,SENSOR09.CSV,row:13668,2024-09-10T08:58:50,LEG-03,REAL_PUBLIC_DATA,DERIVED
CP-DEMO-001,BATCH-DEMO-001,SHIP-DEMO-001,ZEN-RAW-S09:row:13669,ZEN-RAW-S09,SENSOR09,SENSOR09.CSV,row:13669,2024-09-10T08:58:55,LEG-03,REAL_PUBLIC_DATA,DERIVED
CP-DEMO-001,BATCH-DEMO-001,SHIP-DEMO-001,ZEN-RAW-S09:row:13670,ZEN-RAW-S09,SENSOR09,SENSOR09.CSV,row:13670,2024-09-10T08:59:00,LEG-03,REAL_PUBLIC_DATA,DERIVED
CP-DEMO-001,BATCH-DEMO-001,SHIP-DEMO-001,ZEN-RAW-S09:row:13671,ZEN-RAW-S09,SENSOR09,SENSOR09.CSV,row:13671,2024-09-10T08:59:05,LEG-03,REAL_PUBLIC_DATA,DERIVED
CP-DEMO-001,BATCH-DEMO-001,SHIP-DEMO-001,ZEN-RAW-S09:row:13672,ZEN-RAW-S09,SENSOR09,SENSOR09.CSV,row:13672,2024-09-10T08:59:10,LEG-03,REAL_PUBLIC_DATA,DERIVED
CP-DEMO-001,BATCH-DEMO-001,SHIP-DEMO-001,ZEN-RAW-S09:row:13673,ZEN-RAW-S09,SENSOR09,SENSOR09.CSV,row:13673,2024-09-10T08:59:15,LEG-03,REAL_PUBLIC_DATA,DERIVED
CP-DEMO-001,BATCH-DEMO-001,SHIP-DEMO-001,ZEN-RAW-S09:row:13674,ZEN-RAW-S09,SENSOR09,SENSOR09.CSV,row:13674,2024-09-10T08:59:20,LEG-03,REAL_PUBLIC_DATA,DERIVED
CP-DEMO-001,BATCH-DEMO-001,SHIP-DEMO-001,ZEN-RAW-S09:row:13675,ZEN-RAW-S09,SENSOR09,SENSOR09.CSV,row:13675,2024-09-10T08:59:25,LEG-03,REAL_PUBLIC_DATA,DERIVED
CP-DEMO-001,BATCH-DEMO-001,SHIP-DEMO-001,ZEN-RAW-S09:row:13676,ZEN-RAW-S09,SENSOR09,SENSOR09.CSV,row:13676,2024-09-10T08:59:30,LEG-03,REAL_PUBLIC_DATA,DERIVED
CP-DEMO-001,BATCH-DEMO-001,SHIP-DEMO-001,ZEN-RAW-S09:row:13677,ZEN-RAW-S09,SENSOR09,SENSOR09.CSV,row:13677,2024-09-10T08:59:35,LEG-03,REAL_PUBLIC_DATA,DERIVED
CP-DEMO-001,BATCH-DEMO-001,SHIP-DEMO-001,ZEN-RAW-S09:row:13678,ZEN-RAW-S09,SENSOR09,SENSOR09.CSV,row:13678,2024-09-10T08:59:40,LEG-03,REAL_PUBLIC_DATA,DERIVED
CP-DEMO-001,BATCH-DEMO-001,SHIP-DEMO-001,ZEN-RAW-S09:row:13679,ZEN-RAW-S09,SENSOR09,SENSOR09.CSV,row:13679,2024-09-10T08:59:45,LEG-03,REAL_PUBLIC_DATA,DERIVED
CP-DEMO-001,BATCH-DEMO-001,SHIP-DEMO-001,ZEN-RAW-S09:row:13680,ZEN-RAW-S09,SENSOR09,SENSOR09.CSV,row:13680,2024-09-10T08:59:50,LEG-03,REAL_PUBLIC_DATA,DERIVED
CP-DEMO-001,BATCH-DEMO-001,SHIP-DEMO-001,ZEN-RAW-S09:row:13681,ZEN-RAW-S09,SENSOR09,SENSOR09.CSV,row:13681,2024-09-10T08:59:55,LEG-03,REAL_PUBLIC_DATA,DERIVED
CP-DEMO-001,BATCH-DEMO-001,SHIP-DEMO-001,ZEN-RAW-S09:row:13682,ZEN-RAW-S09,SENSOR09,SENSOR09.CSV,row:13682,2024-09-10T09:00:00,LEG-03,REAL_PUBLIC_DATA,DERIVED
CP-DEMO-001,BATCH-DEMO-001,SHIP-DEMO-001,ZEN-RAW-S09:row:13683,ZEN-RAW-S09,SENSOR09,SENSOR09.CSV,row:13683,2024-09-10T09:00:05,LEG-03,REAL_PUBLIC_DATA,DERIVED
CP-DEMO-001,BATCH-DEMO-001,SHIP-DEMO-001,ZEN-RAW-S09:row:13684,ZEN-RAW-S09,SENSOR09,SENSOR09.CSV,row:13684,2024-09-10T09:00:10,LEG-03,REAL_PUBLIC_DATA,DERIVED
CP-DEMO-001,BATCH-DEMO-001,SHIP-DEMO-001,ZEN-RAW-S09:row:13685,ZEN-RAW-S09,SENSOR09,SENSOR09.CSV,row:13685,2024-09-10T09:00:15,LEG-03,REAL_PUBLIC_DATA,DERIVED
CP-DEMO-001,BATCH-DEMO-001,SHIP-DEMO-001,ZEN-RAW-S09:row:13686,ZEN-RAW-S09,SENSOR09,SENSOR09.CSV,row:13686,2024-09-10T09:00:20,LEG-03,REAL_PUBLIC_DATA,DERIVED
CP-DEMO-001,BATCH-DEMO-001,SHIP-DEMO-001,ZEN-RAW-S09:row:13687,ZEN-RAW-S09,SENSOR09,SENSOR09.CSV,row:13687,2024-09-10T09:00:25,LEG-03,REAL_PUBLIC_DATA,DERIVED
CP-DEMO-001,BATCH-DEMO-001,SHIP-DEMO-001,ZEN-RAW-S09:row:13688,ZEN-RAW-S09,SENSOR09,SENSOR09.CSV,row:13688,2024-09-10T09:00:30,LEG-03,REAL_PUBLIC_DATA,DERIVED
CP-DEMO-001,BATCH-DEMO-001,SHIP-DEMO-001,ZEN-RAW-S09:row:13689,ZEN-RAW-S09,SENSOR09,SENSOR09.CSV,row:13689,2024-09-10T09:00:35,LEG-03,REAL_PUBLIC_DATA,DERIVED
CP-DEMO-001,BATCH-DEMO-001,SHIP-DEMO-001,ZEN-RAW-S09:row:13690,ZEN-RAW-S09,SENSOR09,SENSOR09.CSV,row:13690,2024-09-10T09:00:40,LEG-03,REAL_PUBLIC_DATA,DERIVED
CP-DEMO-001,BATCH-DEMO-001,SHIP-DEMO-001,ZEN-RAW-S09:row:13691,ZEN-RAW-S09,SENSOR09,SENSOR09.CSV,row:13691,2024-09-10T09:00:45,LEG-03,REAL_PUBLIC_DATA,DERIVED
CP-DEMO-001,BATCH-DEMO-001,SHIP-DEMO-001,ZEN-RAW-S09:row:13692,ZEN-RAW-S09,SENSOR09,SENSOR09.CSV,row:13692,2024-09-10T09:00:50,LEG-03,REAL_PUBLIC_DATA,DERIVED
CP-DEMO-001,BATCH-DEMO-001,SHIP-DEMO-001,ZEN-RAW-S09:row:13693,ZEN-RAW-S09,SENSOR09,SENSOR09.CSV,row:13693,2024-09-10T09:00:55,LEG-03,REAL_PUBLIC_DATA,DERIVED
CP-DEMO-001,BATCH-DEMO-001,SHIP-DEMO-001,ZEN-RAW-S09:row:13694,ZEN-RAW-S09,SENSOR09,SENSOR09.CSV,row:13694,2024-09-10T09:01:00,LEG-03,REAL_PUBLIC_DATA,DERIVED
CP-DEMO-001,BATCH-DEMO-001,SHIP-DEMO-001,ZEN-RAW-S09:row:13695,ZEN-RAW-S09,SENSOR09,SENSOR09.CSV,row:13695,2024-09-10T09:01:05,LEG-03,REAL_PUBLIC_DATA,DERIVED
CP-DEMO-001,BATCH-DEMO-001,SHIP-DEMO-001,ZEN-RAW-S09:row:13696,ZEN-RAW-S09,SENSOR09,SENSOR09.CSV,row:13696,2024-09-10T09:01:10,LEG-03,REAL_PUBLIC_DATA,DERIVED
CP-DEMO-001,BATCH-DEMO-001,SHIP-DEMO-001,ZEN-RAW-S09:row:13697,ZEN-RAW-S09,SENSOR09,SENSOR09.CSV,row:13697,2024-09-10T09:01:15,LEG-03,REAL_PUBLIC_DATA,DERIVED
CP-DEMO-001,BATCH-DEMO-001,SHIP-DEMO-001,ZEN-RAW-S09:row:13698,ZEN-RAW-S09,SENSOR09,SENSOR09.CSV,row:13698,2024-09-10T09:01:20,LEG-03,REAL_PUBLIC_DATA,DERIVED
CP-DEMO-001,BATCH-DEMO-001,SHIP-DEMO-001,ZEN-RAW-S09:row:13699,ZEN-RAW-S09,SENSOR09,SENSOR09.CSV,row:13699,2024-09-10T09:01:25,LEG-03,REAL_PUBLIC_DATA,DERIVED
CP-DEMO-001,BATCH-DEMO-001,SHIP-DEMO-001,ZEN-RAW-S09:row:13700,ZEN-RAW-S09,SENSOR09,SENSOR09.CSV,row:13700,2024-09-10T09:01:30,LEG-03,REAL_PUBLIC_DATA,DERIVED
CP-DEMO-001,BATCH-DEMO-001,SHIP-DEMO-001,ZEN-RAW-S09:row:13701,ZEN-RAW-S09,SENSOR09,SENSOR09.CSV,row:13701,2024-09-10T09:01:35,LEG-03,REAL_PUBLIC_DATA,DERIVED
CP-DEMO-001,BATCH-DEMO-001,SHIP-DEMO-001,ZEN-RAW-S09:row:13702,ZEN-RAW-S09,SENSOR09,SENSOR09.CSV,row:13702,2024-09-10T09:01:40,LEG-03,REAL_PUBLIC_DATA,DERIVED
CP-DEMO-001,BATCH-DEMO-001,SHIP-DEMO-001,ZEN-RAW-S09:row:13703,ZEN-RAW-S09,SENSOR09,SENSOR09.CSV,row:13703,2024-09-10T09:01:45,LEG-03,REAL_PUBLIC_DATA,DERIVED
CP-DEMO-001,BATCH-DEMO-001,SHIP-DEMO-001,ZEN-RAW-S09:row:13704,ZEN-RAW-S09,SENSOR09,SENSOR09.CSV,row:13704,2024-09-10T09:01:50,LEG-03,REAL_PUBLIC_DATA,DERIVED
CP-DEMO-001,BATCH-DEMO-001,SHIP-DEMO-001,ZEN-RAW-S09:row:13705,ZEN-RAW-S09,SENSOR09,SENSOR09.CSV,row:13705,2024-09-10T09:01:55,LEG-03,REAL_PUBLIC_DATA,DERIVED
CP-DEMO-001,BATCH-DEMO-001,SHIP-DEMO-001,ZEN-RAW-S09:row:13706,ZEN-RAW-S09,SENSOR09,SENSOR09.CSV,row:13706,2024-09-10T09:02:00,LEG-03,REAL_PUBLIC_DATA,DERIVED
CP-DEMO-001,BATCH-DEMO-001,SHIP-DEMO-001,ZEN-RAW-S09:row:13707,ZEN-RAW-S09,SENSOR09,SENSOR09.CSV,row:13707,2024-09-10T09:02:05,LEG-03,REAL_PUBLIC_DATA,DERIVED
CP-DEMO-001,BATCH-DEMO-001,SHIP-DEMO-001,ZEN-RAW-S09:row:13708,ZEN-RAW-S09,SENSOR09,SENSOR09.CSV,row:13708,2024-09-10T09:02:10,LEG-03,REAL_PUBLIC_DATA,DERIVED
CP-DEMO-001,BATCH-DEMO-001,SHIP-DEMO-001,ZEN-RAW-S09:row:13709,ZEN-RAW-S09,SENSOR09,SENSOR09.CSV,row:13709,2024-09-10T09:02:15,LEG-03,REAL_PUBLIC_DATA,DERIVED
CP-DEMO-001,BATCH-DEMO-001,SHIP-DEMO-001,ZEN-RAW-S09:row:13710,ZEN-RAW-S09,SENSOR09,SENSOR09.CSV,row:13710,2024-09-10T09:02:20,LEG-03,REAL_PUBLIC_DATA,DERIVED
CP-DEMO-001,BATCH-DEMO-001,SHIP-DEMO-001,ZEN-RAW-S09:row:13711,ZEN-RAW-S09,SENSOR09,SENSOR09.CSV,row:13711,2024-09-10T09:02:25,LEG-03,REAL_PUBLIC_DATA,DERIVED
CP-DEMO-001,BATCH-DEMO-001,SHIP-DEMO-001,ZEN-RAW-S09:row:13712,ZEN-RAW-S09,SENSOR09,SENSOR09.CSV,row:13712,2024-09-10T09:02:30,LEG-03,REAL_PUBLIC_DATA,DERIVED
CP-DEMO-001,BATCH-DEMO-001,SHIP-DEMO-001,ZEN-RAW-S09:row:13713,ZEN-RAW-S09,SENSOR09,SENSOR09.CSV,row:13713,2024-09-10T09:02:35,LEG-03,REAL_PUBLIC_DATA,DERIVED
CP-DEMO-001,BATCH-DEMO-001,SHIP-DEMO-001,ZEN-RAW-S09:row:13714,ZEN-RAW-S09,SENSOR09,SENSOR09.CSV,row:13714,2024-09-10T09:02:40,LEG-03,REAL_PUBLIC_DATA,DERIVED
CP-DEMO-001,BATCH-DEMO-001,SHIP-DEMO-001,ZEN-RAW-S09:row:13715,ZEN-RAW-S09,SENSOR09,SENSOR09.CSV,row:13715,2024-09-10T09:02:45,LEG-03,REAL_PUBLIC_DATA,DERIVED
CP-DEMO-001,BATCH-DEMO-001,SHIP-DEMO-001,ZEN-RAW-S09:row:13716,ZEN-RAW-S09,SENSOR09,SENSOR09.CSV,row:13716,2024-09-10T09:02:50,LEG-03,REAL_PUBLIC_DATA,DERIVED
CP-DEMO-001,BATCH-DEMO-001,SHIP-DEMO-001,ZEN-RAW-S09:row:13717,ZEN-RAW-S09,SENSOR09,SENSOR09.CSV,row:13717,2024-09-10T09:02:55,LEG-03,REAL_PUBLIC_DATA,DERIVED
CP-DEMO-001,BATCH-DEMO-001,SHIP-DEMO-001,ZEN-RAW-S09:row:13718,ZEN-RAW-S09,SENSOR09,SENSOR09.CSV,row:13718,2024-09-10T09:03:00,LEG-03,REAL_PUBLIC_DATA,DERIVED
CP-DEMO-001,BATCH-DEMO-001,SHIP-DEMO-001,ZEN-RAW-S09:row:13719,ZEN-RAW-S09,SENSOR09,SENSOR09.CSV,row:13719,2024-09-10T09:03:05,LEG-03,REAL_PUBLIC_DATA,DERIVED
CP-DEMO-001,BATCH-DEMO-001,SHIP-DEMO-001,ZEN-RAW-S09:row:13720,ZEN-RAW-S09,SENSOR09,SENSOR09.CSV,row:13720,2024-09-10T09:03:10,LEG-03,REAL_PUBLIC_DATA,DERIVED
CP-DEMO-001,BATCH-DEMO-001,SHIP-DEMO-001,ZEN-RAW-S09:row:13721,ZEN-RAW-S09,SENSOR09,SENSOR09.CSV,row:13721,2024-09-10T09:03:15,LEG-03,REAL_PUBLIC_DATA,DERIVED
CP-DEMO-001,BATCH-DEMO-001,SHIP-DEMO-001,ZEN-RAW-S09:row:13722,ZEN-RAW-S09,SENSOR09,SENSOR09.CSV,row:13722,2024-09-10T09:03:20,LEG-03,REAL_PUBLIC_DATA,DERIVED
CP-DEMO-001,BATCH-DEMO-001,SHIP-DEMO-001,ZEN-RAW-S09:row:13723,ZEN-RAW-S09,SENSOR09,SENSOR09.CSV,row:13723,2024-09-10T09:03:25,LEG-03,REAL_PUBLIC_DATA,DERIVED
CP-DEMO-001,BATCH-DEMO-001,SHIP-DEMO-001,ZEN-RAW-S09:row:13724,ZEN-RAW-S09,SENSOR09,SENSOR09.CSV,row:13724,2024-09-10T09:03:30,LEG-03,REAL_PUBLIC_DATA,DERIVED
CP-DEMO-001,BATCH-DEMO-001,SHIP-DEMO-001,ZEN-RAW-S09:row:13725,ZEN-RAW-S09,SENSOR09,SENSOR09.CSV,row:13725,2024-09-10T09:03:35,LEG-03,REAL_PUBLIC_DATA,DERIVED
CP-DEMO-001,BATCH-DEMO-001,SHIP-DEMO-001,ZEN-RAW-S09:row:13726,ZEN-RAW-S09,SENSOR09,SENSOR09.CSV,row:13726,2024-09-10T09:03:40,LEG-03,REAL_PUBLIC_DATA,DERIVED
CP-DEMO-001,BATCH-DEMO-001,SHIP-DEMO-001,ZEN-RAW-S09:row:13727,ZEN-RAW-S09,SENSOR09,SENSOR09.CSV,row:13727,2024-09-10T09:03:45,LEG-03,REAL_PUBLIC_DATA,DERIVED
CP-DEMO-001,BATCH-DEMO-001,SHIP-DEMO-001,ZEN-RAW-S09:row:13728,ZEN-RAW-S09,SENSOR09,SENSOR09.CSV,row:13728,2024-09-10T09:03:50,LEG-03,REAL_PUBLIC_DATA,DERIVED
CP-DEMO-001,BATCH-DEMO-001,SHIP-DEMO-001,ZEN-RAW-S09:row:13729,ZEN-RAW-S09,SENSOR09,SENSOR09.CSV,row:13729,2024-09-10T09:03:55,LEG-03,REAL_PUBLIC_DATA,DERIVED
CP-DEMO-001,BATCH-DEMO-001,SHIP-DEMO-001,ZEN-RAW-S09:row:13730,ZEN-RAW-S09,SENSOR09,SENSOR09.CSV,row:13730,2024-09-10T09:04:00,LEG-03,REAL_PUBLIC_DATA,DERIVED
CP-DEMO-001,BATCH-DEMO-001,SHIP-DEMO-001,ZEN-RAW-S09:row:13731,ZEN-RAW-S09,SENSOR09,SENSOR09.CSV,row:13731,2024-09-10T09:04:05,LEG-03,REAL_PUBLIC_DATA,DERIVED
CP-DEMO-001,BATCH-DEMO-001,SHIP-DEMO-001,ZEN-RAW-S09:row:13732,ZEN-RAW-S09,SENSOR09,SENSOR09.CSV,row:13732,2024-09-10T09:04:10,LEG-03,REAL_PUBLIC_DATA,DERIVED
CP-DEMO-001,BATCH-DEMO-001,SHIP-DEMO-001,ZEN-RAW-S09:row:13733,ZEN-RAW-S09,SENSOR09,SENSOR09.CSV,row:13733,2024-09-10T09:04:15,LEG-03,REAL_PUBLIC_DATA,DERIVED
CP-DEMO-001,BATCH-DEMO-001,SHIP-DEMO-001,ZEN-RAW-S09:row:13734,ZEN-RAW-S09,SENSOR09,SENSOR09.CSV,row:13734,2024-09-10T09:04:20,LEG-03,REAL_PUBLIC_DATA,DERIVED
CP-DEMO-001,BATCH-DEMO-001,SHIP-DEMO-001,ZEN-RAW-S09:row:13735,ZEN-RAW-S09,SENSOR09,SENSOR09.CSV,row:13735,2024-09-10T09:04:25,LEG-03,REAL_PUBLIC_DATA,DERIVED
CP-DEMO-001,BATCH-DEMO-001,SHIP-DEMO-001,ZEN-RAW-S09:row:13736,ZEN-RAW-S09,SENSOR09,SENSOR09.CSV,row:13736,2024-09-10T09:04:30,LEG-03,REAL_PUBLIC_DATA,DERIVED
CP-DEMO-001,BATCH-DEMO-001,SHIP-DEMO-001,ZEN-RAW-S09:row:13737,ZEN-RAW-S09,SENSOR09,SENSOR09.CSV,row:13737,2024-09-10T09:04:35,LEG-03,REAL_PUBLIC_DATA,DERIVED
CP-DEMO-001,BATCH-DEMO-001,SHIP-DEMO-001,ZEN-RAW-S09:row:13738,ZEN-RAW-S09,SENSOR09,SENSOR09.CSV,row:13738,2024-09-10T09:04:40,LEG-03,REAL_PUBLIC_DATA,DERIVED
CP-DEMO-001,BATCH-DEMO-001,SHIP-DEMO-001,ZEN-RAW-S09:row:13739,ZEN-RAW-S09,SENSOR09,SENSOR09.CSV,row:13739,2024-09-10T09:04:45,LEG-03,REAL_PUBLIC_DATA,DERIVED
CP-DEMO-001,BATCH-DEMO-001,SHIP-DEMO-001,ZEN-RAW-S09:row:13740,ZEN-RAW-S09,SENSOR09,SENSOR09.CSV,row:13740,2024-09-10T09:04:50,LEG-03,REAL_PUBLIC_DATA,DERIVED
CP-DEMO-001,BATCH-DEMO-001,SHIP-DEMO-001,ZEN-RAW-S09:row:13741,ZEN-RAW-S09,SENSOR09,SENSOR09.CSV,row:13741,2024-09-10T09:04:55,LEG-03,REAL_PUBLIC_DATA,DERIVED
CP-DEMO-001,BATCH-DEMO-001,SHIP-DEMO-001,ZEN-RAW-S09:row:13742,ZEN-RAW-S09,SENSOR09,SENSOR09.CSV,row:13742,2024-09-10T09:05:00,LEG-03,REAL_PUBLIC_DATA,DERIVED
CP-DEMO-001,BATCH-DEMO-001,SHIP-DEMO-001,ZEN-RAW-S09:row:13743,ZEN-RAW-S09,SENSOR09,SENSOR09.CSV,row:13743,2024-09-10T09:05:05,LEG-03,REAL_PUBLIC_DATA,DERIVED
CP-DEMO-001,BATCH-DEMO-001,SHIP-DEMO-001,ZEN-RAW-S09:row:13744,ZEN-RAW-S09,SENSOR09,SENSOR09.CSV,row:13744,2024-09-10T09:05:10,LEG-03,REAL_PUBLIC_DATA,DERIVED
CP-DEMO-001,BATCH-DEMO-001,SHIP-DEMO-001,ZEN-RAW-S09:row:13745,ZEN-RAW-S09,SENSOR09,SENSOR09.CSV,row:13745,2024-09-10T09:05:15,LEG-03,REAL_PUBLIC_DATA,DERIVED
CP-DEMO-001,BATCH-DEMO-001,SHIP-DEMO-001,ZEN-RAW-S09:row:13746,ZEN-RAW-S09,SENSOR09,SENSOR09.CSV,row:13746,2024-09-10T09:05:20,LEG-03,REAL_PUBLIC_DATA,DERIVED
CP-DEMO-001,BATCH-DEMO-001,SHIP-DEMO-001,ZEN-RAW-S09:row:13747,ZEN-RAW-S09,SENSOR09,SENSOR09.CSV,row:13747,2024-09-10T09:05:25,LEG-03,REAL_PUBLIC_DATA,DERIVED
CP-DEMO-001,BATCH-DEMO-001,SHIP-DEMO-001,ZEN-RAW-S09:row:13748,ZEN-RAW-S09,SENSOR09,SENSOR09.CSV,row:13748,2024-09-10T09:05:30,LEG-03,REAL_PUBLIC_DATA,DERIVED
CP-DEMO-001,BATCH-DEMO-001,SHIP-DEMO-001,ZEN-RAW-S09:row:13749,ZEN-RAW-S09,SENSOR09,SENSOR09.CSV,row:13749,2024-09-10T09:05:35,LEG-03,REAL_PUBLIC_DATA,DERIVED
CP-DEMO-001,BATCH-DEMO-001,SHIP-DEMO-001,ZEN-RAW-S09:row:13750,ZEN-RAW-S09,SENSOR09,SENSOR09.CSV,row:13750,2024-09-10T09:05:40,LEG-03,REAL_PUBLIC_DATA,DERIVED
CP-DEMO-001,BATCH-DEMO-001,SHIP-DEMO-001,ZEN-RAW-S09:row:13751,ZEN-RAW-S09,SENSOR09,SENSOR09.CSV,row:13751,2024-09-10T09:05:45,LEG-03,REAL_PUBLIC_DATA,DERIVED
CP-DEMO-001,BATCH-DEMO-001,SHIP-DEMO-001,ZEN-RAW-S09:row:13752,ZEN-RAW-S09,SENSOR09,SENSOR09.CSV,row:13752,2024-09-10T09:05:50,LEG-03,REAL_PUBLIC_DATA,DERIVED
CP-DEMO-001,BATCH-DEMO-001,SHIP-DEMO-001,ZEN-RAW-S09:row:13753,ZEN-RAW-S09,SENSOR09,SENSOR09.CSV,row:13753,2024-09-10T09:05:55,LEG-03,REAL_PUBLIC_DATA,DERIVED
CP-DEMO-001,BATCH-DEMO-001,SHIP-DEMO-001,ZEN-RAW-S09:row:13754,ZEN-RAW-S09,SENSOR09,SENSOR09.CSV,row:13754,2024-09-10T09:06:00,LEG-03,REAL_PUBLIC_DATA,DERIVED
CP-DEMO-001,BATCH-DEMO-001,SHIP-DEMO-001,ZEN-RAW-S09:row:13755,ZEN-RAW-S09,SENSOR09,SENSOR09.CSV,row:13755,2024-09-10T09:06:05,LEG-03,REAL_PUBLIC_DATA,DERIVED
CP-DEMO-001,BATCH-DEMO-001,SHIP-DEMO-001,ZEN-RAW-S09:row:13756,ZEN-RAW-S09,SENSOR09,SENSOR09.CSV,row:13756,2024-09-10T09:06:10,LEG-03,REAL_PUBLIC_DATA,DERIVED
CP-DEMO-001,BATCH-DEMO-001,SHIP-DEMO-001,ZEN-RAW-S09:row:13757,ZEN-RAW-S09,SENSOR09,SENSOR09.CSV,row:13757,2024-09-10T09:06:15,LEG-03,REAL_PUBLIC_DATA,DERIVED
CP-DEMO-001,BATCH-DEMO-001,SHIP-DEMO-001,ZEN-RAW-S09:row:13758,ZEN-RAW-S09,SENSOR09,SENSOR09.CSV,row:13758,2024-09-10T09:06:20,LEG-03,REAL_PUBLIC_DATA,DERIVED
CP-DEMO-001,BATCH-DEMO-001,SHIP-DEMO-001,ZEN-RAW-S09:row:13759,ZEN-RAW-S09,SENSOR09,SENSOR09.CSV,row:13759,2024-09-10T09:06:25,LEG-03,REAL_PUBLIC_DATA,DERIVED
CP-DEMO-001,BATCH-DEMO-001,SHIP-DEMO-001,ZEN-RAW-S09:row:13760,ZEN-RAW-S09,SENSOR09,SENSOR09.CSV,row:13760,2024-09-10T09:06:30,LEG-03,REAL_PUBLIC_DATA,DERIVED
CP-DEMO-001,BATCH-DEMO-001,SHIP-DEMO-001,ZEN-RAW-S09:row:13761,ZEN-RAW-S09,SENSOR09,SENSOR09.CSV,row:13761,2024-09-10T09:06:35,LEG-03,REAL_PUBLIC_DATA,DERIVED
CP-DEMO-001,BATCH-DEMO-001,SHIP-DEMO-001,ZEN-RAW-S09:row:13762,ZEN-RAW-S09,SENSOR09,SENSOR09.CSV,row:13762,2024-09-10T09:06:40,LEG-03,REAL_PUBLIC_DATA,DERIVED
CP-DEMO-001,BATCH-DEMO-001,SHIP-DEMO-001,ZEN-RAW-S09:row:13763,ZEN-RAW-S09,SENSOR09,SENSOR09.CSV,row:13763,2024-09-10T09:06:45,LEG-03,REAL_PUBLIC_DATA,DERIVED
CP-DEMO-001,BATCH-DEMO-001,SHIP-DEMO-001,ZEN-RAW-S09:row:13764,ZEN-RAW-S09,SENSOR09,SENSOR09.CSV,row:13764,2024-09-10T09:06:50,LEG-03,REAL_PUBLIC_DATA,DERIVED
CP-DEMO-001,BATCH-DEMO-001,SHIP-DEMO-001,ZEN-RAW-S09:row:13765,ZEN-RAW-S09,SENSOR09,SENSOR09.CSV,row:13765,2024-09-10T09:06:55,LEG-03,REAL_PUBLIC_DATA,DERIVED
CP-DEMO-001,BATCH-DEMO-001,SHIP-DEMO-001,ZEN-RAW-S09:row:13766,ZEN-RAW-S09,SENSOR09,SENSOR09.CSV,row:13766,2024-09-10T09:07:00,LEG-03,REAL_PUBLIC_DATA,DERIVED
CP-DEMO-001,BATCH-DEMO-001,SHIP-DEMO-001,ZEN-RAW-S09:row:13767,ZEN-RAW-S09,SENSOR09,SENSOR09.CSV,row:13767,2024-09-10T09:07:05,LEG-03,REAL_PUBLIC_DATA,DERIVED
CP-DEMO-001,BATCH-DEMO-001,SHIP-DEMO-001,ZEN-RAW-S09:row:13768,ZEN-RAW-S09,SENSOR09,SENSOR09.CSV,row:13768,2024-09-10T09:07:10,LEG-03,REAL_PUBLIC_DATA,DERIVED
CP-DEMO-001,BATCH-DEMO-001,SHIP-DEMO-001,ZEN-RAW-S09:row:13769,ZEN-RAW-S09,SENSOR09,SENSOR09.CSV,row:13769,2024-09-10T09:07:15,LEG-03,REAL_PUBLIC_DATA,DERIVED
CP-DEMO-001,BATCH-DEMO-001,SHIP-DEMO-001,ZEN-RAW-S09:row:13770,ZEN-RAW-S09,SENSOR09,SENSOR09.CSV,row:13770,2024-09-10T09:07:20,LEG-03,REAL_PUBLIC_DATA,DERIVED
CP-DEMO-001,BATCH-DEMO-001,SHIP-DEMO-001,ZEN-RAW-S09:row:13771,ZEN-RAW-S09,SENSOR09,SENSOR09.CSV,row:13771,2024-09-10T09:07:25,LEG-03,REAL_PUBLIC_DATA,DERIVED
CP-DEMO-001,BATCH-DEMO-001,SHIP-DEMO-001,ZEN-RAW-S09:row:13772,ZEN-RAW-S09,SENSOR09,SENSOR09.CSV,row:13772,2024-09-10T09:07:30,LEG-03,REAL_PUBLIC_DATA,DERIVED
CP-DEMO-001,BATCH-DEMO-001,SHIP-DEMO-001,ZEN-RAW-S09:row:13773,ZEN-RAW-S09,SENSOR09,SENSOR09.CSV,row:13773,2024-09-10T09:07:35,LEG-03,REAL_PUBLIC_DATA,DERIVED
CP-DEMO-001,BATCH-DEMO-001,SHIP-DEMO-001,ZEN-RAW-S09:row:13774,ZEN-RAW-S09,SENSOR09,SENSOR09.CSV,row:13774,2024-09-10T09:07:40,LEG-03,REAL_PUBLIC_DATA,DERIVED
CP-DEMO-001,BATCH-DEMO-001,SHIP-DEMO-001,ZEN-RAW-S09:row:13775,ZEN-RAW-S09,SENSOR09,SENSOR09.CSV,row:13775,2024-09-10T09:07:45,LEG-03,REAL_PUBLIC_DATA,DERIVED
CP-DEMO-001,BATCH-DEMO-001,SHIP-DEMO-001,ZEN-RAW-S09:row:13776,ZEN-RAW-S09,SENSOR09,SENSOR09.CSV,row:13776,2024-09-10T09:07:50,LEG-03,REAL_PUBLIC_DATA,DERIVED
CP-DEMO-001,BATCH-DEMO-001,SHIP-DEMO-001,ZEN-RAW-S09:row:13777,ZEN-RAW-S09,SENSOR09,SENSOR09.CSV,row:13777,2024-09-10T09:07:55,LEG-03,REAL_PUBLIC_DATA,DERIVED
CP-DEMO-001,BATCH-DEMO-001,SHIP-DEMO-001,ZEN-RAW-S09:row:13778,ZEN-RAW-S09,SENSOR09,SENSOR09.CSV,row:13778,2024-09-10T09:08:00,LEG-03,REAL_PUBLIC_DATA,DERIVED
CP-DEMO-001,BATCH-DEMO-001,SHIP-DEMO-001,ZEN-RAW-S09:row:13779,ZEN-RAW-S09,SENSOR09,SENSOR09.CSV,row:13779,2024-09-10T09:08:05,LEG-03,REAL_PUBLIC_DATA,DERIVED
CP-DEMO-001,BATCH-DEMO-001,SHIP-DEMO-001,ZEN-RAW-S09:row:13780,ZEN-RAW-S09,SENSOR09,SENSOR09.CSV,row:13780,2024-09-10T09:08:10,LEG-03,REAL_PUBLIC_DATA,DERIVED
CP-DEMO-001,BATCH-DEMO-001,SHIP-DEMO-001,ZEN-RAW-S09:row:13781,ZEN-RAW-S09,SENSOR09,SENSOR09.CSV,row:13781,2024-09-10T09:08:15,LEG-03,REAL_PUBLIC_DATA,DERIVED
CP-DEMO-001,BATCH-DEMO-001,SHIP-DEMO-001,ZEN-RAW-S09:row:13782,ZEN-RAW-S09,SENSOR09,SENSOR09.CSV,row:13782,2024-09-10T09:08:20,LEG-03,REAL_PUBLIC_DATA,DERIVED
CP-DEMO-001,BATCH-DEMO-001,SHIP-DEMO-001,ZEN-RAW-S09:row:13783,ZEN-RAW-S09,SENSOR09,SENSOR09.CSV,row:13783,2024-09-10T09:08:25,LEG-03,REAL_PUBLIC_DATA,DERIVED
CP-DEMO-001,BATCH-DEMO-001,SHIP-DEMO-001,ZEN-RAW-S09:row:13784,ZEN-RAW-S09,SENSOR09,SENSOR09.CSV,row:13784,2024-09-10T09:08:30,LEG-03,REAL_PUBLIC_DATA,DERIVED
CP-DEMO-001,BATCH-DEMO-001,SHIP-DEMO-001,ZEN-RAW-S09:row:13785,ZEN-RAW-S09,SENSOR09,SENSOR09.CSV,row:13785,2024-09-10T09:08:35,LEG-03,REAL_PUBLIC_DATA,DERIVED
CP-DEMO-001,BATCH-DEMO-001,SHIP-DEMO-001,ZEN-RAW-S09:row:13786,ZEN-RAW-S09,SENSOR09,SENSOR09.CSV,row:13786,2024-09-10T09:08:40,LEG-03,REAL_PUBLIC_DATA,DERIVED
CP-DEMO-001,BATCH-DEMO-001,SHIP-DEMO-001,ZEN-RAW-S09:row:13787,ZEN-RAW-S09,SENSOR09,SENSOR09.CSV,row:13787,2024-09-10T09:08:45,LEG-03,REAL_PUBLIC_DATA,DERIVED
CP-DEMO-001,BATCH-DEMO-001,SHIP-DEMO-001,ZEN-RAW-S09:row:13788,ZEN-RAW-S09,SENSOR09,SENSOR09.CSV,row:13788,2024-09-10T09:08:50,LEG-03,REAL_PUBLIC_DATA,DERIVED
CP-DEMO-001,BATCH-DEMO-001,SHIP-DEMO-001,ZEN-RAW-S09:row:13789,ZEN-RAW-S09,SENSOR09,SENSOR09.CSV,row:13789,2024-09-10T09:08:55,LEG-03,REAL_PUBLIC_DATA,DERIVED
CP-DEMO-001,BATCH-DEMO-001,SHIP-DEMO-001,ZEN-RAW-S09:row:13790,ZEN-RAW-S09,SENSOR09,SENSOR09.CSV,row:13790,2024-09-10T09:09:00,LEG-03,REAL_PUBLIC_DATA,DERIVED
CP-DEMO-001,BATCH-DEMO-001,SHIP-DEMO-001,ZEN-RAW-S09:row:13791,ZEN-RAW-S09,SENSOR09,SENSOR09.CSV,row:13791,2024-09-10T09:09:05,LEG-03,REAL_PUBLIC_DATA,DERIVED
CP-DEMO-001,BATCH-DEMO-001,SHIP-DEMO-001,ZEN-RAW-S09:row:13792,ZEN-RAW-S09,SENSOR09,SENSOR09.CSV,row:13792,2024-09-10T09:09:10,LEG-03,REAL_PUBLIC_DATA,DERIVED
CP-DEMO-001,BATCH-DEMO-001,SHIP-DEMO-001,ZEN-RAW-S09:row:13793,ZEN-RAW-S09,SENSOR09,SENSOR09.CSV,row:13793,2024-09-10T09:09:15,LEG-03,REAL_PUBLIC_DATA,DERIVED
CP-DEMO-001,BATCH-DEMO-001,SHIP-DEMO-001,ZEN-RAW-S09:row:13794,ZEN-RAW-S09,SENSOR09,SENSOR09.CSV,row:13794,2024-09-10T09:09:20,LEG-03,REAL_PUBLIC_DATA,DERIVED
CP-DEMO-001,BATCH-DEMO-001,SHIP-DEMO-001,ZEN-RAW-S09:row:13795,ZEN-RAW-S09,SENSOR09,SENSOR09.CSV,row:13795,2024-09-10T09:09:25,LEG-03,REAL_PUBLIC_DATA,DERIVED
CP-DEMO-001,BATCH-DEMO-001,SHIP-DEMO-001,ZEN-RAW-S09:row:13796,ZEN-RAW-S09,SENSOR09,SENSOR09.CSV,row:13796,2024-09-10T09:09:30,LEG-03,REAL_PUBLIC_DATA,DERIVED
CP-DEMO-001,BATCH-DEMO-001,SHIP-DEMO-001,ZEN-RAW-S09:row:13797,ZEN-RAW-S09,SENSOR09,SENSOR09.CSV,row:13797,2024-09-10T09:09:35,LEG-03,REAL_PUBLIC_DATA,DERIVED
CP-DEMO-001,BATCH-DEMO-001,SHIP-DEMO-001,ZEN-RAW-S09:row:13798,ZEN-RAW-S09,SENSOR09,SENSOR09.CSV,row:13798,2024-09-10T09:09:40,LEG-03,REAL_PUBLIC_DATA,DERIVED
CP-DEMO-001,BATCH-DEMO-001,SHIP-DEMO-001,ZEN-RAW-S09:row:13799,ZEN-RAW-S09,SENSOR09,SENSOR09.CSV,row:13799,2024-09-10T09:09:45,LEG-03,REAL_PUBLIC_DATA,DERIVED
CP-DEMO-001,BATCH-DEMO-001,SHIP-DEMO-001,ZEN-RAW-S09:row:13800,ZEN-RAW-S09,SENSOR09,SENSOR09.CSV,row:13800,2024-09-10T09:09:50,LEG-03,REAL_PUBLIC_DATA,DERIVED
CP-DEMO-001,BATCH-DEMO-001,SHIP-DEMO-001,ZEN-RAW-S09:row:13801,ZEN-RAW-S09,SENSOR09,SENSOR09.CSV,row:13801,2024-09-10T09:09:55,LEG-03,REAL_PUBLIC_DATA,DERIVED
CP-DEMO-001,BATCH-DEMO-001,SHIP-DEMO-001,ZEN-RAW-S09:row:13802,ZEN-RAW-S09,SENSOR09,SENSOR09.CSV,row:13802,2024-09-10T09:10:00,LEG-03,REAL_PUBLIC_DATA,DERIVED
CP-DEMO-001,BATCH-DEMO-001,SHIP-DEMO-001,ZEN-RAW-S09:row:13803,ZEN-RAW-S09,SENSOR09,SENSOR09.CSV,row:13803,2024-09-10T09:10:05,LEG-03,REAL_PUBLIC_DATA,DERIVED
CP-DEMO-001,BATCH-DEMO-001,SHIP-DEMO-001,ZEN-RAW-S09:row:13804,ZEN-RAW-S09,SENSOR09,SENSOR09.CSV,row:13804,2024-09-10T09:10:10,LEG-03,REAL_PUBLIC_DATA,DERIVED
CP-DEMO-001,BATCH-DEMO-001,SHIP-DEMO-001,ZEN-RAW-S09:row:13805,ZEN-RAW-S09,SENSOR09,SENSOR09.CSV,row:13805,2024-09-10T09:10:15,LEG-03,REAL_PUBLIC_DATA,DERIVED
CP-DEMO-001,BATCH-DEMO-001,SHIP-DEMO-001,ZEN-RAW-S09:row:13806,ZEN-RAW-S09,SENSOR09,SENSOR09.CSV,row:13806,2024-09-10T09:10:20,LEG-03,REAL_PUBLIC_DATA,DERIVED
CP-DEMO-001,BATCH-DEMO-001,SHIP-DEMO-001,ZEN-RAW-S09:row:13807,ZEN-RAW-S09,SENSOR09,SENSOR09.CSV,row:13807,2024-09-10T09:10:25,LEG-03,REAL_PUBLIC_DATA,DERIVED
CP-DEMO-001,BATCH-DEMO-001,SHIP-DEMO-001,ZEN-RAW-S09:row:13808,ZEN-RAW-S09,SENSOR09,SENSOR09.CSV,row:13808,2024-09-10T09:10:30,LEG-03,REAL_PUBLIC_DATA,DERIVED
CP-DEMO-001,BATCH-DEMO-001,SHIP-DEMO-001,ZEN-RAW-S09:row:13809,ZEN-RAW-S09,SENSOR09,SENSOR09.CSV,row:13809,2024-09-10T09:10:35,LEG-03,REAL_PUBLIC_DATA,DERIVED
CP-DEMO-001,BATCH-DEMO-001,SHIP-DEMO-001,ZEN-RAW-S09:row:13810,ZEN-RAW-S09,SENSOR09,SENSOR09.CSV,row:13810,2024-09-10T09:10:40,LEG-03,REAL_PUBLIC_DATA,DERIVED
CP-DEMO-001,BATCH-DEMO-001,SHIP-DEMO-001,ZEN-RAW-S09:row:13811,ZEN-RAW-S09,SENSOR09,SENSOR09.CSV,row:13811,2024-09-10T09:10:45,LEG-03,REAL_PUBLIC_DATA,DERIVED
CP-DEMO-001,BATCH-DEMO-001,SHIP-DEMO-001,ZEN-RAW-S09:row:13812,ZEN-RAW-S09,SENSOR09,SENSOR09.CSV,row:13812,2024-09-10T09:10:50,LEG-03,REAL_PUBLIC_DATA,DERIVED
CP-DEMO-001,BATCH-DEMO-001,SHIP-DEMO-001,ZEN-RAW-S09:row:13813,ZEN-RAW-S09,SENSOR09,SENSOR09.CSV,row:13813,2024-09-10T09:10:55,LEG-03,REAL_PUBLIC_DATA,DERIVED
CP-DEMO-001,BATCH-DEMO-001,SHIP-DEMO-001,ZEN-RAW-S09:row:13814,ZEN-RAW-S09,SENSOR09,SENSOR09.CSV,row:13814,2024-09-10T09:11:00,LEG-03,REAL_PUBLIC_DATA,DERIVED
CP-DEMO-001,BATCH-DEMO-001,SHIP-DEMO-001,ZEN-RAW-S09:row:13815,ZEN-RAW-S09,SENSOR09,SENSOR09.CSV,row:13815,2024-09-10T09:11:05,LEG-03,REAL_PUBLIC_DATA,DERIVED
CP-DEMO-001,BATCH-DEMO-001,SHIP-DEMO-001,ZEN-RAW-S09:row:13816,ZEN-RAW-S09,SENSOR09,SENSOR09.CSV,row:13816,2024-09-10T09:11:10,LEG-03,REAL_PUBLIC_DATA,DERIVED
CP-DEMO-001,BATCH-DEMO-001,SHIP-DEMO-001,ZEN-RAW-S09:row:13817,ZEN-RAW-S09,SENSOR09,SENSOR09.CSV,row:13817,2024-09-10T09:11:15,LEG-03,REAL_PUBLIC_DATA,DERIVED
CP-DEMO-001,BATCH-DEMO-001,SHIP-DEMO-001,ZEN-RAW-S09:row:13818,ZEN-RAW-S09,SENSOR09,SENSOR09.CSV,row:13818,2024-09-10T09:11:20,LEG-03,REAL_PUBLIC_DATA,DERIVED
CP-DEMO-001,BATCH-DEMO-001,SHIP-DEMO-001,ZEN-RAW-S09:row:13819,ZEN-RAW-S09,SENSOR09,SENSOR09.CSV,row:13819,2024-09-10T09:11:25,LEG-03,REAL_PUBLIC_DATA,DERIVED
CP-DEMO-001,BATCH-DEMO-001,SHIP-DEMO-001,ZEN-RAW-S09:row:13820,ZEN-RAW-S09,SENSOR09,SENSOR09.CSV,row:13820,2024-09-10T09:11:30,LEG-03,REAL_PUBLIC_DATA,DERIVED
CP-DEMO-001,BATCH-DEMO-001,SHIP-DEMO-001,ZEN-RAW-S09:row:13821,ZEN-RAW-S09,SENSOR09,SENSOR09.CSV,row:13821,2024-09-10T09:11:35,LEG-03,REAL_PUBLIC_DATA,DERIVED
CP-DEMO-001,BATCH-DEMO-001,SHIP-DEMO-001,ZEN-RAW-S09:row:13822,ZEN-RAW-S09,SENSOR09,SENSOR09.CSV,row:13822,2024-09-10T09:11:40,LEG-03,REAL_PUBLIC_DATA,DERIVED
CP-DEMO-001,BATCH-DEMO-001,SHIP-DEMO-001,ZEN-RAW-S09:row:13823,ZEN-RAW-S09,SENSOR09,SENSOR09.CSV,row:13823,2024-09-10T09:11:45,LEG-03,REAL_PUBLIC_DATA,DERIVED
CP-DEMO-001,BATCH-DEMO-001,SHIP-DEMO-001,ZEN-RAW-S09:row:13824,ZEN-RAW-S09,SENSOR09,SENSOR09.CSV,row:13824,2024-09-10T09:11:50,LEG-03,REAL_PUBLIC_DATA,DERIVED
CP-DEMO-001,BATCH-DEMO-001,SHIP-DEMO-001,ZEN-RAW-S09:row:13825,ZEN-RAW-S09,SENSOR09,SENSOR09.CSV,row:13825,2024-09-10T09:11:55,LEG-03,REAL_PUBLIC_DATA,DERIVED
CP-DEMO-001,BATCH-DEMO-001,SHIP-DEMO-001,ZEN-RAW-S09:row:13826,ZEN-RAW-S09,SENSOR09,SENSOR09.CSV,row:13826,2024-09-10T09:12:00,LEG-03,REAL_PUBLIC_DATA,DERIVED
CP-DEMO-001,BATCH-DEMO-001,SHIP-DEMO-001,ZEN-RAW-S09:row:13827,ZEN-RAW-S09,SENSOR09,SENSOR09.CSV,row:13827,2024-09-10T09:12:05,LEG-03,REAL_PUBLIC_DATA,DERIVED
CP-DEMO-001,BATCH-DEMO-001,SHIP-DEMO-001,ZEN-RAW-S09:row:13828,ZEN-RAW-S09,SENSOR09,SENSOR09.CSV,row:13828,2024-09-10T09:12:10,LEG-03,REAL_PUBLIC_DATA,DERIVED
CP-DEMO-001,BATCH-DEMO-001,SHIP-DEMO-001,ZEN-RAW-S09:row:13829,ZEN-RAW-S09,SENSOR09,SENSOR09.CSV,row:13829,2024-09-10T09:12:15,LEG-03,REAL_PUBLIC_DATA,DERIVED
CP-DEMO-001,BATCH-DEMO-001,SHIP-DEMO-001,ZEN-RAW-S09:row:13830,ZEN-RAW-S09,SENSOR09,SENSOR09.CSV,row:13830,2024-09-10T09:12:20,LEG-03,REAL_PUBLIC_DATA,DERIVED
CP-DEMO-001,BATCH-DEMO-001,SHIP-DEMO-001,ZEN-RAW-S09:row:13831,ZEN-RAW-S09,SENSOR09,SENSOR09.CSV,row:13831,2024-09-10T09:12:25,LEG-03,REAL_PUBLIC_DATA,DERIVED
CP-DEMO-001,BATCH-DEMO-001,SHIP-DEMO-001,ZEN-RAW-S09:row:13832,ZEN-RAW-S09,SENSOR09,SENSOR09.CSV,row:13832,2024-09-10T09:12:30,LEG-03,REAL_PUBLIC_DATA,DERIVED
CP-DEMO-001,BATCH-DEMO-001,SHIP-DEMO-001,ZEN-RAW-S09:row:13833,ZEN-RAW-S09,SENSOR09,SENSOR09.CSV,row:13833,2024-09-10T09:12:35,LEG-03,REAL_PUBLIC_DATA,DERIVED
CP-DEMO-001,BATCH-DEMO-001,SHIP-DEMO-001,ZEN-RAW-S09:row:13834,ZEN-RAW-S09,SENSOR09,SENSOR09.CSV,row:13834,2024-09-10T09:12:40,LEG-03,REAL_PUBLIC_DATA,DERIVED
CP-DEMO-001,BATCH-DEMO-001,SHIP-DEMO-001,ZEN-RAW-S09:row:13835,ZEN-RAW-S09,SENSOR09,SENSOR09.CSV,row:13835,2024-09-10T09:12:45,LEG-03,REAL_PUBLIC_DATA,DERIVED
CP-DEMO-001,BATCH-DEMO-001,SHIP-DEMO-001,ZEN-RAW-S09:row:13836,ZEN-RAW-S09,SENSOR09,SENSOR09.CSV,row:13836,2024-09-10T09:12:50,LEG-03,REAL_PUBLIC_DATA,DERIVED
CP-DEMO-001,BATCH-DEMO-001,SHIP-DEMO-001,ZEN-RAW-S09:row:13837,ZEN-RAW-S09,SENSOR09,SENSOR09.CSV,row:13837,2024-09-10T09:12:55,LEG-03,REAL_PUBLIC_DATA,DERIVED
CP-DEMO-001,BATCH-DEMO-001,SHIP-DEMO-001,ZEN-RAW-S09:row:13838,ZEN-RAW-S09,SENSOR09,SENSOR09.CSV,row:13838,2024-09-10T09:13:00,LEG-03,REAL_PUBLIC_DATA,DERIVED
CP-DEMO-001,BATCH-DEMO-001,SHIP-DEMO-001,ZEN-RAW-S09:row:13839,ZEN-RAW-S09,SENSOR09,SENSOR09.CSV,row:13839,2024-09-10T09:13:05,LEG-03,REAL_PUBLIC_DATA,DERIVED
CP-DEMO-001,BATCH-DEMO-001,SHIP-DEMO-001,ZEN-RAW-S09:row:13840,ZEN-RAW-S09,SENSOR09,SENSOR09.CSV,row:13840,2024-09-10T09:13:10,LEG-03,REAL_PUBLIC_DATA,DERIVED
CP-DEMO-001,BATCH-DEMO-001,SHIP-DEMO-001,ZEN-RAW-S09:row:13841,ZEN-RAW-S09,SENSOR09,SENSOR09.CSV,row:13841,2024-09-10T09:13:15,LEG-03,REAL_PUBLIC_DATA,DERIVED
CP-DEMO-001,BATCH-DEMO-001,SHIP-DEMO-001,ZEN-RAW-S09:row:13842,ZEN-RAW-S09,SENSOR09,SENSOR09.CSV,row:13842,2024-09-10T09:13:20,LEG-03,REAL_PUBLIC_DATA,DERIVED
CP-DEMO-001,BATCH-DEMO-001,SHIP-DEMO-001,ZEN-RAW-S09:row:13843,ZEN-RAW-S09,SENSOR09,SENSOR09.CSV,row:13843,2024-09-10T09:13:25,LEG-03,REAL_PUBLIC_DATA,DERIVED
CP-DEMO-001,BATCH-DEMO-001,SHIP-DEMO-001,ZEN-RAW-S09:row:13844,ZEN-RAW-S09,SENSOR09,SENSOR09.CSV,row:13844,2024-09-10T09:13:30,LEG-03,REAL_PUBLIC_DATA,DERIVED
CP-DEMO-001,BATCH-DEMO-001,SHIP-DEMO-001,ZEN-RAW-S09:row:13845,ZEN-RAW-S09,SENSOR09,SENSOR09.CSV,row:13845,2024-09-10T09:13:35,LEG-03,REAL_PUBLIC_DATA,DERIVED
CP-DEMO-001,BATCH-DEMO-001,SHIP-DEMO-001,ZEN-RAW-S09:row:13846,ZEN-RAW-S09,SENSOR09,SENSOR09.CSV,row:13846,2024-09-10T09:13:40,LEG-03,REAL_PUBLIC_DATA,DERIVED
CP-DEMO-001,BATCH-DEMO-001,SHIP-DEMO-001,ZEN-RAW-S09:row:13847,ZEN-RAW-S09,SENSOR09,SENSOR09.CSV,row:13847,2024-09-10T09:13:45,LEG-03,REAL_PUBLIC_DATA,DERIVED
CP-DEMO-001,BATCH-DEMO-001,SHIP-DEMO-001,ZEN-RAW-S09:row:13848,ZEN-RAW-S09,SENSOR09,SENSOR09.CSV,row:13848,2024-09-10T09:13:50,LEG-03,REAL_PUBLIC_DATA,DERIVED
CP-DEMO-001,BATCH-DEMO-001,SHIP-DEMO-001,ZEN-RAW-S09:row:13849,ZEN-RAW-S09,SENSOR09,SENSOR09.CSV,row:13849,2024-09-10T09:13:55,LEG-03,REAL_PUBLIC_DATA,DERIVED
CP-DEMO-001,BATCH-DEMO-001,SHIP-DEMO-001,ZEN-RAW-S09:row:13850,ZEN-RAW-S09,SENSOR09,SENSOR09.CSV,row:13850,2024-09-10T09:14:00,LEG-03,REAL_PUBLIC_DATA,DERIVED
CP-DEMO-001,BATCH-DEMO-001,SHIP-DEMO-001,ZEN-RAW-S09:row:13851,ZEN-RAW-S09,SENSOR09,SENSOR09.CSV,row:13851,2024-09-10T09:14:05,LEG-03,REAL_PUBLIC_DATA,DERIVED
CP-DEMO-001,BATCH-DEMO-001,SHIP-DEMO-001,ZEN-RAW-S09:row:13852,ZEN-RAW-S09,SENSOR09,SENSOR09.CSV,row:13852,2024-09-10T09:14:10,LEG-03,REAL_PUBLIC_DATA,DERIVED
CP-DEMO-001,BATCH-DEMO-001,SHIP-DEMO-001,ZEN-RAW-S09:row:13853,ZEN-RAW-S09,SENSOR09,SENSOR09.CSV,row:13853,2024-09-10T09:14:15,LEG-03,REAL_PUBLIC_DATA,DERIVED
CP-DEMO-001,BATCH-DEMO-001,SHIP-DEMO-001,ZEN-RAW-S09:row:13854,ZEN-RAW-S09,SENSOR09,SENSOR09.CSV,row:13854,2024-09-10T09:14:20,LEG-03,REAL_PUBLIC_DATA,DERIVED
CP-DEMO-001,BATCH-DEMO-001,SHIP-DEMO-001,ZEN-RAW-S09:row:13855,ZEN-RAW-S09,SENSOR09,SENSOR09.CSV,row:13855,2024-09-10T09:14:25,LEG-03,REAL_PUBLIC_DATA,DERIVED
CP-DEMO-001,BATCH-DEMO-001,SHIP-DEMO-001,ZEN-RAW-S09:row:13856,ZEN-RAW-S09,SENSOR09,SENSOR09.CSV,row:13856,2024-09-10T09:14:30,LEG-03,REAL_PUBLIC_DATA,DERIVED
CP-DEMO-001,BATCH-DEMO-001,SHIP-DEMO-001,ZEN-RAW-S09:row:13857,ZEN-RAW-S09,SENSOR09,SENSOR09.CSV,row:13857,2024-09-10T09:14:35,LEG-03,REAL_PUBLIC_DATA,DERIVED
CP-DEMO-001,BATCH-DEMO-001,SHIP-DEMO-001,ZEN-RAW-S09:row:13858,ZEN-RAW-S09,SENSOR09,SENSOR09.CSV,row:13858,2024-09-10T09:14:40,LEG-03,REAL_PUBLIC_DATA,DERIVED
CP-DEMO-001,BATCH-DEMO-001,SHIP-DEMO-001,ZEN-RAW-S09:row:13859,ZEN-RAW-S09,SENSOR09,SENSOR09.CSV,row:13859,2024-09-10T09:14:45,LEG-03,REAL_PUBLIC_DATA,DERIVED
CP-DEMO-001,BATCH-DEMO-001,SHIP-DEMO-001,ZEN-RAW-S09:row:13860,ZEN-RAW-S09,SENSOR09,SENSOR09.CSV,row:13860,2024-09-10T09:14:50,LEG-03,REAL_PUBLIC_DATA,DERIVED
CP-DEMO-001,BATCH-DEMO-001,SHIP-DEMO-001,ZEN-RAW-S09:row:13861,ZEN-RAW-S09,SENSOR09,SENSOR09.CSV,row:13861,2024-09-10T09:14:55,LEG-03,REAL_PUBLIC_DATA,DERIVED
CP-DEMO-001,BATCH-DEMO-001,SHIP-DEMO-001,ZEN-RAW-S09:row:13862,ZEN-RAW-S09,SENSOR09,SENSOR09.CSV,row:13862,2024-09-10T09:15:00,LEG-03,REAL_PUBLIC_DATA,DERIVED
CP-DEMO-001,BATCH-DEMO-001,SHIP-DEMO-001,ZEN-RAW-S09:row:13863,ZEN-RAW-S09,SENSOR09,SENSOR09.CSV,row:13863,2024-09-10T09:15:05,LEG-03,REAL_PUBLIC_DATA,DERIVED
CP-DEMO-001,BATCH-DEMO-001,SHIP-DEMO-001,ZEN-RAW-S09:row:13864,ZEN-RAW-S09,SENSOR09,SENSOR09.CSV,row:13864,2024-09-10T09:15:10,LEG-03,REAL_PUBLIC_DATA,DERIVED
CP-DEMO-001,BATCH-DEMO-001,SHIP-DEMO-001,ZEN-RAW-S09:row:13865,ZEN-RAW-S09,SENSOR09,SENSOR09.CSV,row:13865,2024-09-10T09:15:15,LEG-03,REAL_PUBLIC_DATA,DERIVED
CP-DEMO-001,BATCH-DEMO-001,SHIP-DEMO-001,ZEN-RAW-S09:row:13866,ZEN-RAW-S09,SENSOR09,SENSOR09.CSV,row:13866,2024-09-10T09:15:20,LEG-03,REAL_PUBLIC_DATA,DERIVED
CP-DEMO-001,BATCH-DEMO-001,SHIP-DEMO-001,ZEN-RAW-S09:row:13867,ZEN-RAW-S09,SENSOR09,SENSOR09.CSV,row:13867,2024-09-10T09:15:25,LEG-03,REAL_PUBLIC_DATA,DERIVED
CP-DEMO-001,BATCH-DEMO-001,SHIP-DEMO-001,ZEN-RAW-S09:row:13868,ZEN-RAW-S09,SENSOR09,SENSOR09.CSV,row:13868,2024-09-10T09:15:30,LEG-03,REAL_PUBLIC_DATA,DERIVED
CP-DEMO-001,BATCH-DEMO-001,SHIP-DEMO-001,ZEN-RAW-S09:row:13869,ZEN-RAW-S09,SENSOR09,SENSOR09.CSV,row:13869,2024-09-10T09:15:35,LEG-03,REAL_PUBLIC_DATA,DERIVED
CP-DEMO-001,BATCH-DEMO-001,SHIP-DEMO-001,ZEN-RAW-S09:row:13870,ZEN-RAW-S09,SENSOR09,SENSOR09.CSV,row:13870,2024-09-10T09:15:40,LEG-03,REAL_PUBLIC_DATA,DERIVED
CP-DEMO-001,BATCH-DEMO-001,SHIP-DEMO-001,ZEN-RAW-S09:row:13871,ZEN-RAW-S09,SENSOR09,SENSOR09.CSV,row:13871,2024-09-10T09:15:45,LEG-03,REAL_PUBLIC_DATA,DERIVED
CP-DEMO-001,BATCH-DEMO-001,SHIP-DEMO-001,ZEN-RAW-S09:row:13872,ZEN-RAW-S09,SENSOR09,SENSOR09.CSV,row:13872,2024-09-10T09:15:50,LEG-03,REAL_PUBLIC_DATA,DERIVED
CP-DEMO-001,BATCH-DEMO-001,SHIP-DEMO-001,ZEN-RAW-S09:row:13873,ZEN-RAW-S09,SENSOR09,SENSOR09.CSV,row:13873,2024-09-10T09:15:55,LEG-03,REAL_PUBLIC_DATA,DERIVED
CP-DEMO-001,BATCH-DEMO-001,SHIP-DEMO-001,ZEN-RAW-S09:row:13874,ZEN-RAW-S09,SENSOR09,SENSOR09.CSV,row:13874,2024-09-10T09:16:00,LEG-03,REAL_PUBLIC_DATA,DERIVED
CP-DEMO-001,BATCH-DEMO-001,SHIP-DEMO-001,ZEN-RAW-S09:row:13875,ZEN-RAW-S09,SENSOR09,SENSOR09.CSV,row:13875,2024-09-10T09:16:05,LEG-03,REAL_PUBLIC_DATA,DERIVED
CP-DEMO-001,BATCH-DEMO-001,SHIP-DEMO-001,ZEN-RAW-S09:row:13876,ZEN-RAW-S09,SENSOR09,SENSOR09.CSV,row:13876,2024-09-10T09:16:10,LEG-03,REAL_PUBLIC_DATA,DERIVED
CP-DEMO-001,BATCH-DEMO-001,SHIP-DEMO-001,ZEN-RAW-S09:row:13877,ZEN-RAW-S09,SENSOR09,SENSOR09.CSV,row:13877,2024-09-10T09:16:15,LEG-03,REAL_PUBLIC_DATA,DERIVED
CP-DEMO-001,BATCH-DEMO-001,SHIP-DEMO-001,ZEN-RAW-S09:row:13878,ZEN-RAW-S09,SENSOR09,SENSOR09.CSV,row:13878,2024-09-10T09:16:20,LEG-03,REAL_PUBLIC_DATA,DERIVED
CP-DEMO-001,BATCH-DEMO-001,SHIP-DEMO-001,ZEN-RAW-S09:row:13879,ZEN-RAW-S09,SENSOR09,SENSOR09.CSV,row:13879,2024-09-10T09:16:25,LEG-03,REAL_PUBLIC_DATA,DERIVED
CP-DEMO-001,BATCH-DEMO-001,SHIP-DEMO-001,ZEN-RAW-S09:row:13880,ZEN-RAW-S09,SENSOR09,SENSOR09.CSV,row:13880,2024-09-10T09:16:30,LEG-03,REAL_PUBLIC_DATA,DERIVED
CP-DEMO-001,BATCH-DEMO-001,SHIP-DEMO-001,ZEN-RAW-S09:row:13881,ZEN-RAW-S09,SENSOR09,SENSOR09.CSV,row:13881,2024-09-10T09:16:35,LEG-03,REAL_PUBLIC_DATA,DERIVED
CP-DEMO-001,BATCH-DEMO-001,SHIP-DEMO-001,ZEN-RAW-S09:row:13882,ZEN-RAW-S09,SENSOR09,SENSOR09.CSV,row:13882,2024-09-10T09:16:40,LEG-03,REAL_PUBLIC_DATA,DERIVED
CP-DEMO-001,BATCH-DEMO-001,SHIP-DEMO-001,ZEN-RAW-S09:row:13883,ZEN-RAW-S09,SENSOR09,SENSOR09.CSV,row:13883,2024-09-10T09:16:45,LEG-03,REAL_PUBLIC_DATA,DERIVED
CP-DEMO-001,BATCH-DEMO-001,SHIP-DEMO-001,ZEN-RAW-S09:row:13884,ZEN-RAW-S09,SENSOR09,SENSOR09.CSV,row:13884,2024-09-10T09:16:50,LEG-03,REAL_PUBLIC_DATA,DERIVED
CP-DEMO-001,BATCH-DEMO-001,SHIP-DEMO-001,ZEN-RAW-S09:row:13885,ZEN-RAW-S09,SENSOR09,SENSOR09.CSV,row:13885,2024-09-10T09:16:55,LEG-03,REAL_PUBLIC_DATA,DERIVED
CP-DEMO-001,BATCH-DEMO-001,SHIP-DEMO-001,ZEN-RAW-S09:row:13886,ZEN-RAW-S09,SENSOR09,SENSOR09.CSV,row:13886,2024-09-10T09:17:00,LEG-03,REAL_PUBLIC_DATA,DERIVED
CP-DEMO-001,BATCH-DEMO-001,SHIP-DEMO-001,ZEN-RAW-S09:row:13887,ZEN-RAW-S09,SENSOR09,SENSOR09.CSV,row:13887,2024-09-10T09:17:05,LEG-03,REAL_PUBLIC_DATA,DERIVED
CP-DEMO-001,BATCH-DEMO-001,SHIP-DEMO-001,ZEN-RAW-S09:row:13888,ZEN-RAW-S09,SENSOR09,SENSOR09.CSV,row:13888,2024-09-10T09:17:10,LEG-03,REAL_PUBLIC_DATA,DERIVED
CP-DEMO-001,BATCH-DEMO-001,SHIP-DEMO-001,ZEN-RAW-S09:row:13889,ZEN-RAW-S09,SENSOR09,SENSOR09.CSV,row:13889,2024-09-10T09:17:15,LEG-03,REAL_PUBLIC_DATA,DERIVED
CP-DEMO-001,BATCH-DEMO-001,SHIP-DEMO-001,ZEN-RAW-S09:row:13890,ZEN-RAW-S09,SENSOR09,SENSOR09.CSV,row:13890,2024-09-10T09:17:20,LEG-03,REAL_PUBLIC_DATA,DERIVED
CP-DEMO-001,BATCH-DEMO-001,SHIP-DEMO-001,ZEN-RAW-S09:row:13891,ZEN-RAW-S09,SENSOR09,SENSOR09.CSV,row:13891,2024-09-10T09:17:25,LEG-03,REAL_PUBLIC_DATA,DERIVED
CP-DEMO-001,BATCH-DEMO-001,SHIP-DEMO-001,ZEN-RAW-S09:row:13892,ZEN-RAW-S09,SENSOR09,SENSOR09.CSV,row:13892,2024-09-10T09:17:30,LEG-03,REAL_PUBLIC_DATA,DERIVED
CP-DEMO-001,BATCH-DEMO-001,SHIP-DEMO-001,ZEN-RAW-S09:row:13893,ZEN-RAW-S09,SENSOR09,SENSOR09.CSV,row:13893,2024-09-10T09:17:35,LEG-03,REAL_PUBLIC_DATA,DERIVED
CP-DEMO-001,BATCH-DEMO-001,SHIP-DEMO-001,ZEN-RAW-S09:row:13894,ZEN-RAW-S09,SENSOR09,SENSOR09.CSV,row:13894,2024-09-10T09:17:40,LEG-03,REAL_PUBLIC_DATA,DERIVED
CP-DEMO-001,BATCH-DEMO-001,SHIP-DEMO-001,ZEN-RAW-S09:row:13895,ZEN-RAW-S09,SENSOR09,SENSOR09.CSV,row:13895,2024-09-10T09:17:45,LEG-03,REAL_PUBLIC_DATA,DERIVED
CP-DEMO-001,BATCH-DEMO-001,SHIP-DEMO-001,ZEN-RAW-S09:row:13896,ZEN-RAW-S09,SENSOR09,SENSOR09.CSV,row:13896,2024-09-10T09:17:50,LEG-03,REAL_PUBLIC_DATA,DERIVED
CP-DEMO-001,BATCH-DEMO-001,SHIP-DEMO-001,ZEN-RAW-S09:row:13897,ZEN-RAW-S09,SENSOR09,SENSOR09.CSV,row:13897,2024-09-10T09:17:55,LEG-03,REAL_PUBLIC_DATA,DERIVED
CP-DEMO-001,BATCH-DEMO-001,SHIP-DEMO-001,ZEN-RAW-S09:row:13898,ZEN-RAW-S09,SENSOR09,SENSOR09.CSV,row:13898,2024-09-10T09:18:00,LEG-03,REAL_PUBLIC_DATA,DERIVED
CP-DEMO-001,BATCH-DEMO-001,SHIP-DEMO-001,ZEN-RAW-S09:row:13899,ZEN-RAW-S09,SENSOR09,SENSOR09.CSV,row:13899,2024-09-10T09:18:05,LEG-03,REAL_PUBLIC_DATA,DERIVED
CP-DEMO-001,BATCH-DEMO-001,SHIP-DEMO-001,ZEN-RAW-S09:row:13900,ZEN-RAW-S09,SENSOR09,SENSOR09.CSV,row:13900,2024-09-10T09:18:10,LEG-03,REAL_PUBLIC_DATA,DERIVED
CP-DEMO-001,BATCH-DEMO-001,SHIP-DEMO-001,ZEN-RAW-S09:row:13901,ZEN-RAW-S09,SENSOR09,SENSOR09.CSV,row:13901,2024-09-10T09:18:15,LEG-03,REAL_PUBLIC_DATA,DERIVED
CP-DEMO-001,BATCH-DEMO-001,SHIP-DEMO-001,ZEN-RAW-S09:row:13902,ZEN-RAW-S09,SENSOR09,SENSOR09.CSV,row:13902,2024-09-10T09:18:20,LEG-03,REAL_PUBLIC_DATA,DERIVED
CP-DEMO-001,BATCH-DEMO-001,SHIP-DEMO-001,ZEN-RAW-S09:row:13903,ZEN-RAW-S09,SENSOR09,SENSOR09.CSV,row:13903,2024-09-10T09:18:25,LEG-03,REAL_PUBLIC_DATA,DERIVED
CP-DEMO-001,BATCH-DEMO-001,SHIP-DEMO-001,ZEN-RAW-S09:row:13904,ZEN-RAW-S09,SENSOR09,SENSOR09.CSV,row:13904,2024-09-10T09:18:30,LEG-03,REAL_PUBLIC_DATA,DERIVED
CP-DEMO-001,BATCH-DEMO-001,SHIP-DEMO-001,ZEN-RAW-S09:row:13905,ZEN-RAW-S09,SENSOR09,SENSOR09.CSV,row:13905,2024-09-10T09:18:35,LEG-03,REAL_PUBLIC_DATA,DERIVED
CP-DEMO-001,BATCH-DEMO-001,SHIP-DEMO-001,ZEN-RAW-S09:row:13906,ZEN-RAW-S09,SENSOR09,SENSOR09.CSV,row:13906,2024-09-10T09:18:40,LEG-03,REAL_PUBLIC_DATA,DERIVED
CP-DEMO-001,BATCH-DEMO-001,SHIP-DEMO-001,ZEN-RAW-S09:row:13907,ZEN-RAW-S09,SENSOR09,SENSOR09.CSV,row:13907,2024-09-10T09:18:45,LEG-03,REAL_PUBLIC_DATA,DERIVED
CP-DEMO-001,BATCH-DEMO-001,SHIP-DEMO-001,ZEN-RAW-S09:row:13908,ZEN-RAW-S09,SENSOR09,SENSOR09.CSV,row:13908,2024-09-10T09:18:50,LEG-03,REAL_PUBLIC_DATA,DERIVED
CP-DEMO-001,BATCH-DEMO-001,SHIP-DEMO-001,ZEN-RAW-S09:row:13909,ZEN-RAW-S09,SENSOR09,SENSOR09.CSV,row:13909,2024-09-10T09:18:55,LEG-03,REAL_PUBLIC_DATA,DERIVED
CP-DEMO-001,BATCH-DEMO-001,SHIP-DEMO-001,ZEN-RAW-S09:row:13910,ZEN-RAW-S09,SENSOR09,SENSOR09.CSV,row:13910,2024-09-10T09:19:00,LEG-03,REAL_PUBLIC_DATA,DERIVED
CP-DEMO-001,BATCH-DEMO-001,SHIP-DEMO-001,ZEN-RAW-S09:row:13911,ZEN-RAW-S09,SENSOR09,SENSOR09.CSV,row:13911,2024-09-10T09:19:05,LEG-03,REAL_PUBLIC_DATA,DERIVED
CP-DEMO-001,BATCH-DEMO-001,SHIP-DEMO-001,ZEN-RAW-S09:row:13912,ZEN-RAW-S09,SENSOR09,SENSOR09.CSV,row:13912,2024-09-10T09:19:10,LEG-03,REAL_PUBLIC_DATA,DERIVED
CP-DEMO-001,BATCH-DEMO-001,SHIP-DEMO-001,ZEN-RAW-S09:row:13913,ZEN-RAW-S09,SENSOR09,SENSOR09.CSV,row:13913,2024-09-10T09:19:15,LEG-03,REAL_PUBLIC_DATA,DERIVED
CP-DEMO-001,BATCH-DEMO-001,SHIP-DEMO-001,ZEN-RAW-S09:row:13914,ZEN-RAW-S09,SENSOR09,SENSOR09.CSV,row:13914,2024-09-10T09:19:20,LEG-03,REAL_PUBLIC_DATA,DERIVED
CP-DEMO-001,BATCH-DEMO-001,SHIP-DEMO-001,ZEN-RAW-S09:row:13915,ZEN-RAW-S09,SENSOR09,SENSOR09.CSV,row:13915,2024-09-10T09:19:25,LEG-03,REAL_PUBLIC_DATA,DERIVED
CP-DEMO-001,BATCH-DEMO-001,SHIP-DEMO-001,ZEN-RAW-S09:row:13916,ZEN-RAW-S09,SENSOR09,SENSOR09.CSV,row:13916,2024-09-10T09:19:30,LEG-03,REAL_PUBLIC_DATA,DERIVED
CP-DEMO-001,BATCH-DEMO-001,SHIP-DEMO-001,ZEN-RAW-S09:row:13917,ZEN-RAW-S09,SENSOR09,SENSOR09.CSV,row:13917,2024-09-10T09:19:35,LEG-03,REAL_PUBLIC_DATA,DERIVED
CP-DEMO-001,BATCH-DEMO-001,SHIP-DEMO-001,ZEN-RAW-S09:row:13918,ZEN-RAW-S09,SENSOR09,SENSOR09.CSV,row:13918,2024-09-10T09:19:40,LEG-03,REAL_PUBLIC_DATA,DERIVED
CP-DEMO-001,BATCH-DEMO-001,SHIP-DEMO-001,ZEN-RAW-S09:row:13919,ZEN-RAW-S09,SENSOR09,SENSOR09.CSV,row:13919,2024-09-10T09:19:45,LEG-03,REAL_PUBLIC_DATA,DERIVED
CP-DEMO-001,BATCH-DEMO-001,SHIP-DEMO-001,ZEN-RAW-S09:row:13920,ZEN-RAW-S09,SENSOR09,SENSOR09.CSV,row:13920,2024-09-10T09:19:50,LEG-03,REAL_PUBLIC_DATA,DERIVED
CP-DEMO-001,BATCH-DEMO-001,SHIP-DEMO-001,ZEN-RAW-S09:row:13921,ZEN-RAW-S09,SENSOR09,SENSOR09.CSV,row:13921,2024-09-10T09:19:55,LEG-03,REAL_PUBLIC_DATA,DERIVED
CP-DEMO-001,BATCH-DEMO-001,SHIP-DEMO-001,ZEN-RAW-S09:row:13922,ZEN-RAW-S09,SENSOR09,SENSOR09.CSV,row:13922,2024-09-10T09:20:00,LEG-03,REAL_PUBLIC_DATA,DERIVED
CP-DEMO-001,BATCH-DEMO-001,SHIP-DEMO-001,ZEN-RAW-S09:row:13923,ZEN-RAW-S09,SENSOR09,SENSOR09.CSV,row:13923,2024-09-10T09:20:05,LEG-03,REAL_PUBLIC_DATA,DERIVED
CP-DEMO-001,BATCH-DEMO-001,SHIP-DEMO-001,ZEN-RAW-S09:row:13924,ZEN-RAW-S09,SENSOR09,SENSOR09.CSV,row:13924,2024-09-10T09:20:10,LEG-03,REAL_PUBLIC_DATA,DERIVED
CP-DEMO-001,BATCH-DEMO-001,SHIP-DEMO-001,ZEN-RAW-S09:row:13925,ZEN-RAW-S09,SENSOR09,SENSOR09.CSV,row:13925,2024-09-10T09:20:15,LEG-03,REAL_PUBLIC_DATA,DERIVED
CP-DEMO-001,BATCH-DEMO-001,SHIP-DEMO-001,ZEN-RAW-S09:row:13926,ZEN-RAW-S09,SENSOR09,SENSOR09.CSV,row:13926,2024-09-10T09:20:20,LEG-03,REAL_PUBLIC_DATA,DERIVED
CP-DEMO-001,BATCH-DEMO-001,SHIP-DEMO-001,ZEN-RAW-S09:row:13927,ZEN-RAW-S09,SENSOR09,SENSOR09.CSV,row:13927,2024-09-10T09:20:25,LEG-03,REAL_PUBLIC_DATA,DERIVED
CP-DEMO-001,BATCH-DEMO-001,SHIP-DEMO-001,ZEN-RAW-S09:row:13928,ZEN-RAW-S09,SENSOR09,SENSOR09.CSV,row:13928,2024-09-10T09:20:30,LEG-03,REAL_PUBLIC_DATA,DERIVED
CP-DEMO-001,BATCH-DEMO-001,SHIP-DEMO-001,ZEN-RAW-S09:row:13929,ZEN-RAW-S09,SENSOR09,SENSOR09.CSV,row:13929,2024-09-10T09:20:35,LEG-03,REAL_PUBLIC_DATA,DERIVED
CP-DEMO-001,BATCH-DEMO-001,SHIP-DEMO-001,ZEN-RAW-S09:row:13930,ZEN-RAW-S09,SENSOR09,SENSOR09.CSV,row:13930,2024-09-10T09:20:40,LEG-03,REAL_PUBLIC_DATA,DERIVED
CP-DEMO-001,BATCH-DEMO-001,SHIP-DEMO-001,ZEN-RAW-S09:row:13931,ZEN-RAW-S09,SENSOR09,SENSOR09.CSV,row:13931,2024-09-10T09:20:45,LEG-03,REAL_PUBLIC_DATA,DERIVED
CP-DEMO-001,BATCH-DEMO-001,SHIP-DEMO-001,ZEN-RAW-S09:row:13932,ZEN-RAW-S09,SENSOR09,SENSOR09.CSV,row:13932,2024-09-10T09:20:50,LEG-03,REAL_PUBLIC_DATA,DERIVED
CP-DEMO-001,BATCH-DEMO-001,SHIP-DEMO-001,ZEN-RAW-S09:row:13933,ZEN-RAW-S09,SENSOR09,SENSOR09.CSV,row:13933,2024-09-10T09:20:55,LEG-03,REAL_PUBLIC_DATA,DERIVED
CP-DEMO-001,BATCH-DEMO-001,SHIP-DEMO-001,ZEN-RAW-S09:row:13934,ZEN-RAW-S09,SENSOR09,SENSOR09.CSV,row:13934,2024-09-10T09:21:00,LEG-03,REAL_PUBLIC_DATA,DERIVED
CP-DEMO-001,BATCH-DEMO-001,SHIP-DEMO-001,ZEN-RAW-S09:row:13935,ZEN-RAW-S09,SENSOR09,SENSOR09.CSV,row:13935,2024-09-10T09:21:05,LEG-03,REAL_PUBLIC_DATA,DERIVED
CP-DEMO-001,BATCH-DEMO-001,SHIP-DEMO-001,ZEN-RAW-S09:row:13936,ZEN-RAW-S09,SENSOR09,SENSOR09.CSV,row:13936,2024-09-10T09:21:10,LEG-03,REAL_PUBLIC_DATA,DERIVED
CP-DEMO-001,BATCH-DEMO-001,SHIP-DEMO-001,ZEN-RAW-S09:row:13937,ZEN-RAW-S09,SENSOR09,SENSOR09.CSV,row:13937,2024-09-10T09:21:15,LEG-03,REAL_PUBLIC_DATA,DERIVED
CP-DEMO-001,BATCH-DEMO-001,SHIP-DEMO-001,ZEN-RAW-S09:row:13938,ZEN-RAW-S09,SENSOR09,SENSOR09.CSV,row:13938,2024-09-10T09:21:20,LEG-03,REAL_PUBLIC_DATA,DERIVED
CP-DEMO-001,BATCH-DEMO-001,SHIP-DEMO-001,ZEN-RAW-S09:row:13939,ZEN-RAW-S09,SENSOR09,SENSOR09.CSV,row:13939,2024-09-10T09:21:25,LEG-03,REAL_PUBLIC_DATA,DERIVED
CP-DEMO-001,BATCH-DEMO-001,SHIP-DEMO-001,ZEN-RAW-S09:row:13940,ZEN-RAW-S09,SENSOR09,SENSOR09.CSV,row:13940,2024-09-10T09:21:30,LEG-03,REAL_PUBLIC_DATA,DERIVED
CP-DEMO-001,BATCH-DEMO-001,SHIP-DEMO-001,ZEN-RAW-S09:row:13941,ZEN-RAW-S09,SENSOR09,SENSOR09.CSV,row:13941,2024-09-10T09:21:35,LEG-03,REAL_PUBLIC_DATA,DERIVED
CP-DEMO-001,BATCH-DEMO-001,SHIP-DEMO-001,ZEN-RAW-S09:row:13942,ZEN-RAW-S09,SENSOR09,SENSOR09.CSV,row:13942,2024-09-10T09:21:40,LEG-03,REAL_PUBLIC_DATA,DERIVED
CP-DEMO-001,BATCH-DEMO-001,SHIP-DEMO-001,ZEN-RAW-S09:row:13943,ZEN-RAW-S09,SENSOR09,SENSOR09.CSV,row:13943,2024-09-10T09:21:45,LEG-03,REAL_PUBLIC_DATA,DERIVED
CP-DEMO-001,BATCH-DEMO-001,SHIP-DEMO-001,ZEN-RAW-S09:row:13944,ZEN-RAW-S09,SENSOR09,SENSOR09.CSV,row:13944,2024-09-10T09:21:50,LEG-03,REAL_PUBLIC_DATA,DERIVED
CP-DEMO-001,BATCH-DEMO-001,SHIP-DEMO-001,ZEN-RAW-S09:row:13945,ZEN-RAW-S09,SENSOR09,SENSOR09.CSV,row:13945,2024-09-10T09:21:55,LEG-03,REAL_PUBLIC_DATA,DERIVED
CP-DEMO-001,BATCH-DEMO-001,SHIP-DEMO-001,ZEN-RAW-S09:row:13946,ZEN-RAW-S09,SENSOR09,SENSOR09.CSV,row:13946,2024-09-10T09:22:00,LEG-03,REAL_PUBLIC_DATA,DERIVED
CP-DEMO-001,BATCH-DEMO-001,SHIP-DEMO-001,ZEN-RAW-S09:row:13947,ZEN-RAW-S09,SENSOR09,SENSOR09.CSV,row:13947,2024-09-10T09:22:05,LEG-03,REAL_PUBLIC_DATA,DERIVED
CP-DEMO-001,BATCH-DEMO-001,SHIP-DEMO-001,ZEN-RAW-S09:row:13948,ZEN-RAW-S09,SENSOR09,SENSOR09.CSV,row:13948,2024-09-10T09:22:10,LEG-03,REAL_PUBLIC_DATA,DERIVED
CP-DEMO-001,BATCH-DEMO-001,SHIP-DEMO-001,ZEN-RAW-S09:row:13949,ZEN-RAW-S09,SENSOR09,SENSOR09.CSV,row:13949,2024-09-10T09:22:15,LEG-03,REAL_PUBLIC_DATA,DERIVED
CP-DEMO-001,BATCH-DEMO-001,SHIP-DEMO-001,ZEN-RAW-S09:row:13950,ZEN-RAW-S09,SENSOR09,SENSOR09.CSV,row:13950,2024-09-10T09:22:20,LEG-03,REAL_PUBLIC_DATA,DERIVED
CP-DEMO-001,BATCH-DEMO-001,SHIP-DEMO-001,ZEN-RAW-S09:row:13951,ZEN-RAW-S09,SENSOR09,SENSOR09.CSV,row:13951,2024-09-10T09:22:25,LEG-03,REAL_PUBLIC_DATA,DERIVED
CP-DEMO-001,BATCH-DEMO-001,SHIP-DEMO-001,ZEN-RAW-S09:row:13952,ZEN-RAW-S09,SENSOR09,SENSOR09.CSV,row:13952,2024-09-10T09:22:30,LEG-03,REAL_PUBLIC_DATA,DERIVED
CP-DEMO-001,BATCH-DEMO-001,SHIP-DEMO-001,ZEN-RAW-S09:row:13953,ZEN-RAW-S09,SENSOR09,SENSOR09.CSV,row:13953,2024-09-10T09:22:35,LEG-03,REAL_PUBLIC_DATA,DERIVED
CP-DEMO-001,BATCH-DEMO-001,SHIP-DEMO-001,ZEN-RAW-S09:row:13954,ZEN-RAW-S09,SENSOR09,SENSOR09.CSV,row:13954,2024-09-10T09:22:40,LEG-03,REAL_PUBLIC_DATA,DERIVED
CP-DEMO-001,BATCH-DEMO-001,SHIP-DEMO-001,ZEN-RAW-S09:row:13955,ZEN-RAW-S09,SENSOR09,SENSOR09.CSV,row:13955,2024-09-10T09:22:45,LEG-03,REAL_PUBLIC_DATA,DERIVED
CP-DEMO-001,BATCH-DEMO-001,SHIP-DEMO-001,ZEN-RAW-S09:row:13956,ZEN-RAW-S09,SENSOR09,SENSOR09.CSV,row:13956,2024-09-10T09:22:50,LEG-03,REAL_PUBLIC_DATA,DERIVED
CP-DEMO-001,BATCH-DEMO-001,SHIP-DEMO-001,ZEN-RAW-S09:row:13957,ZEN-RAW-S09,SENSOR09,SENSOR09.CSV,row:13957,2024-09-10T09:22:55,LEG-03,REAL_PUBLIC_DATA,DERIVED
CP-DEMO-001,BATCH-DEMO-001,SHIP-DEMO-001,ZEN-RAW-S09:row:13958,ZEN-RAW-S09,SENSOR09,SENSOR09.CSV,row:13958,2024-09-10T09:23:00,LEG-03,REAL_PUBLIC_DATA,DERIVED
CP-DEMO-001,BATCH-DEMO-001,SHIP-DEMO-001,ZEN-RAW-S09:row:13959,ZEN-RAW-S09,SENSOR09,SENSOR09.CSV,row:13959,2024-09-10T09:23:05,LEG-03,REAL_PUBLIC_DATA,DERIVED
CP-DEMO-001,BATCH-DEMO-001,SHIP-DEMO-001,ZEN-RAW-S09:row:13960,ZEN-RAW-S09,SENSOR09,SENSOR09.CSV,row:13960,2024-09-10T09:23:10,LEG-03,REAL_PUBLIC_DATA,DERIVED
CP-DEMO-001,BATCH-DEMO-001,SHIP-DEMO-001,ZEN-RAW-S09:row:13961,ZEN-RAW-S09,SENSOR09,SENSOR09.CSV,row:13961,2024-09-10T09:23:15,LEG-03,REAL_PUBLIC_DATA,DERIVED
CP-DEMO-001,BATCH-DEMO-001,SHIP-DEMO-001,ZEN-RAW-S09:row:13962,ZEN-RAW-S09,SENSOR09,SENSOR09.CSV,row:13962,2024-09-10T09:23:20,LEG-03,REAL_PUBLIC_DATA,DERIVED
CP-DEMO-001,BATCH-DEMO-001,SHIP-DEMO-001,ZEN-RAW-S09:row:13963,ZEN-RAW-S09,SENSOR09,SENSOR09.CSV,row:13963,2024-09-10T09:23:25,LEG-03,REAL_PUBLIC_DATA,DERIVED
CP-DEMO-001,BATCH-DEMO-001,SHIP-DEMO-001,ZEN-RAW-S09:row:13964,ZEN-RAW-S09,SENSOR09,SENSOR09.CSV,row:13964,2024-09-10T09:23:30,LEG-03,REAL_PUBLIC_DATA,DERIVED
CP-DEMO-001,BATCH-DEMO-001,SHIP-DEMO-001,ZEN-RAW-S09:row:13965,ZEN-RAW-S09,SENSOR09,SENSOR09.CSV,row:13965,2024-09-10T09:23:35,LEG-03,REAL_PUBLIC_DATA,DERIVED
CP-DEMO-001,BATCH-DEMO-001,SHIP-DEMO-001,ZEN-RAW-S09:row:13966,ZEN-RAW-S09,SENSOR09,SENSOR09.CSV,row:13966,2024-09-10T09:23:40,LEG-03,REAL_PUBLIC_DATA,DERIVED
CP-DEMO-001,BATCH-DEMO-001,SHIP-DEMO-001,ZEN-RAW-S09:row:13967,ZEN-RAW-S09,SENSOR09,SENSOR09.CSV,row:13967,2024-09-10T09:23:45,LEG-03,REAL_PUBLIC_DATA,DERIVED
CP-DEMO-001,BATCH-DEMO-001,SHIP-DEMO-001,ZEN-RAW-S09:row:13968,ZEN-RAW-S09,SENSOR09,SENSOR09.CSV,row:13968,2024-09-10T09:23:50,LEG-03,REAL_PUBLIC_DATA,DERIVED
CP-DEMO-001,BATCH-DEMO-001,SHIP-DEMO-001,ZEN-RAW-S09:row:13969,ZEN-RAW-S09,SENSOR09,SENSOR09.CSV,row:13969,2024-09-10T09:23:55,LEG-03,REAL_PUBLIC_DATA,DERIVED
CP-DEMO-001,BATCH-DEMO-001,SHIP-DEMO-001,ZEN-RAW-S09:row:13970,ZEN-RAW-S09,SENSOR09,SENSOR09.CSV,row:13970,2024-09-10T09:24:00,LEG-03,REAL_PUBLIC_DATA,DERIVED
CP-DEMO-001,BATCH-DEMO-001,SHIP-DEMO-001,ZEN-RAW-S09:row:13971,ZEN-RAW-S09,SENSOR09,SENSOR09.CSV,row:13971,2024-09-10T09:24:05,LEG-03,REAL_PUBLIC_DATA,DERIVED
CP-DEMO-001,BATCH-DEMO-001,SHIP-DEMO-001,ZEN-RAW-S09:row:13972,ZEN-RAW-S09,SENSOR09,SENSOR09.CSV,row:13972,2024-09-10T09:24:10,LEG-03,REAL_PUBLIC_DATA,DERIVED
CP-DEMO-001,BATCH-DEMO-001,SHIP-DEMO-001,ZEN-RAW-S09:row:13973,ZEN-RAW-S09,SENSOR09,SENSOR09.CSV,row:13973,2024-09-10T09:24:15,LEG-03,REAL_PUBLIC_DATA,DERIVED
CP-DEMO-001,BATCH-DEMO-001,SHIP-DEMO-001,ZEN-RAW-S09:row:13974,ZEN-RAW-S09,SENSOR09,SENSOR09.CSV,row:13974,2024-09-10T09:24:20,LEG-03,REAL_PUBLIC_DATA,DERIVED
CP-DEMO-001,BATCH-DEMO-001,SHIP-DEMO-001,ZEN-RAW-S09:row:13975,ZEN-RAW-S09,SENSOR09,SENSOR09.CSV,row:13975,2024-09-10T09:24:25,LEG-03,REAL_PUBLIC_DATA,DERIVED
CP-DEMO-001,BATCH-DEMO-001,SHIP-DEMO-001,ZEN-RAW-S09:row:13976,ZEN-RAW-S09,SENSOR09,SENSOR09.CSV,row:13976,2024-09-10T09:24:30,LEG-03,REAL_PUBLIC_DATA,DERIVED
CP-DEMO-001,BATCH-DEMO-001,SHIP-DEMO-001,ZEN-RAW-S09:row:13977,ZEN-RAW-S09,SENSOR09,SENSOR09.CSV,row:13977,2024-09-10T09:24:35,LEG-03,REAL_PUBLIC_DATA,DERIVED
CP-DEMO-001,BATCH-DEMO-001,SHIP-DEMO-001,ZEN-RAW-S09:row:13978,ZEN-RAW-S09,SENSOR09,SENSOR09.CSV,row:13978,2024-09-10T09:24:40,LEG-03,REAL_PUBLIC_DATA,DERIVED
CP-DEMO-001,BATCH-DEMO-001,SHIP-DEMO-001,ZEN-RAW-S09:row:13979,ZEN-RAW-S09,SENSOR09,SENSOR09.CSV,row:13979,2024-09-10T09:24:45,LEG-03,REAL_PUBLIC_DATA,DERIVED
CP-DEMO-001,BATCH-DEMO-001,SHIP-DEMO-001,ZEN-RAW-S09:row:13980,ZEN-RAW-S09,SENSOR09,SENSOR09.CSV,row:13980,2024-09-10T09:24:50,LEG-03,REAL_PUBLIC_DATA,DERIVED
CP-DEMO-001,BATCH-DEMO-001,SHIP-DEMO-001,ZEN-RAW-S09:row:13981,ZEN-RAW-S09,SENSOR09,SENSOR09.CSV,row:13981,2024-09-10T09:24:55,LEG-03,REAL_PUBLIC_DATA,DERIVED
CP-DEMO-001,BATCH-DEMO-001,SHIP-DEMO-001,ZEN-RAW-S09:row:13982,ZEN-RAW-S09,SENSOR09,SENSOR09.CSV,row:13982,2024-09-10T09:25:00,LEG-03,REAL_PUBLIC_DATA,DERIVED
CP-DEMO-001,BATCH-DEMO-001,SHIP-DEMO-001,ZEN-RAW-S09:row:13983,ZEN-RAW-S09,SENSOR09,SENSOR09.CSV,row:13983,2024-09-10T09:25:05,LEG-03,REAL_PUBLIC_DATA,DERIVED
CP-DEMO-001,BATCH-DEMO-001,SHIP-DEMO-001,ZEN-RAW-S09:row:13984,ZEN-RAW-S09,SENSOR09,SENSOR09.CSV,row:13984,2024-09-10T09:25:10,LEG-03,REAL_PUBLIC_DATA,DERIVED
CP-DEMO-001,BATCH-DEMO-001,SHIP-DEMO-001,ZEN-RAW-S09:row:13985,ZEN-RAW-S09,SENSOR09,SENSOR09.CSV,row:13985,2024-09-10T09:25:15,LEG-03,REAL_PUBLIC_DATA,DERIVED
CP-DEMO-001,BATCH-DEMO-001,SHIP-DEMO-001,ZEN-RAW-S09:row:13986,ZEN-RAW-S09,SENSOR09,SENSOR09.CSV,row:13986,2024-09-10T09:25:20,LEG-03,REAL_PUBLIC_DATA,DERIVED
CP-DEMO-001,BATCH-DEMO-001,SHIP-DEMO-001,ZEN-RAW-S09:row:13987,ZEN-RAW-S09,SENSOR09,SENSOR09.CSV,row:13987,2024-09-10T09:25:25,LEG-03,REAL_PUBLIC_DATA,DERIVED
CP-DEMO-001,BATCH-DEMO-001,SHIP-DEMO-001,ZEN-RAW-S09:row:13988,ZEN-RAW-S09,SENSOR09,SENSOR09.CSV,row:13988,2024-09-10T09:25:30,LEG-03,REAL_PUBLIC_DATA,DERIVED
CP-DEMO-001,BATCH-DEMO-001,SHIP-DEMO-001,ZEN-RAW-S09:row:13989,ZEN-RAW-S09,SENSOR09,SENSOR09.CSV,row:13989,2024-09-10T09:25:35,LEG-03,REAL_PUBLIC_DATA,DERIVED
CP-DEMO-001,BATCH-DEMO-001,SHIP-DEMO-001,ZEN-RAW-S09:row:13990,ZEN-RAW-S09,SENSOR09,SENSOR09.CSV,row:13990,2024-09-10T09:25:40,LEG-03,REAL_PUBLIC_DATA,DERIVED
CP-DEMO-001,BATCH-DEMO-001,SHIP-DEMO-001,ZEN-RAW-S09:row:13991,ZEN-RAW-S09,SENSOR09,SENSOR09.CSV,row:13991,2024-09-10T09:25:45,LEG-03,REAL_PUBLIC_DATA,DERIVED
CP-DEMO-001,BATCH-DEMO-001,SHIP-DEMO-001,ZEN-RAW-S09:row:13992,ZEN-RAW-S09,SENSOR09,SENSOR09.CSV,row:13992,2024-09-10T09:25:50,LEG-03,REAL_PUBLIC_DATA,DERIVED
CP-DEMO-001,BATCH-DEMO-001,SHIP-DEMO-001,ZEN-RAW-S09:row:13993,ZEN-RAW-S09,SENSOR09,SENSOR09.CSV,row:13993,2024-09-10T09:25:55,LEG-03,REAL_PUBLIC_DATA,DERIVED
CP-DEMO-001,BATCH-DEMO-001,SHIP-DEMO-001,ZEN-RAW-S09:row:13994,ZEN-RAW-S09,SENSOR09,SENSOR09.CSV,row:13994,2024-09-10T09:26:00,LEG-03,REAL_PUBLIC_DATA,DERIVED
CP-DEMO-001,BATCH-DEMO-001,SHIP-DEMO-001,ZEN-RAW-S09:row:13995,ZEN-RAW-S09,SENSOR09,SENSOR09.CSV,row:13995,2024-09-10T09:26:05,LEG-03,REAL_PUBLIC_DATA,DERIVED
CP-DEMO-001,BATCH-DEMO-001,SHIP-DEMO-001,ZEN-RAW-S09:row:13996,ZEN-RAW-S09,SENSOR09,SENSOR09.CSV,row:13996,2024-09-10T09:26:10,LEG-03,REAL_PUBLIC_DATA,DERIVED
CP-DEMO-001,BATCH-DEMO-001,SHIP-DEMO-001,ZEN-RAW-S09:row:13997,ZEN-RAW-S09,SENSOR09,SENSOR09.CSV,row:13997,2024-09-10T09:26:15,LEG-03,REAL_PUBLIC_DATA,DERIVED
CP-DEMO-001,BATCH-DEMO-001,SHIP-DEMO-001,ZEN-RAW-S09:row:13998,ZEN-RAW-S09,SENSOR09,SENSOR09.CSV,row:13998,2024-09-10T09:26:20,LEG-03,REAL_PUBLIC_DATA,DERIVED
CP-DEMO-001,BATCH-DEMO-001,SHIP-DEMO-001,ZEN-RAW-S09:row:13999,ZEN-RAW-S09,SENSOR09,SENSOR09.CSV,row:13999,2024-09-10T09:26:25,LEG-03,REAL_PUBLIC_DATA,DERIVED
CP-DEMO-001,BATCH-DEMO-001,SHIP-DEMO-001,ZEN-RAW-S09:row:14000,ZEN-RAW-S09,SENSOR09,SENSOR09.CSV,row:14000,2024-09-10T09:26:30,LEG-03,REAL_PUBLIC_DATA,DERIVED
CP-DEMO-001,BATCH-DEMO-001,SHIP-DEMO-001,ZEN-RAW-S09:row:14001,ZEN-RAW-S09,SENSOR09,SENSOR09.CSV,row:14001,2024-09-10T09:26:35,LEG-03,REAL_PUBLIC_DATA,DERIVED
CP-DEMO-001,BATCH-DEMO-001,SHIP-DEMO-001,ZEN-RAW-S09:row:14002,ZEN-RAW-S09,SENSOR09,SENSOR09.CSV,row:14002,2024-09-10T09:26:40,LEG-03,REAL_PUBLIC_DATA,DERIVED
CP-DEMO-001,BATCH-DEMO-001,SHIP-DEMO-001,ZEN-RAW-S09:row:14003,ZEN-RAW-S09,SENSOR09,SENSOR09.CSV,row:14003,2024-09-10T09:26:45,LEG-03,REAL_PUBLIC_DATA,DERIVED
CP-DEMO-001,BATCH-DEMO-001,SHIP-DEMO-001,ZEN-RAW-S09:row:14004,ZEN-RAW-S09,SENSOR09,SENSOR09.CSV,row:14004,2024-09-10T09:26:50,LEG-03,REAL_PUBLIC_DATA,DERIVED
CP-DEMO-001,BATCH-DEMO-001,SHIP-DEMO-001,ZEN-RAW-S09:row:14005,ZEN-RAW-S09,SENSOR09,SENSOR09.CSV,row:14005,2024-09-10T09:26:55,LEG-03,REAL_PUBLIC_DATA,DERIVED
CP-DEMO-001,BATCH-DEMO-001,SHIP-DEMO-001,ZEN-RAW-S09:row:14006,ZEN-RAW-S09,SENSOR09,SENSOR09.CSV,row:14006,2024-09-10T09:27:00,LEG-03,REAL_PUBLIC_DATA,DERIVED
CP-DEMO-001,BATCH-DEMO-001,SHIP-DEMO-001,ZEN-RAW-S09:row:14007,ZEN-RAW-S09,SENSOR09,SENSOR09.CSV,row:14007,2024-09-10T09:27:05,LEG-03,REAL_PUBLIC_DATA,DERIVED
CP-DEMO-001,BATCH-DEMO-001,SHIP-DEMO-001,ZEN-RAW-S09:row:14008,ZEN-RAW-S09,SENSOR09,SENSOR09.CSV,row:14008,2024-09-10T09:27:10,LEG-03,REAL_PUBLIC_DATA,DERIVED
CP-DEMO-001,BATCH-DEMO-001,SHIP-DEMO-001,ZEN-RAW-S09:row:14009,ZEN-RAW-S09,SENSOR09,SENSOR09.CSV,row:14009,2024-09-10T09:27:15,LEG-03,REAL_PUBLIC_DATA,DERIVED
CP-DEMO-001,BATCH-DEMO-001,SHIP-DEMO-001,ZEN-RAW-S09:row:14010,ZEN-RAW-S09,SENSOR09,SENSOR09.CSV,row:14010,2024-09-10T09:27:20,LEG-03,REAL_PUBLIC_DATA,DERIVED
CP-DEMO-001,BATCH-DEMO-001,SHIP-DEMO-001,ZEN-RAW-S09:row:14011,ZEN-RAW-S09,SENSOR09,SENSOR09.CSV,row:14011,2024-09-10T09:27:25,LEG-03,REAL_PUBLIC_DATA,DERIVED
CP-DEMO-001,BATCH-DEMO-001,SHIP-DEMO-001,ZEN-RAW-S09:row:14012,ZEN-RAW-S09,SENSOR09,SENSOR09.CSV,row:14012,2024-09-10T09:27:30,LEG-03,REAL_PUBLIC_DATA,DERIVED
CP-DEMO-001,BATCH-DEMO-001,SHIP-DEMO-001,ZEN-RAW-S09:row:14013,ZEN-RAW-S09,SENSOR09,SENSOR09.CSV,row:14013,2024-09-10T09:27:35,LEG-03,REAL_PUBLIC_DATA,DERIVED
CP-DEMO-001,BATCH-DEMO-001,SHIP-DEMO-001,ZEN-RAW-S09:row:14014,ZEN-RAW-S09,SENSOR09,SENSOR09.CSV,row:14014,2024-09-10T09:27:40,LEG-03,REAL_PUBLIC_DATA,DERIVED
CP-DEMO-001,BATCH-DEMO-001,SHIP-DEMO-001,ZEN-RAW-S09:row:14015,ZEN-RAW-S09,SENSOR09,SENSOR09.CSV,row:14015,2024-09-10T09:27:45,LEG-03,REAL_PUBLIC_DATA,DERIVED
CP-DEMO-001,BATCH-DEMO-001,SHIP-DEMO-001,ZEN-RAW-S09:row:14016,ZEN-RAW-S09,SENSOR09,SENSOR09.CSV,row:14016,2024-09-10T09:27:50,LEG-03,REAL_PUBLIC_DATA,DERIVED
CP-DEMO-001,BATCH-DEMO-001,SHIP-DEMO-001,ZEN-RAW-S09:row:14017,ZEN-RAW-S09,SENSOR09,SENSOR09.CSV,row:14017,2024-09-10T09:27:55,LEG-03,REAL_PUBLIC_DATA,DERIVED
CP-DEMO-001,BATCH-DEMO-001,SHIP-DEMO-001,ZEN-RAW-S09:row:14018,ZEN-RAW-S09,SENSOR09,SENSOR09.CSV,row:14018,2024-09-10T09:28:00,LEG-03,REAL_PUBLIC_DATA,DERIVED
CP-DEMO-001,BATCH-DEMO-001,SHIP-DEMO-001,ZEN-RAW-S09:row:14019,ZEN-RAW-S09,SENSOR09,SENSOR09.CSV,row:14019,2024-09-10T09:28:05,LEG-03,REAL_PUBLIC_DATA,DERIVED
CP-DEMO-001,BATCH-DEMO-001,SHIP-DEMO-001,ZEN-RAW-S09:row:14020,ZEN-RAW-S09,SENSOR09,SENSOR09.CSV,row:14020,2024-09-10T09:28:10,LEG-03,REAL_PUBLIC_DATA,DERIVED
CP-DEMO-001,BATCH-DEMO-001,SHIP-DEMO-001,ZEN-RAW-S09:row:14021,ZEN-RAW-S09,SENSOR09,SENSOR09.CSV,row:14021,2024-09-10T09:28:15,LEG-03,REAL_PUBLIC_DATA,DERIVED
CP-DEMO-001,BATCH-DEMO-001,SHIP-DEMO-001,ZEN-RAW-S09:row:14022,ZEN-RAW-S09,SENSOR09,SENSOR09.CSV,row:14022,2024-09-10T09:28:20,LEG-03,REAL_PUBLIC_DATA,DERIVED
CP-DEMO-001,BATCH-DEMO-001,SHIP-DEMO-001,ZEN-RAW-S09:row:14023,ZEN-RAW-S09,SENSOR09,SENSOR09.CSV,row:14023,2024-09-10T09:28:25,LEG-03,REAL_PUBLIC_DATA,DERIVED
CP-DEMO-001,BATCH-DEMO-001,SHIP-DEMO-001,ZEN-RAW-S09:row:14024,ZEN-RAW-S09,SENSOR09,SENSOR09.CSV,row:14024,2024-09-10T09:28:30,LEG-03,REAL_PUBLIC_DATA,DERIVED
CP-DEMO-001,BATCH-DEMO-001,SHIP-DEMO-001,ZEN-RAW-S09:row:14025,ZEN-RAW-S09,SENSOR09,SENSOR09.CSV,row:14025,2024-09-10T09:28:35,LEG-03,REAL_PUBLIC_DATA,DERIVED
CP-DEMO-001,BATCH-DEMO-001,SHIP-DEMO-001,ZEN-RAW-S09:row:14026,ZEN-RAW-S09,SENSOR09,SENSOR09.CSV,row:14026,2024-09-10T09:28:40,LEG-03,REAL_PUBLIC_DATA,DERIVED
CP-DEMO-001,BATCH-DEMO-001,SHIP-DEMO-001,ZEN-RAW-S09:row:14027,ZEN-RAW-S09,SENSOR09,SENSOR09.CSV,row:14027,2024-09-10T09:28:45,LEG-03,REAL_PUBLIC_DATA,DERIVED
CP-DEMO-001,BATCH-DEMO-001,SHIP-DEMO-001,ZEN-RAW-S09:row:14028,ZEN-RAW-S09,SENSOR09,SENSOR09.CSV,row:14028,2024-09-10T09:28:50,LEG-03,REAL_PUBLIC_DATA,DERIVED
CP-DEMO-001,BATCH-DEMO-001,SHIP-DEMO-001,ZEN-RAW-S09:row:14029,ZEN-RAW-S09,SENSOR09,SENSOR09.CSV,row:14029,2024-09-10T09:28:55,LEG-03,REAL_PUBLIC_DATA,DERIVED
CP-DEMO-001,BATCH-DEMO-001,SHIP-DEMO-001,ZEN-RAW-S09:row:14030,ZEN-RAW-S09,SENSOR09,SENSOR09.CSV,row:14030,2024-09-10T09:29:00,LEG-03,REAL_PUBLIC_DATA,DERIVED
CP-DEMO-001,BATCH-DEMO-001,SHIP-DEMO-001,ZEN-RAW-S09:row:14031,ZEN-RAW-S09,SENSOR09,SENSOR09.CSV,row:14031,2024-09-10T09:29:05,LEG-03,REAL_PUBLIC_DATA,DERIVED
CP-DEMO-001,BATCH-DEMO-001,SHIP-DEMO-001,ZEN-RAW-S09:row:14032,ZEN-RAW-S09,SENSOR09,SENSOR09.CSV,row:14032,2024-09-10T09:29:10,LEG-03,REAL_PUBLIC_DATA,DERIVED
CP-DEMO-001,BATCH-DEMO-001,SHIP-DEMO-001,ZEN-RAW-S09:row:14033,ZEN-RAW-S09,SENSOR09,SENSOR09.CSV,row:14033,2024-09-10T09:29:15,LEG-03,REAL_PUBLIC_DATA,DERIVED
CP-DEMO-001,BATCH-DEMO-001,SHIP-DEMO-001,ZEN-RAW-S09:row:14034,ZEN-RAW-S09,SENSOR09,SENSOR09.CSV,row:14034,2024-09-10T09:29:20,LEG-03,REAL_PUBLIC_DATA,DERIVED
CP-DEMO-001,BATCH-DEMO-001,SHIP-DEMO-001,ZEN-RAW-S09:row:14035,ZEN-RAW-S09,SENSOR09,SENSOR09.CSV,row:14035,2024-09-10T09:29:25,LEG-03,REAL_PUBLIC_DATA,DERIVED
CP-DEMO-001,BATCH-DEMO-001,SHIP-DEMO-001,ZEN-RAW-S09:row:14036,ZEN-RAW-S09,SENSOR09,SENSOR09.CSV,row:14036,2024-09-10T09:29:30,LEG-03,REAL_PUBLIC_DATA,DERIVED
CP-DEMO-001,BATCH-DEMO-001,SHIP-DEMO-001,ZEN-RAW-S09:row:14037,ZEN-RAW-S09,SENSOR09,SENSOR09.CSV,row:14037,2024-09-10T09:29:35,LEG-03,REAL_PUBLIC_DATA,DERIVED
CP-DEMO-001,BATCH-DEMO-001,SHIP-DEMO-001,ZEN-RAW-S09:row:14038,ZEN-RAW-S09,SENSOR09,SENSOR09.CSV,row:14038,2024-09-10T09:29:40,LEG-03,REAL_PUBLIC_DATA,DERIVED
CP-DEMO-001,BATCH-DEMO-001,SHIP-DEMO-001,ZEN-RAW-S09:row:14039,ZEN-RAW-S09,SENSOR09,SENSOR09.CSV,row:14039,2024-09-10T09:29:45,LEG-03,REAL_PUBLIC_DATA,DERIVED
CP-DEMO-001,BATCH-DEMO-001,SHIP-DEMO-001,ZEN-RAW-S09:row:14040,ZEN-RAW-S09,SENSOR09,SENSOR09.CSV,row:14040,2024-09-10T09:29:50,LEG-03,REAL_PUBLIC_DATA,DERIVED
CP-DEMO-001,BATCH-DEMO-001,SHIP-DEMO-001,ZEN-RAW-S09:row:14041,ZEN-RAW-S09,SENSOR09,SENSOR09.CSV,row:14041,2024-09-10T09:29:55,LEG-03,REAL_PUBLIC_DATA,DERIVED
CP-DEMO-001,BATCH-DEMO-001,SHIP-DEMO-001,ZEN-RAW-S09:row:14042,ZEN-RAW-S09,SENSOR09,SENSOR09.CSV,row:14042,2024-09-10T09:30:00,LEG-04,REAL_PUBLIC_DATA,DERIVED
CP-DEMO-001,BATCH-DEMO-001,SHIP-DEMO-001,ZEN-RAW-S09:row:14043,ZEN-RAW-S09,SENSOR09,SENSOR09.CSV,row:14043,2024-09-10T09:30:05,LEG-04,REAL_PUBLIC_DATA,DERIVED
CP-DEMO-001,BATCH-DEMO-001,SHIP-DEMO-001,ZEN-RAW-S09:row:14044,ZEN-RAW-S09,SENSOR09,SENSOR09.CSV,row:14044,2024-09-10T09:30:10,LEG-04,REAL_PUBLIC_DATA,DERIVED
CP-DEMO-001,BATCH-DEMO-001,SHIP-DEMO-001,ZEN-RAW-S09:row:14045,ZEN-RAW-S09,SENSOR09,SENSOR09.CSV,row:14045,2024-09-10T09:30:15,LEG-04,REAL_PUBLIC_DATA,DERIVED
CP-DEMO-001,BATCH-DEMO-001,SHIP-DEMO-001,ZEN-RAW-S09:row:14046,ZEN-RAW-S09,SENSOR09,SENSOR09.CSV,row:14046,2024-09-10T09:30:20,LEG-04,REAL_PUBLIC_DATA,DERIVED
CP-DEMO-001,BATCH-DEMO-001,SHIP-DEMO-001,ZEN-RAW-S09:row:14047,ZEN-RAW-S09,SENSOR09,SENSOR09.CSV,row:14047,2024-09-10T09:30:25,LEG-04,REAL_PUBLIC_DATA,DERIVED
CP-DEMO-001,BATCH-DEMO-001,SHIP-DEMO-001,ZEN-RAW-S09:row:14048,ZEN-RAW-S09,SENSOR09,SENSOR09.CSV,row:14048,2024-09-10T09:30:30,LEG-04,REAL_PUBLIC_DATA,DERIVED
CP-DEMO-001,BATCH-DEMO-001,SHIP-DEMO-001,ZEN-RAW-S09:row:14049,ZEN-RAW-S09,SENSOR09,SENSOR09.CSV,row:14049,2024-09-10T09:30:35,LEG-04,REAL_PUBLIC_DATA,DERIVED
CP-DEMO-001,BATCH-DEMO-001,SHIP-DEMO-001,ZEN-RAW-S09:row:14050,ZEN-RAW-S09,SENSOR09,SENSOR09.CSV,row:14050,2024-09-10T09:30:40,LEG-04,REAL_PUBLIC_DATA,DERIVED
CP-DEMO-001,BATCH-DEMO-001,SHIP-DEMO-001,ZEN-RAW-S09:row:14051,ZEN-RAW-S09,SENSOR09,SENSOR09.CSV,row:14051,2024-09-10T09:30:45,LEG-04,REAL_PUBLIC_DATA,DERIVED
CP-DEMO-001,BATCH-DEMO-001,SHIP-DEMO-001,ZEN-RAW-S09:row:14052,ZEN-RAW-S09,SENSOR09,SENSOR09.CSV,row:14052,2024-09-10T09:30:50,LEG-04,REAL_PUBLIC_DATA,DERIVED
CP-DEMO-001,BATCH-DEMO-001,SHIP-DEMO-001,ZEN-RAW-S09:row:14053,ZEN-RAW-S09,SENSOR09,SENSOR09.CSV,row:14053,2024-09-10T09:30:55,LEG-04,REAL_PUBLIC_DATA,DERIVED
CP-DEMO-001,BATCH-DEMO-001,SHIP-DEMO-001,ZEN-RAW-S09:row:14054,ZEN-RAW-S09,SENSOR09,SENSOR09.CSV,row:14054,2024-09-10T09:31:00,LEG-04,REAL_PUBLIC_DATA,DERIVED
CP-DEMO-001,BATCH-DEMO-001,SHIP-DEMO-001,ZEN-RAW-S09:row:14055,ZEN-RAW-S09,SENSOR09,SENSOR09.CSV,row:14055,2024-09-10T09:31:05,LEG-04,REAL_PUBLIC_DATA,DERIVED
CP-DEMO-001,BATCH-DEMO-001,SHIP-DEMO-001,ZEN-RAW-S09:row:14056,ZEN-RAW-S09,SENSOR09,SENSOR09.CSV,row:14056,2024-09-10T09:31:10,LEG-04,REAL_PUBLIC_DATA,DERIVED
CP-DEMO-001,BATCH-DEMO-001,SHIP-DEMO-001,ZEN-RAW-S09:row:14057,ZEN-RAW-S09,SENSOR09,SENSOR09.CSV,row:14057,2024-09-10T09:31:15,LEG-04,REAL_PUBLIC_DATA,DERIVED
CP-DEMO-001,BATCH-DEMO-001,SHIP-DEMO-001,ZEN-RAW-S09:row:14058,ZEN-RAW-S09,SENSOR09,SENSOR09.CSV,row:14058,2024-09-10T09:31:20,LEG-04,REAL_PUBLIC_DATA,DERIVED
CP-DEMO-001,BATCH-DEMO-001,SHIP-DEMO-001,ZEN-RAW-S09:row:14059,ZEN-RAW-S09,SENSOR09,SENSOR09.CSV,row:14059,2024-09-10T09:31:25,LEG-04,REAL_PUBLIC_DATA,DERIVED
CP-DEMO-001,BATCH-DEMO-001,SHIP-DEMO-001,ZEN-RAW-S09:row:14060,ZEN-RAW-S09,SENSOR09,SENSOR09.CSV,row:14060,2024-09-10T09:31:30,LEG-04,REAL_PUBLIC_DATA,DERIVED
CP-DEMO-001,BATCH-DEMO-001,SHIP-DEMO-001,ZEN-RAW-S09:row:14061,ZEN-RAW-S09,SENSOR09,SENSOR09.CSV,row:14061,2024-09-10T09:31:35,LEG-04,REAL_PUBLIC_DATA,DERIVED
CP-DEMO-001,BATCH-DEMO-001,SHIP-DEMO-001,ZEN-RAW-S09:row:14062,ZEN-RAW-S09,SENSOR09,SENSOR09.CSV,row:14062,2024-09-10T09:31:40,LEG-04,REAL_PUBLIC_DATA,DERIVED
CP-DEMO-001,BATCH-DEMO-001,SHIP-DEMO-001,ZEN-RAW-S09:row:14063,ZEN-RAW-S09,SENSOR09,SENSOR09.CSV,row:14063,2024-09-10T09:31:45,LEG-04,REAL_PUBLIC_DATA,DERIVED
CP-DEMO-001,BATCH-DEMO-001,SHIP-DEMO-001,ZEN-RAW-S09:row:14064,ZEN-RAW-S09,SENSOR09,SENSOR09.CSV,row:14064,2024-09-10T09:31:50,LEG-04,REAL_PUBLIC_DATA,DERIVED
CP-DEMO-001,BATCH-DEMO-001,SHIP-DEMO-001,ZEN-RAW-S09:row:14065,ZEN-RAW-S09,SENSOR09,SENSOR09.CSV,row:14065,2024-09-10T09:31:55,LEG-04,REAL_PUBLIC_DATA,DERIVED
CP-DEMO-001,BATCH-DEMO-001,SHIP-DEMO-001,ZEN-RAW-S09:row:14066,ZEN-RAW-S09,SENSOR09,SENSOR09.CSV,row:14066,2024-09-10T09:32:00,LEG-04,REAL_PUBLIC_DATA,DERIVED
CP-DEMO-001,BATCH-DEMO-001,SHIP-DEMO-001,ZEN-RAW-S09:row:14067,ZEN-RAW-S09,SENSOR09,SENSOR09.CSV,row:14067,2024-09-10T09:32:05,LEG-04,REAL_PUBLIC_DATA,DERIVED
CP-DEMO-001,BATCH-DEMO-001,SHIP-DEMO-001,ZEN-RAW-S09:row:14068,ZEN-RAW-S09,SENSOR09,SENSOR09.CSV,row:14068,2024-09-10T09:32:10,LEG-04,REAL_PUBLIC_DATA,DERIVED
CP-DEMO-001,BATCH-DEMO-001,SHIP-DEMO-001,ZEN-RAW-S09:row:14069,ZEN-RAW-S09,SENSOR09,SENSOR09.CSV,row:14069,2024-09-10T09:32:15,LEG-04,REAL_PUBLIC_DATA,DERIVED
CP-DEMO-001,BATCH-DEMO-001,SHIP-DEMO-001,ZEN-RAW-S09:row:14070,ZEN-RAW-S09,SENSOR09,SENSOR09.CSV,row:14070,2024-09-10T09:32:20,LEG-04,REAL_PUBLIC_DATA,DERIVED
CP-DEMO-001,BATCH-DEMO-001,SHIP-DEMO-001,ZEN-RAW-S09:row:14071,ZEN-RAW-S09,SENSOR09,SENSOR09.CSV,row:14071,2024-09-10T09:32:25,LEG-04,REAL_PUBLIC_DATA,DERIVED
CP-DEMO-001,BATCH-DEMO-001,SHIP-DEMO-001,ZEN-RAW-S09:row:14072,ZEN-RAW-S09,SENSOR09,SENSOR09.CSV,row:14072,2024-09-10T09:32:30,LEG-04,REAL_PUBLIC_DATA,DERIVED
CP-DEMO-001,BATCH-DEMO-001,SHIP-DEMO-001,ZEN-RAW-S09:row:14073,ZEN-RAW-S09,SENSOR09,SENSOR09.CSV,row:14073,2024-09-10T09:32:35,LEG-04,REAL_PUBLIC_DATA,DERIVED
CP-DEMO-001,BATCH-DEMO-001,SHIP-DEMO-001,ZEN-RAW-S09:row:14074,ZEN-RAW-S09,SENSOR09,SENSOR09.CSV,row:14074,2024-09-10T09:32:40,LEG-04,REAL_PUBLIC_DATA,DERIVED
CP-DEMO-001,BATCH-DEMO-001,SHIP-DEMO-001,ZEN-RAW-S09:row:14075,ZEN-RAW-S09,SENSOR09,SENSOR09.CSV,row:14075,2024-09-10T09:32:45,LEG-04,REAL_PUBLIC_DATA,DERIVED
CP-DEMO-001,BATCH-DEMO-001,SHIP-DEMO-001,ZEN-RAW-S09:row:14076,ZEN-RAW-S09,SENSOR09,SENSOR09.CSV,row:14076,2024-09-10T09:32:50,LEG-04,REAL_PUBLIC_DATA,DERIVED
CP-DEMO-001,BATCH-DEMO-001,SHIP-DEMO-001,ZEN-RAW-S09:row:14077,ZEN-RAW-S09,SENSOR09,SENSOR09.CSV,row:14077,2024-09-10T09:32:55,LEG-04,REAL_PUBLIC_DATA,DERIVED
CP-DEMO-001,BATCH-DEMO-001,SHIP-DEMO-001,ZEN-RAW-S09:row:14078,ZEN-RAW-S09,SENSOR09,SENSOR09.CSV,row:14078,2024-09-10T09:33:00,LEG-04,REAL_PUBLIC_DATA,DERIVED
CP-DEMO-001,BATCH-DEMO-001,SHIP-DEMO-001,ZEN-RAW-S09:row:14079,ZEN-RAW-S09,SENSOR09,SENSOR09.CSV,row:14079,2024-09-10T09:33:05,LEG-04,REAL_PUBLIC_DATA,DERIVED
CP-DEMO-001,BATCH-DEMO-001,SHIP-DEMO-001,ZEN-RAW-S09:row:14080,ZEN-RAW-S09,SENSOR09,SENSOR09.CSV,row:14080,2024-09-10T09:33:10,LEG-04,REAL_PUBLIC_DATA,DERIVED
CP-DEMO-001,BATCH-DEMO-001,SHIP-DEMO-001,ZEN-RAW-S09:row:14081,ZEN-RAW-S09,SENSOR09,SENSOR09.CSV,row:14081,2024-09-10T09:33:15,LEG-04,REAL_PUBLIC_DATA,DERIVED
CP-DEMO-001,BATCH-DEMO-001,SHIP-DEMO-001,ZEN-RAW-S09:row:14082,ZEN-RAW-S09,SENSOR09,SENSOR09.CSV,row:14082,2024-09-10T09:33:20,LEG-04,REAL_PUBLIC_DATA,DERIVED
CP-DEMO-001,BATCH-DEMO-001,SHIP-DEMO-001,ZEN-RAW-S09:row:14083,ZEN-RAW-S09,SENSOR09,SENSOR09.CSV,row:14083,2024-09-10T09:33:25,LEG-04,REAL_PUBLIC_DATA,DERIVED
CP-DEMO-001,BATCH-DEMO-001,SHIP-DEMO-001,ZEN-RAW-S09:row:14084,ZEN-RAW-S09,SENSOR09,SENSOR09.CSV,row:14084,2024-09-10T09:33:30,LEG-04,REAL_PUBLIC_DATA,DERIVED
CP-DEMO-001,BATCH-DEMO-001,SHIP-DEMO-001,ZEN-RAW-S09:row:14085,ZEN-RAW-S09,SENSOR09,SENSOR09.CSV,row:14085,2024-09-10T09:33:35,LEG-04,REAL_PUBLIC_DATA,DERIVED
CP-DEMO-001,BATCH-DEMO-001,SHIP-DEMO-001,ZEN-RAW-S09:row:14086,ZEN-RAW-S09,SENSOR09,SENSOR09.CSV,row:14086,2024-09-10T09:33:40,LEG-04,REAL_PUBLIC_DATA,DERIVED
CP-DEMO-001,BATCH-DEMO-001,SHIP-DEMO-001,ZEN-RAW-S09:row:14087,ZEN-RAW-S09,SENSOR09,SENSOR09.CSV,row:14087,2024-09-10T09:33:45,LEG-04,REAL_PUBLIC_DATA,DERIVED
CP-DEMO-001,BATCH-DEMO-001,SHIP-DEMO-001,ZEN-RAW-S09:row:14088,ZEN-RAW-S09,SENSOR09,SENSOR09.CSV,row:14088,2024-09-10T09:33:50,LEG-04,REAL_PUBLIC_DATA,DERIVED
CP-DEMO-001,BATCH-DEMO-001,SHIP-DEMO-001,ZEN-RAW-S09:row:14089,ZEN-RAW-S09,SENSOR09,SENSOR09.CSV,row:14089,2024-09-10T09:33:55,LEG-04,REAL_PUBLIC_DATA,DERIVED
CP-DEMO-001,BATCH-DEMO-001,SHIP-DEMO-001,ZEN-RAW-S09:row:14090,ZEN-RAW-S09,SENSOR09,SENSOR09.CSV,row:14090,2024-09-10T09:34:00,LEG-04,REAL_PUBLIC_DATA,DERIVED
CP-DEMO-001,BATCH-DEMO-001,SHIP-DEMO-001,ZEN-RAW-S09:row:14091,ZEN-RAW-S09,SENSOR09,SENSOR09.CSV,row:14091,2024-09-10T09:34:05,LEG-04,REAL_PUBLIC_DATA,DERIVED
CP-DEMO-001,BATCH-DEMO-001,SHIP-DEMO-001,ZEN-RAW-S09:row:14092,ZEN-RAW-S09,SENSOR09,SENSOR09.CSV,row:14092,2024-09-10T09:34:10,LEG-04,REAL_PUBLIC_DATA,DERIVED
CP-DEMO-001,BATCH-DEMO-001,SHIP-DEMO-001,ZEN-RAW-S09:row:14093,ZEN-RAW-S09,SENSOR09,SENSOR09.CSV,row:14093,2024-09-10T09:34:15,LEG-04,REAL_PUBLIC_DATA,DERIVED
CP-DEMO-001,BATCH-DEMO-001,SHIP-DEMO-001,ZEN-RAW-S09:row:14094,ZEN-RAW-S09,SENSOR09,SENSOR09.CSV,row:14094,2024-09-10T09:34:20,LEG-04,REAL_PUBLIC_DATA,DERIVED
CP-DEMO-001,BATCH-DEMO-001,SHIP-DEMO-001,ZEN-RAW-S09:row:14095,ZEN-RAW-S09,SENSOR09,SENSOR09.CSV,row:14095,2024-09-10T09:34:25,LEG-04,REAL_PUBLIC_DATA,DERIVED
CP-DEMO-001,BATCH-DEMO-001,SHIP-DEMO-001,ZEN-RAW-S09:row:14096,ZEN-RAW-S09,SENSOR09,SENSOR09.CSV,row:14096,2024-09-10T09:34:30,LEG-04,REAL_PUBLIC_DATA,DERIVED
CP-DEMO-001,BATCH-DEMO-001,SHIP-DEMO-001,ZEN-RAW-S09:row:14097,ZEN-RAW-S09,SENSOR09,SENSOR09.CSV,row:14097,2024-09-10T09:34:35,LEG-04,REAL_PUBLIC_DATA,DERIVED
CP-DEMO-001,BATCH-DEMO-001,SHIP-DEMO-001,ZEN-RAW-S09:row:14098,ZEN-RAW-S09,SENSOR09,SENSOR09.CSV,row:14098,2024-09-10T09:34:40,LEG-04,REAL_PUBLIC_DATA,DERIVED
CP-DEMO-001,BATCH-DEMO-001,SHIP-DEMO-001,ZEN-RAW-S09:row:14099,ZEN-RAW-S09,SENSOR09,SENSOR09.CSV,row:14099,2024-09-10T09:34:45,LEG-04,REAL_PUBLIC_DATA,DERIVED
CP-DEMO-001,BATCH-DEMO-001,SHIP-DEMO-001,ZEN-RAW-S09:row:14100,ZEN-RAW-S09,SENSOR09,SENSOR09.CSV,row:14100,2024-09-10T09:34:50,LEG-04,REAL_PUBLIC_DATA,DERIVED
CP-DEMO-001,BATCH-DEMO-001,SHIP-DEMO-001,ZEN-RAW-S09:row:14101,ZEN-RAW-S09,SENSOR09,SENSOR09.CSV,row:14101,2024-09-10T09:34:55,LEG-04,REAL_PUBLIC_DATA,DERIVED
CP-DEMO-001,BATCH-DEMO-001,SHIP-DEMO-001,ZEN-RAW-S09:row:14102,ZEN-RAW-S09,SENSOR09,SENSOR09.CSV,row:14102,2024-09-10T09:35:00,LEG-04,REAL_PUBLIC_DATA,DERIVED
CP-DEMO-001,BATCH-DEMO-001,SHIP-DEMO-001,ZEN-RAW-S09:row:14103,ZEN-RAW-S09,SENSOR09,SENSOR09.CSV,row:14103,2024-09-10T09:35:05,LEG-04,REAL_PUBLIC_DATA,DERIVED
CP-DEMO-001,BATCH-DEMO-001,SHIP-DEMO-001,ZEN-RAW-S09:row:14104,ZEN-RAW-S09,SENSOR09,SENSOR09.CSV,row:14104,2024-09-10T09:35:10,LEG-04,REAL_PUBLIC_DATA,DERIVED
CP-DEMO-001,BATCH-DEMO-001,SHIP-DEMO-001,ZEN-RAW-S09:row:14105,ZEN-RAW-S09,SENSOR09,SENSOR09.CSV,row:14105,2024-09-10T09:35:15,LEG-04,REAL_PUBLIC_DATA,DERIVED
CP-DEMO-001,BATCH-DEMO-001,SHIP-DEMO-001,ZEN-RAW-S09:row:14106,ZEN-RAW-S09,SENSOR09,SENSOR09.CSV,row:14106,2024-09-10T09:35:20,LEG-04,REAL_PUBLIC_DATA,DERIVED
CP-DEMO-001,BATCH-DEMO-001,SHIP-DEMO-001,ZEN-RAW-S09:row:14107,ZEN-RAW-S09,SENSOR09,SENSOR09.CSV,row:14107,2024-09-10T09:35:25,LEG-04,REAL_PUBLIC_DATA,DERIVED
CP-DEMO-001,BATCH-DEMO-001,SHIP-DEMO-001,ZEN-RAW-S09:row:14108,ZEN-RAW-S09,SENSOR09,SENSOR09.CSV,row:14108,2024-09-10T09:35:30,LEG-04,REAL_PUBLIC_DATA,DERIVED
CP-DEMO-001,BATCH-DEMO-001,SHIP-DEMO-001,ZEN-RAW-S09:row:14109,ZEN-RAW-S09,SENSOR09,SENSOR09.CSV,row:14109,2024-09-10T09:35:35,LEG-04,REAL_PUBLIC_DATA,DERIVED
CP-DEMO-001,BATCH-DEMO-001,SHIP-DEMO-001,ZEN-RAW-S09:row:14110,ZEN-RAW-S09,SENSOR09,SENSOR09.CSV,row:14110,2024-09-10T09:35:40,LEG-04,REAL_PUBLIC_DATA,DERIVED
CP-DEMO-001,BATCH-DEMO-001,SHIP-DEMO-001,ZEN-RAW-S09:row:14111,ZEN-RAW-S09,SENSOR09,SENSOR09.CSV,row:14111,2024-09-10T09:35:45,LEG-04,REAL_PUBLIC_DATA,DERIVED
CP-DEMO-001,BATCH-DEMO-001,SHIP-DEMO-001,ZEN-RAW-S09:row:14112,ZEN-RAW-S09,SENSOR09,SENSOR09.CSV,row:14112,2024-09-10T09:35:50,LEG-04,REAL_PUBLIC_DATA,DERIVED
CP-DEMO-001,BATCH-DEMO-001,SHIP-DEMO-001,ZEN-RAW-S09:row:14113,ZEN-RAW-S09,SENSOR09,SENSOR09.CSV,row:14113,2024-09-10T09:35:55,LEG-04,REAL_PUBLIC_DATA,DERIVED
CP-DEMO-001,BATCH-DEMO-001,SHIP-DEMO-001,ZEN-RAW-S09:row:14114,ZEN-RAW-S09,SENSOR09,SENSOR09.CSV,row:14114,2024-09-10T09:36:00,LEG-04,REAL_PUBLIC_DATA,DERIVED
CP-DEMO-001,BATCH-DEMO-001,SHIP-DEMO-001,ZEN-RAW-S09:row:14115,ZEN-RAW-S09,SENSOR09,SENSOR09.CSV,row:14115,2024-09-10T09:36:05,LEG-04,REAL_PUBLIC_DATA,DERIVED
CP-DEMO-001,BATCH-DEMO-001,SHIP-DEMO-001,ZEN-RAW-S09:row:14116,ZEN-RAW-S09,SENSOR09,SENSOR09.CSV,row:14116,2024-09-10T09:36:10,LEG-04,REAL_PUBLIC_DATA,DERIVED
CP-DEMO-001,BATCH-DEMO-001,SHIP-DEMO-001,ZEN-RAW-S09:row:14117,ZEN-RAW-S09,SENSOR09,SENSOR09.CSV,row:14117,2024-09-10T09:36:15,LEG-04,REAL_PUBLIC_DATA,DERIVED
CP-DEMO-001,BATCH-DEMO-001,SHIP-DEMO-001,ZEN-RAW-S09:row:14118,ZEN-RAW-S09,SENSOR09,SENSOR09.CSV,row:14118,2024-09-10T09:36:20,LEG-04,REAL_PUBLIC_DATA,DERIVED
CP-DEMO-001,BATCH-DEMO-001,SHIP-DEMO-001,ZEN-RAW-S09:row:14119,ZEN-RAW-S09,SENSOR09,SENSOR09.CSV,row:14119,2024-09-10T09:36:25,LEG-04,REAL_PUBLIC_DATA,DERIVED
CP-DEMO-001,BATCH-DEMO-001,SHIP-DEMO-001,ZEN-RAW-S09:row:14120,ZEN-RAW-S09,SENSOR09,SENSOR09.CSV,row:14120,2024-09-10T09:36:30,LEG-04,REAL_PUBLIC_DATA,DERIVED
CP-DEMO-001,BATCH-DEMO-001,SHIP-DEMO-001,ZEN-RAW-S09:row:14121,ZEN-RAW-S09,SENSOR09,SENSOR09.CSV,row:14121,2024-09-10T09:36:35,LEG-04,REAL_PUBLIC_DATA,DERIVED
CP-DEMO-001,BATCH-DEMO-001,SHIP-DEMO-001,ZEN-RAW-S09:row:14122,ZEN-RAW-S09,SENSOR09,SENSOR09.CSV,row:14122,2024-09-10T09:36:40,LEG-04,REAL_PUBLIC_DATA,DERIVED
CP-DEMO-001,BATCH-DEMO-001,SHIP-DEMO-001,ZEN-RAW-S09:row:14123,ZEN-RAW-S09,SENSOR09,SENSOR09.CSV,row:14123,2024-09-10T09:36:45,LEG-04,REAL_PUBLIC_DATA,DERIVED
CP-DEMO-001,BATCH-DEMO-001,SHIP-DEMO-001,ZEN-RAW-S09:row:14124,ZEN-RAW-S09,SENSOR09,SENSOR09.CSV,row:14124,2024-09-10T09:36:50,LEG-04,REAL_PUBLIC_DATA,DERIVED
CP-DEMO-001,BATCH-DEMO-001,SHIP-DEMO-001,ZEN-RAW-S09:row:14125,ZEN-RAW-S09,SENSOR09,SENSOR09.CSV,row:14125,2024-09-10T09:36:55,LEG-04,REAL_PUBLIC_DATA,DERIVED
CP-DEMO-001,BATCH-DEMO-001,SHIP-DEMO-001,ZEN-RAW-S09:row:14126,ZEN-RAW-S09,SENSOR09,SENSOR09.CSV,row:14126,2024-09-10T09:37:00,LEG-04,REAL_PUBLIC_DATA,DERIVED
CP-DEMO-001,BATCH-DEMO-001,SHIP-DEMO-001,ZEN-RAW-S09:row:14127,ZEN-RAW-S09,SENSOR09,SENSOR09.CSV,row:14127,2024-09-10T09:37:05,LEG-04,REAL_PUBLIC_DATA,DERIVED
CP-DEMO-001,BATCH-DEMO-001,SHIP-DEMO-001,ZEN-RAW-S09:row:14128,ZEN-RAW-S09,SENSOR09,SENSOR09.CSV,row:14128,2024-09-10T09:37:10,LEG-04,REAL_PUBLIC_DATA,DERIVED
CP-DEMO-001,BATCH-DEMO-001,SHIP-DEMO-001,ZEN-RAW-S09:row:14129,ZEN-RAW-S09,SENSOR09,SENSOR09.CSV,row:14129,2024-09-10T09:37:15,LEG-04,REAL_PUBLIC_DATA,DERIVED
CP-DEMO-001,BATCH-DEMO-001,SHIP-DEMO-001,ZEN-RAW-S09:row:14130,ZEN-RAW-S09,SENSOR09,SENSOR09.CSV,row:14130,2024-09-10T09:37:20,LEG-04,REAL_PUBLIC_DATA,DERIVED
CP-DEMO-001,BATCH-DEMO-001,SHIP-DEMO-001,ZEN-RAW-S09:row:14131,ZEN-RAW-S09,SENSOR09,SENSOR09.CSV,row:14131,2024-09-10T09:37:25,LEG-04,REAL_PUBLIC_DATA,DERIVED
CP-DEMO-001,BATCH-DEMO-001,SHIP-DEMO-001,ZEN-RAW-S09:row:14132,ZEN-RAW-S09,SENSOR09,SENSOR09.CSV,row:14132,2024-09-10T09:37:30,LEG-04,REAL_PUBLIC_DATA,DERIVED
CP-DEMO-001,BATCH-DEMO-001,SHIP-DEMO-001,ZEN-RAW-S09:row:14133,ZEN-RAW-S09,SENSOR09,SENSOR09.CSV,row:14133,2024-09-10T09:37:35,LEG-04,REAL_PUBLIC_DATA,DERIVED
CP-DEMO-001,BATCH-DEMO-001,SHIP-DEMO-001,ZEN-RAW-S09:row:14134,ZEN-RAW-S09,SENSOR09,SENSOR09.CSV,row:14134,2024-09-10T09:37:40,LEG-04,REAL_PUBLIC_DATA,DERIVED
CP-DEMO-001,BATCH-DEMO-001,SHIP-DEMO-001,ZEN-RAW-S09:row:14135,ZEN-RAW-S09,SENSOR09,SENSOR09.CSV,row:14135,2024-09-10T09:37:45,LEG-04,REAL_PUBLIC_DATA,DERIVED
CP-DEMO-001,BATCH-DEMO-001,SHIP-DEMO-001,ZEN-RAW-S09:row:14136,ZEN-RAW-S09,SENSOR09,SENSOR09.CSV,row:14136,2024-09-10T09:37:50,LEG-04,REAL_PUBLIC_DATA,DERIVED
CP-DEMO-001,BATCH-DEMO-001,SHIP-DEMO-001,ZEN-RAW-S09:row:14137,ZEN-RAW-S09,SENSOR09,SENSOR09.CSV,row:14137,2024-09-10T09:37:55,LEG-04,REAL_PUBLIC_DATA,DERIVED
CP-DEMO-001,BATCH-DEMO-001,SHIP-DEMO-001,ZEN-RAW-S09:row:14138,ZEN-RAW-S09,SENSOR09,SENSOR09.CSV,row:14138,2024-09-10T09:38:00,LEG-04,REAL_PUBLIC_DATA,DERIVED
CP-DEMO-001,BATCH-DEMO-001,SHIP-DEMO-001,ZEN-RAW-S09:row:14139,ZEN-RAW-S09,SENSOR09,SENSOR09.CSV,row:14139,2024-09-10T09:38:05,LEG-04,REAL_PUBLIC_DATA,DERIVED
CP-DEMO-001,BATCH-DEMO-001,SHIP-DEMO-001,ZEN-RAW-S09:row:14140,ZEN-RAW-S09,SENSOR09,SENSOR09.CSV,row:14140,2024-09-10T09:38:10,LEG-04,REAL_PUBLIC_DATA,DERIVED
CP-DEMO-001,BATCH-DEMO-001,SHIP-DEMO-001,ZEN-RAW-S09:row:14141,ZEN-RAW-S09,SENSOR09,SENSOR09.CSV,row:14141,2024-09-10T09:38:15,LEG-04,REAL_PUBLIC_DATA,DERIVED
CP-DEMO-001,BATCH-DEMO-001,SHIP-DEMO-001,ZEN-RAW-S09:row:14142,ZEN-RAW-S09,SENSOR09,SENSOR09.CSV,row:14142,2024-09-10T09:38:20,LEG-04,REAL_PUBLIC_DATA,DERIVED
CP-DEMO-001,BATCH-DEMO-001,SHIP-DEMO-001,ZEN-RAW-S09:row:14143,ZEN-RAW-S09,SENSOR09,SENSOR09.CSV,row:14143,2024-09-10T09:38:25,LEG-04,REAL_PUBLIC_DATA,DERIVED
CP-DEMO-001,BATCH-DEMO-001,SHIP-DEMO-001,ZEN-RAW-S09:row:14144,ZEN-RAW-S09,SENSOR09,SENSOR09.CSV,row:14144,2024-09-10T09:38:30,LEG-04,REAL_PUBLIC_DATA,DERIVED
CP-DEMO-001,BATCH-DEMO-001,SHIP-DEMO-001,ZEN-RAW-S09:row:14145,ZEN-RAW-S09,SENSOR09,SENSOR09.CSV,row:14145,2024-09-10T09:38:35,LEG-04,REAL_PUBLIC_DATA,DERIVED
CP-DEMO-001,BATCH-DEMO-001,SHIP-DEMO-001,ZEN-RAW-S09:row:14146,ZEN-RAW-S09,SENSOR09,SENSOR09.CSV,row:14146,2024-09-10T09:38:40,LEG-04,REAL_PUBLIC_DATA,DERIVED
CP-DEMO-001,BATCH-DEMO-001,SHIP-DEMO-001,ZEN-RAW-S09:row:14147,ZEN-RAW-S09,SENSOR09,SENSOR09.CSV,row:14147,2024-09-10T09:38:45,LEG-04,REAL_PUBLIC_DATA,DERIVED
CP-DEMO-001,BATCH-DEMO-001,SHIP-DEMO-001,ZEN-RAW-S09:row:14148,ZEN-RAW-S09,SENSOR09,SENSOR09.CSV,row:14148,2024-09-10T09:38:50,LEG-04,REAL_PUBLIC_DATA,DERIVED
CP-DEMO-001,BATCH-DEMO-001,SHIP-DEMO-001,ZEN-RAW-S09:row:14149,ZEN-RAW-S09,SENSOR09,SENSOR09.CSV,row:14149,2024-09-10T09:38:55,LEG-04,REAL_PUBLIC_DATA,DERIVED
CP-DEMO-001,BATCH-DEMO-001,SHIP-DEMO-001,ZEN-RAW-S09:row:14150,ZEN-RAW-S09,SENSOR09,SENSOR09.CSV,row:14150,2024-09-10T09:39:00,LEG-04,REAL_PUBLIC_DATA,DERIVED
CP-DEMO-001,BATCH-DEMO-001,SHIP-DEMO-001,ZEN-RAW-S09:row:14151,ZEN-RAW-S09,SENSOR09,SENSOR09.CSV,row:14151,2024-09-10T09:39:05,LEG-04,REAL_PUBLIC_DATA,DERIVED
CP-DEMO-001,BATCH-DEMO-001,SHIP-DEMO-001,ZEN-RAW-S09:row:14152,ZEN-RAW-S09,SENSOR09,SENSOR09.CSV,row:14152,2024-09-10T09:39:10,LEG-04,REAL_PUBLIC_DATA,DERIVED
CP-DEMO-001,BATCH-DEMO-001,SHIP-DEMO-001,ZEN-RAW-S09:row:14153,ZEN-RAW-S09,SENSOR09,SENSOR09.CSV,row:14153,2024-09-10T09:39:15,LEG-04,REAL_PUBLIC_DATA,DERIVED
CP-DEMO-001,BATCH-DEMO-001,SHIP-DEMO-001,ZEN-RAW-S09:row:14154,ZEN-RAW-S09,SENSOR09,SENSOR09.CSV,row:14154,2024-09-10T09:39:20,LEG-04,REAL_PUBLIC_DATA,DERIVED
CP-DEMO-001,BATCH-DEMO-001,SHIP-DEMO-001,ZEN-RAW-S09:row:14155,ZEN-RAW-S09,SENSOR09,SENSOR09.CSV,row:14155,2024-09-10T09:39:25,LEG-04,REAL_PUBLIC_DATA,DERIVED
CP-DEMO-001,BATCH-DEMO-001,SHIP-DEMO-001,ZEN-RAW-S09:row:14156,ZEN-RAW-S09,SENSOR09,SENSOR09.CSV,row:14156,2024-09-10T09:39:30,LEG-04,REAL_PUBLIC_DATA,DERIVED
CP-DEMO-001,BATCH-DEMO-001,SHIP-DEMO-001,ZEN-RAW-S09:row:14157,ZEN-RAW-S09,SENSOR09,SENSOR09.CSV,row:14157,2024-09-10T09:39:35,LEG-04,REAL_PUBLIC_DATA,DERIVED
CP-DEMO-001,BATCH-DEMO-001,SHIP-DEMO-001,ZEN-RAW-S09:row:14158,ZEN-RAW-S09,SENSOR09,SENSOR09.CSV,row:14158,2024-09-10T09:39:40,LEG-04,REAL_PUBLIC_DATA,DERIVED
CP-DEMO-001,BATCH-DEMO-001,SHIP-DEMO-001,ZEN-RAW-S09:row:14159,ZEN-RAW-S09,SENSOR09,SENSOR09.CSV,row:14159,2024-09-10T09:39:45,LEG-04,REAL_PUBLIC_DATA,DERIVED
CP-DEMO-001,BATCH-DEMO-001,SHIP-DEMO-001,ZEN-RAW-S09:row:14160,ZEN-RAW-S09,SENSOR09,SENSOR09.CSV,row:14160,2024-09-10T09:39:50,LEG-04,REAL_PUBLIC_DATA,DERIVED
CP-DEMO-001,BATCH-DEMO-001,SHIP-DEMO-001,ZEN-RAW-S09:row:14161,ZEN-RAW-S09,SENSOR09,SENSOR09.CSV,row:14161,2024-09-10T09:39:55,LEG-04,REAL_PUBLIC_DATA,DERIVED
CP-DEMO-001,BATCH-DEMO-001,SHIP-DEMO-001,ZEN-RAW-S09:row:14162,ZEN-RAW-S09,SENSOR09,SENSOR09.CSV,row:14162,2024-09-10T09:40:00,LEG-04,REAL_PUBLIC_DATA,DERIVED
CP-DEMO-001,BATCH-DEMO-001,SHIP-DEMO-001,ZEN-RAW-S09:row:14163,ZEN-RAW-S09,SENSOR09,SENSOR09.CSV,row:14163,2024-09-10T09:40:05,LEG-04,REAL_PUBLIC_DATA,DERIVED
CP-DEMO-001,BATCH-DEMO-001,SHIP-DEMO-001,ZEN-RAW-S09:row:14164,ZEN-RAW-S09,SENSOR09,SENSOR09.CSV,row:14164,2024-09-10T09:40:10,LEG-04,REAL_PUBLIC_DATA,DERIVED
CP-DEMO-001,BATCH-DEMO-001,SHIP-DEMO-001,ZEN-RAW-S09:row:14165,ZEN-RAW-S09,SENSOR09,SENSOR09.CSV,row:14165,2024-09-10T09:40:15,LEG-04,REAL_PUBLIC_DATA,DERIVED
CP-DEMO-001,BATCH-DEMO-001,SHIP-DEMO-001,ZEN-RAW-S09:row:14166,ZEN-RAW-S09,SENSOR09,SENSOR09.CSV,row:14166,2024-09-10T09:40:20,LEG-04,REAL_PUBLIC_DATA,DERIVED
CP-DEMO-001,BATCH-DEMO-001,SHIP-DEMO-001,ZEN-RAW-S09:row:14167,ZEN-RAW-S09,SENSOR09,SENSOR09.CSV,row:14167,2024-09-10T09:40:25,LEG-04,REAL_PUBLIC_DATA,DERIVED
CP-DEMO-001,BATCH-DEMO-001,SHIP-DEMO-001,ZEN-RAW-S09:row:14168,ZEN-RAW-S09,SENSOR09,SENSOR09.CSV,row:14168,2024-09-10T09:40:30,LEG-04,REAL_PUBLIC_DATA,DERIVED
CP-DEMO-001,BATCH-DEMO-001,SHIP-DEMO-001,ZEN-RAW-S09:row:14169,ZEN-RAW-S09,SENSOR09,SENSOR09.CSV,row:14169,2024-09-10T09:40:35,LEG-04,REAL_PUBLIC_DATA,DERIVED
CP-DEMO-001,BATCH-DEMO-001,SHIP-DEMO-001,ZEN-RAW-S09:row:14170,ZEN-RAW-S09,SENSOR09,SENSOR09.CSV,row:14170,2024-09-10T09:40:40,LEG-04,REAL_PUBLIC_DATA,DERIVED
CP-DEMO-001,BATCH-DEMO-001,SHIP-DEMO-001,ZEN-RAW-S09:row:14171,ZEN-RAW-S09,SENSOR09,SENSOR09.CSV,row:14171,2024-09-10T09:40:45,LEG-04,REAL_PUBLIC_DATA,DERIVED
CP-DEMO-001,BATCH-DEMO-001,SHIP-DEMO-001,ZEN-RAW-S09:row:14172,ZEN-RAW-S09,SENSOR09,SENSOR09.CSV,row:14172,2024-09-10T09:40:50,LEG-04,REAL_PUBLIC_DATA,DERIVED
CP-DEMO-001,BATCH-DEMO-001,SHIP-DEMO-001,ZEN-RAW-S09:row:14173,ZEN-RAW-S09,SENSOR09,SENSOR09.CSV,row:14173,2024-09-10T09:40:55,LEG-04,REAL_PUBLIC_DATA,DERIVED
CP-DEMO-001,BATCH-DEMO-001,SHIP-DEMO-001,ZEN-RAW-S09:row:14174,ZEN-RAW-S09,SENSOR09,SENSOR09.CSV,row:14174,2024-09-10T09:41:00,LEG-04,REAL_PUBLIC_DATA,DERIVED
CP-DEMO-001,BATCH-DEMO-001,SHIP-DEMO-001,ZEN-RAW-S09:row:14175,ZEN-RAW-S09,SENSOR09,SENSOR09.CSV,row:14175,2024-09-10T09:41:05,LEG-04,REAL_PUBLIC_DATA,DERIVED
CP-DEMO-001,BATCH-DEMO-001,SHIP-DEMO-001,ZEN-RAW-S09:row:14176,ZEN-RAW-S09,SENSOR09,SENSOR09.CSV,row:14176,2024-09-10T09:41:10,LEG-04,REAL_PUBLIC_DATA,DERIVED
CP-DEMO-001,BATCH-DEMO-001,SHIP-DEMO-001,ZEN-RAW-S09:row:14177,ZEN-RAW-S09,SENSOR09,SENSOR09.CSV,row:14177,2024-09-10T09:41:15,LEG-04,REAL_PUBLIC_DATA,DERIVED
CP-DEMO-001,BATCH-DEMO-001,SHIP-DEMO-001,ZEN-RAW-S09:row:14178,ZEN-RAW-S09,SENSOR09,SENSOR09.CSV,row:14178,2024-09-10T09:41:20,LEG-04,REAL_PUBLIC_DATA,DERIVED
CP-DEMO-001,BATCH-DEMO-001,SHIP-DEMO-001,ZEN-RAW-S09:row:14179,ZEN-RAW-S09,SENSOR09,SENSOR09.CSV,row:14179,2024-09-10T09:41:25,LEG-04,REAL_PUBLIC_DATA,DERIVED
CP-DEMO-001,BATCH-DEMO-001,SHIP-DEMO-001,ZEN-RAW-S09:row:14180,ZEN-RAW-S09,SENSOR09,SENSOR09.CSV,row:14180,2024-09-10T09:41:30,LEG-04,REAL_PUBLIC_DATA,DERIVED
CP-DEMO-001,BATCH-DEMO-001,SHIP-DEMO-001,ZEN-RAW-S09:row:14181,ZEN-RAW-S09,SENSOR09,SENSOR09.CSV,row:14181,2024-09-10T09:41:35,LEG-04,REAL_PUBLIC_DATA,DERIVED
CP-DEMO-001,BATCH-DEMO-001,SHIP-DEMO-001,ZEN-RAW-S09:row:14182,ZEN-RAW-S09,SENSOR09,SENSOR09.CSV,row:14182,2024-09-10T09:41:40,LEG-04,REAL_PUBLIC_DATA,DERIVED
CP-DEMO-001,BATCH-DEMO-001,SHIP-DEMO-001,ZEN-RAW-S09:row:14183,ZEN-RAW-S09,SENSOR09,SENSOR09.CSV,row:14183,2024-09-10T09:41:45,LEG-04,REAL_PUBLIC_DATA,DERIVED
CP-DEMO-001,BATCH-DEMO-001,SHIP-DEMO-001,ZEN-RAW-S09:row:14184,ZEN-RAW-S09,SENSOR09,SENSOR09.CSV,row:14184,2024-09-10T09:41:50,LEG-04,REAL_PUBLIC_DATA,DERIVED
CP-DEMO-001,BATCH-DEMO-001,SHIP-DEMO-001,ZEN-RAW-S09:row:14185,ZEN-RAW-S09,SENSOR09,SENSOR09.CSV,row:14185,2024-09-10T09:41:55,LEG-04,REAL_PUBLIC_DATA,DERIVED
CP-DEMO-001,BATCH-DEMO-001,SHIP-DEMO-001,ZEN-RAW-S09:row:14186,ZEN-RAW-S09,SENSOR09,SENSOR09.CSV,row:14186,2024-09-10T09:42:00,LEG-04,REAL_PUBLIC_DATA,DERIVED
CP-DEMO-001,BATCH-DEMO-001,SHIP-DEMO-001,ZEN-RAW-S09:row:14187,ZEN-RAW-S09,SENSOR09,SENSOR09.CSV,row:14187,2024-09-10T09:42:05,LEG-04,REAL_PUBLIC_DATA,DERIVED
CP-DEMO-001,BATCH-DEMO-001,SHIP-DEMO-001,ZEN-RAW-S09:row:14188,ZEN-RAW-S09,SENSOR09,SENSOR09.CSV,row:14188,2024-09-10T09:42:10,LEG-04,REAL_PUBLIC_DATA,DERIVED
CP-DEMO-001,BATCH-DEMO-001,SHIP-DEMO-001,ZEN-RAW-S09:row:14189,ZEN-RAW-S09,SENSOR09,SENSOR09.CSV,row:14189,2024-09-10T09:42:15,LEG-04,REAL_PUBLIC_DATA,DERIVED
CP-DEMO-001,BATCH-DEMO-001,SHIP-DEMO-001,ZEN-RAW-S09:row:14190,ZEN-RAW-S09,SENSOR09,SENSOR09.CSV,row:14190,2024-09-10T09:42:20,LEG-04,REAL_PUBLIC_DATA,DERIVED
CP-DEMO-001,BATCH-DEMO-001,SHIP-DEMO-001,ZEN-RAW-S09:row:14191,ZEN-RAW-S09,SENSOR09,SENSOR09.CSV,row:14191,2024-09-10T09:42:25,LEG-04,REAL_PUBLIC_DATA,DERIVED
CP-DEMO-001,BATCH-DEMO-001,SHIP-DEMO-001,ZEN-RAW-S09:row:14192,ZEN-RAW-S09,SENSOR09,SENSOR09.CSV,row:14192,2024-09-10T09:42:30,LEG-04,REAL_PUBLIC_DATA,DERIVED
CP-DEMO-001,BATCH-DEMO-001,SHIP-DEMO-001,ZEN-RAW-S09:row:14193,ZEN-RAW-S09,SENSOR09,SENSOR09.CSV,row:14193,2024-09-10T09:42:35,LEG-04,REAL_PUBLIC_DATA,DERIVED
CP-DEMO-001,BATCH-DEMO-001,SHIP-DEMO-001,ZEN-RAW-S09:row:14194,ZEN-RAW-S09,SENSOR09,SENSOR09.CSV,row:14194,2024-09-10T09:42:40,LEG-04,REAL_PUBLIC_DATA,DERIVED
CP-DEMO-001,BATCH-DEMO-001,SHIP-DEMO-001,ZEN-RAW-S09:row:14195,ZEN-RAW-S09,SENSOR09,SENSOR09.CSV,row:14195,2024-09-10T09:42:45,LEG-04,REAL_PUBLIC_DATA,DERIVED
CP-DEMO-001,BATCH-DEMO-001,SHIP-DEMO-001,ZEN-RAW-S09:row:14196,ZEN-RAW-S09,SENSOR09,SENSOR09.CSV,row:14196,2024-09-10T09:42:50,LEG-04,REAL_PUBLIC_DATA,DERIVED
CP-DEMO-001,BATCH-DEMO-001,SHIP-DEMO-001,ZEN-RAW-S09:row:14197,ZEN-RAW-S09,SENSOR09,SENSOR09.CSV,row:14197,2024-09-10T09:42:55,LEG-04,REAL_PUBLIC_DATA,DERIVED
CP-DEMO-001,BATCH-DEMO-001,SHIP-DEMO-001,ZEN-RAW-S09:row:14198,ZEN-RAW-S09,SENSOR09,SENSOR09.CSV,row:14198,2024-09-10T09:43:00,LEG-04,REAL_PUBLIC_DATA,DERIVED
CP-DEMO-001,BATCH-DEMO-001,SHIP-DEMO-001,ZEN-RAW-S09:row:14199,ZEN-RAW-S09,SENSOR09,SENSOR09.CSV,row:14199,2024-09-10T09:43:05,LEG-04,REAL_PUBLIC_DATA,DERIVED
CP-DEMO-001,BATCH-DEMO-001,SHIP-DEMO-001,ZEN-RAW-S09:row:14200,ZEN-RAW-S09,SENSOR09,SENSOR09.CSV,row:14200,2024-09-10T09:43:10,LEG-04,REAL_PUBLIC_DATA,DERIVED
CP-DEMO-001,BATCH-DEMO-001,SHIP-DEMO-001,ZEN-RAW-S09:row:14201,ZEN-RAW-S09,SENSOR09,SENSOR09.CSV,row:14201,2024-09-10T09:43:15,LEG-04,REAL_PUBLIC_DATA,DERIVED
CP-DEMO-001,BATCH-DEMO-001,SHIP-DEMO-001,ZEN-RAW-S09:row:14202,ZEN-RAW-S09,SENSOR09,SENSOR09.CSV,row:14202,2024-09-10T09:43:20,LEG-04,REAL_PUBLIC_DATA,DERIVED
CP-DEMO-001,BATCH-DEMO-001,SHIP-DEMO-001,ZEN-RAW-S09:row:14203,ZEN-RAW-S09,SENSOR09,SENSOR09.CSV,row:14203,2024-09-10T09:43:25,LEG-04,REAL_PUBLIC_DATA,DERIVED
CP-DEMO-001,BATCH-DEMO-001,SHIP-DEMO-001,ZEN-RAW-S09:row:14204,ZEN-RAW-S09,SENSOR09,SENSOR09.CSV,row:14204,2024-09-10T09:43:30,LEG-04,REAL_PUBLIC_DATA,DERIVED
CP-DEMO-001,BATCH-DEMO-001,SHIP-DEMO-001,ZEN-RAW-S09:row:14205,ZEN-RAW-S09,SENSOR09,SENSOR09.CSV,row:14205,2024-09-10T09:43:35,LEG-04,REAL_PUBLIC_DATA,DERIVED
CP-DEMO-001,BATCH-DEMO-001,SHIP-DEMO-001,ZEN-RAW-S09:row:14206,ZEN-RAW-S09,SENSOR09,SENSOR09.CSV,row:14206,2024-09-10T09:43:40,LEG-04,REAL_PUBLIC_DATA,DERIVED
CP-DEMO-001,BATCH-DEMO-001,SHIP-DEMO-001,ZEN-RAW-S09:row:14207,ZEN-RAW-S09,SENSOR09,SENSOR09.CSV,row:14207,2024-09-10T09:43:45,LEG-04,REAL_PUBLIC_DATA,DERIVED
CP-DEMO-001,BATCH-DEMO-001,SHIP-DEMO-001,ZEN-RAW-S09:row:14208,ZEN-RAW-S09,SENSOR09,SENSOR09.CSV,row:14208,2024-09-10T09:43:50,LEG-04,REAL_PUBLIC_DATA,DERIVED
CP-DEMO-001,BATCH-DEMO-001,SHIP-DEMO-001,ZEN-RAW-S09:row:14209,ZEN-RAW-S09,SENSOR09,SENSOR09.CSV,row:14209,2024-09-10T09:43:55,LEG-04,REAL_PUBLIC_DATA,DERIVED
CP-DEMO-001,BATCH-DEMO-001,SHIP-DEMO-001,ZEN-RAW-S09:row:14210,ZEN-RAW-S09,SENSOR09,SENSOR09.CSV,row:14210,2024-09-10T09:44:00,LEG-04,REAL_PUBLIC_DATA,DERIVED
CP-DEMO-001,BATCH-DEMO-001,SHIP-DEMO-001,ZEN-RAW-S09:row:14211,ZEN-RAW-S09,SENSOR09,SENSOR09.CSV,row:14211,2024-09-10T09:44:05,LEG-04,REAL_PUBLIC_DATA,DERIVED
CP-DEMO-001,BATCH-DEMO-001,SHIP-DEMO-001,ZEN-RAW-S09:row:14212,ZEN-RAW-S09,SENSOR09,SENSOR09.CSV,row:14212,2024-09-10T09:44:10,LEG-04,REAL_PUBLIC_DATA,DERIVED
CP-DEMO-001,BATCH-DEMO-001,SHIP-DEMO-001,ZEN-RAW-S09:row:14213,ZEN-RAW-S09,SENSOR09,SENSOR09.CSV,row:14213,2024-09-10T09:44:15,LEG-04,REAL_PUBLIC_DATA,DERIVED
CP-DEMO-001,BATCH-DEMO-001,SHIP-DEMO-001,ZEN-RAW-S09:row:14214,ZEN-RAW-S09,SENSOR09,SENSOR09.CSV,row:14214,2024-09-10T09:44:20,LEG-04,REAL_PUBLIC_DATA,DERIVED
CP-DEMO-001,BATCH-DEMO-001,SHIP-DEMO-001,ZEN-RAW-S09:row:14215,ZEN-RAW-S09,SENSOR09,SENSOR09.CSV,row:14215,2024-09-10T09:44:25,LEG-04,REAL_PUBLIC_DATA,DERIVED
CP-DEMO-001,BATCH-DEMO-001,SHIP-DEMO-001,ZEN-RAW-S09:row:14216,ZEN-RAW-S09,SENSOR09,SENSOR09.CSV,row:14216,2024-09-10T09:44:30,LEG-04,REAL_PUBLIC_DATA,DERIVED
CP-DEMO-001,BATCH-DEMO-001,SHIP-DEMO-001,ZEN-RAW-S09:row:14217,ZEN-RAW-S09,SENSOR09,SENSOR09.CSV,row:14217,2024-09-10T09:44:35,LEG-04,REAL_PUBLIC_DATA,DERIVED
CP-DEMO-001,BATCH-DEMO-001,SHIP-DEMO-001,ZEN-RAW-S09:row:14218,ZEN-RAW-S09,SENSOR09,SENSOR09.CSV,row:14218,2024-09-10T09:44:40,LEG-04,REAL_PUBLIC_DATA,DERIVED
CP-DEMO-001,BATCH-DEMO-001,SHIP-DEMO-001,ZEN-RAW-S09:row:14219,ZEN-RAW-S09,SENSOR09,SENSOR09.CSV,row:14219,2024-09-10T09:44:45,LEG-04,REAL_PUBLIC_DATA,DERIVED
CP-DEMO-001,BATCH-DEMO-001,SHIP-DEMO-001,ZEN-RAW-S09:row:14220,ZEN-RAW-S09,SENSOR09,SENSOR09.CSV,row:14220,2024-09-10T09:44:50,LEG-04,REAL_PUBLIC_DATA,DERIVED
CP-DEMO-001,BATCH-DEMO-001,SHIP-DEMO-001,ZEN-RAW-S09:row:14221,ZEN-RAW-S09,SENSOR09,SENSOR09.CSV,row:14221,2024-09-10T09:44:55,LEG-04,REAL_PUBLIC_DATA,DERIVED
CP-DEMO-001,BATCH-DEMO-001,SHIP-DEMO-001,ZEN-RAW-S09:row:14222,ZEN-RAW-S09,SENSOR09,SENSOR09.CSV,row:14222,2024-09-10T09:45:00,LEG-04,REAL_PUBLIC_DATA,DERIVED
CP-DEMO-001,BATCH-DEMO-001,SHIP-DEMO-001,ZEN-RAW-S09:row:14223,ZEN-RAW-S09,SENSOR09,SENSOR09.CSV,row:14223,2024-09-10T09:45:05,LEG-04,REAL_PUBLIC_DATA,DERIVED
CP-DEMO-001,BATCH-DEMO-001,SHIP-DEMO-001,ZEN-RAW-S09:row:14224,ZEN-RAW-S09,SENSOR09,SENSOR09.CSV,row:14224,2024-09-10T09:45:10,LEG-04,REAL_PUBLIC_DATA,DERIVED
CP-DEMO-001,BATCH-DEMO-001,SHIP-DEMO-001,ZEN-RAW-S09:row:14225,ZEN-RAW-S09,SENSOR09,SENSOR09.CSV,row:14225,2024-09-10T09:45:15,LEG-04,REAL_PUBLIC_DATA,DERIVED
CP-DEMO-001,BATCH-DEMO-001,SHIP-DEMO-001,ZEN-RAW-S09:row:14226,ZEN-RAW-S09,SENSOR09,SENSOR09.CSV,row:14226,2024-09-10T09:45:20,LEG-04,REAL_PUBLIC_DATA,DERIVED
CP-DEMO-001,BATCH-DEMO-001,SHIP-DEMO-001,ZEN-RAW-S09:row:14227,ZEN-RAW-S09,SENSOR09,SENSOR09.CSV,row:14227,2024-09-10T09:45:25,LEG-04,REAL_PUBLIC_DATA,DERIVED
CP-DEMO-001,BATCH-DEMO-001,SHIP-DEMO-001,ZEN-RAW-S09:row:14228,ZEN-RAW-S09,SENSOR09,SENSOR09.CSV,row:14228,2024-09-10T09:45:30,LEG-04,REAL_PUBLIC_DATA,DERIVED
CP-DEMO-001,BATCH-DEMO-001,SHIP-DEMO-001,ZEN-RAW-S09:row:14229,ZEN-RAW-S09,SENSOR09,SENSOR09.CSV,row:14229,2024-09-10T09:45:35,LEG-04,REAL_PUBLIC_DATA,DERIVED
CP-DEMO-001,BATCH-DEMO-001,SHIP-DEMO-001,ZEN-RAW-S09:row:14230,ZEN-RAW-S09,SENSOR09,SENSOR09.CSV,row:14230,2024-09-10T09:45:40,LEG-04,REAL_PUBLIC_DATA,DERIVED
CP-DEMO-001,BATCH-DEMO-001,SHIP-DEMO-001,ZEN-RAW-S09:row:14231,ZEN-RAW-S09,SENSOR09,SENSOR09.CSV,row:14231,2024-09-10T09:45:45,LEG-04,REAL_PUBLIC_DATA,DERIVED
CP-DEMO-001,BATCH-DEMO-001,SHIP-DEMO-001,ZEN-RAW-S09:row:14232,ZEN-RAW-S09,SENSOR09,SENSOR09.CSV,row:14232,2024-09-10T09:45:50,LEG-04,REAL_PUBLIC_DATA,DERIVED
CP-DEMO-001,BATCH-DEMO-001,SHIP-DEMO-001,ZEN-RAW-S09:row:14233,ZEN-RAW-S09,SENSOR09,SENSOR09.CSV,row:14233,2024-09-10T09:45:55,LEG-04,REAL_PUBLIC_DATA,DERIVED
CP-DEMO-001,BATCH-DEMO-001,SHIP-DEMO-001,ZEN-RAW-S09:row:14234,ZEN-RAW-S09,SENSOR09,SENSOR09.CSV,row:14234,2024-09-10T09:46:00,LEG-04,REAL_PUBLIC_DATA,DERIVED
CP-DEMO-001,BATCH-DEMO-001,SHIP-DEMO-001,ZEN-RAW-S09:row:14235,ZEN-RAW-S09,SENSOR09,SENSOR09.CSV,row:14235,2024-09-10T09:46:05,LEG-04,REAL_PUBLIC_DATA,DERIVED
CP-DEMO-001,BATCH-DEMO-001,SHIP-DEMO-001,ZEN-RAW-S09:row:14236,ZEN-RAW-S09,SENSOR09,SENSOR09.CSV,row:14236,2024-09-10T09:46:10,LEG-04,REAL_PUBLIC_DATA,DERIVED
CP-DEMO-001,BATCH-DEMO-001,SHIP-DEMO-001,ZEN-RAW-S09:row:14237,ZEN-RAW-S09,SENSOR09,SENSOR09.CSV,row:14237,2024-09-10T09:46:15,LEG-04,REAL_PUBLIC_DATA,DERIVED
CP-DEMO-001,BATCH-DEMO-001,SHIP-DEMO-001,ZEN-RAW-S09:row:14238,ZEN-RAW-S09,SENSOR09,SENSOR09.CSV,row:14238,2024-09-10T09:46:20,LEG-04,REAL_PUBLIC_DATA,DERIVED
CP-DEMO-001,BATCH-DEMO-001,SHIP-DEMO-001,ZEN-RAW-S09:row:14239,ZEN-RAW-S09,SENSOR09,SENSOR09.CSV,row:14239,2024-09-10T09:46:25,LEG-04,REAL_PUBLIC_DATA,DERIVED
CP-DEMO-001,BATCH-DEMO-001,SHIP-DEMO-001,ZEN-RAW-S09:row:14240,ZEN-RAW-S09,SENSOR09,SENSOR09.CSV,row:14240,2024-09-10T09:46:30,LEG-04,REAL_PUBLIC_DATA,DERIVED
CP-DEMO-001,BATCH-DEMO-001,SHIP-DEMO-001,ZEN-RAW-S09:row:14241,ZEN-RAW-S09,SENSOR09,SENSOR09.CSV,row:14241,2024-09-10T09:46:35,LEG-04,REAL_PUBLIC_DATA,DERIVED
CP-DEMO-001,BATCH-DEMO-001,SHIP-DEMO-001,ZEN-RAW-S09:row:14242,ZEN-RAW-S09,SENSOR09,SENSOR09.CSV,row:14242,2024-09-10T09:46:40,LEG-04,REAL_PUBLIC_DATA,DERIVED
CP-DEMO-001,BATCH-DEMO-001,SHIP-DEMO-001,ZEN-RAW-S09:row:14243,ZEN-RAW-S09,SENSOR09,SENSOR09.CSV,row:14243,2024-09-10T09:46:45,LEG-04,REAL_PUBLIC_DATA,DERIVED
CP-DEMO-001,BATCH-DEMO-001,SHIP-DEMO-001,ZEN-RAW-S09:row:14244,ZEN-RAW-S09,SENSOR09,SENSOR09.CSV,row:14244,2024-09-10T09:46:50,LEG-04,REAL_PUBLIC_DATA,DERIVED
CP-DEMO-001,BATCH-DEMO-001,SHIP-DEMO-001,ZEN-RAW-S09:row:14245,ZEN-RAW-S09,SENSOR09,SENSOR09.CSV,row:14245,2024-09-10T09:46:55,LEG-04,REAL_PUBLIC_DATA,DERIVED
CP-DEMO-001,BATCH-DEMO-001,SHIP-DEMO-001,ZEN-RAW-S09:row:14246,ZEN-RAW-S09,SENSOR09,SENSOR09.CSV,row:14246,2024-09-10T09:47:00,LEG-04,REAL_PUBLIC_DATA,DERIVED
CP-DEMO-001,BATCH-DEMO-001,SHIP-DEMO-001,ZEN-RAW-S09:row:14247,ZEN-RAW-S09,SENSOR09,SENSOR09.CSV,row:14247,2024-09-10T09:47:05,LEG-04,REAL_PUBLIC_DATA,DERIVED
CP-DEMO-001,BATCH-DEMO-001,SHIP-DEMO-001,ZEN-RAW-S09:row:14248,ZEN-RAW-S09,SENSOR09,SENSOR09.CSV,row:14248,2024-09-10T09:47:10,LEG-04,REAL_PUBLIC_DATA,DERIVED
CP-DEMO-001,BATCH-DEMO-001,SHIP-DEMO-001,ZEN-RAW-S09:row:14249,ZEN-RAW-S09,SENSOR09,SENSOR09.CSV,row:14249,2024-09-10T09:47:15,LEG-04,REAL_PUBLIC_DATA,DERIVED
CP-DEMO-001,BATCH-DEMO-001,SHIP-DEMO-001,ZEN-RAW-S09:row:14250,ZEN-RAW-S09,SENSOR09,SENSOR09.CSV,row:14250,2024-09-10T09:47:20,LEG-04,REAL_PUBLIC_DATA,DERIVED
CP-DEMO-001,BATCH-DEMO-001,SHIP-DEMO-001,ZEN-RAW-S09:row:14251,ZEN-RAW-S09,SENSOR09,SENSOR09.CSV,row:14251,2024-09-10T09:47:25,LEG-04,REAL_PUBLIC_DATA,DERIVED
CP-DEMO-001,BATCH-DEMO-001,SHIP-DEMO-001,ZEN-RAW-S09:row:14252,ZEN-RAW-S09,SENSOR09,SENSOR09.CSV,row:14252,2024-09-10T09:47:30,LEG-04,REAL_PUBLIC_DATA,DERIVED
CP-DEMO-001,BATCH-DEMO-001,SHIP-DEMO-001,ZEN-RAW-S09:row:14253,ZEN-RAW-S09,SENSOR09,SENSOR09.CSV,row:14253,2024-09-10T09:47:35,LEG-04,REAL_PUBLIC_DATA,DERIVED
CP-DEMO-001,BATCH-DEMO-001,SHIP-DEMO-001,ZEN-RAW-S09:row:14254,ZEN-RAW-S09,SENSOR09,SENSOR09.CSV,row:14254,2024-09-10T09:47:40,LEG-04,REAL_PUBLIC_DATA,DERIVED
CP-DEMO-001,BATCH-DEMO-001,SHIP-DEMO-001,ZEN-RAW-S09:row:14255,ZEN-RAW-S09,SENSOR09,SENSOR09.CSV,row:14255,2024-09-10T09:47:45,LEG-04,REAL_PUBLIC_DATA,DERIVED
CP-DEMO-001,BATCH-DEMO-001,SHIP-DEMO-001,ZEN-RAW-S09:row:14256,ZEN-RAW-S09,SENSOR09,SENSOR09.CSV,row:14256,2024-09-10T09:47:50,LEG-04,REAL_PUBLIC_DATA,DERIVED
CP-DEMO-001,BATCH-DEMO-001,SHIP-DEMO-001,ZEN-RAW-S09:row:14257,ZEN-RAW-S09,SENSOR09,SENSOR09.CSV,row:14257,2024-09-10T09:47:55,LEG-04,REAL_PUBLIC_DATA,DERIVED
CP-DEMO-001,BATCH-DEMO-001,SHIP-DEMO-001,ZEN-RAW-S09:row:14258,ZEN-RAW-S09,SENSOR09,SENSOR09.CSV,row:14258,2024-09-10T09:48:00,LEG-04,REAL_PUBLIC_DATA,DERIVED
CP-DEMO-001,BATCH-DEMO-001,SHIP-DEMO-001,ZEN-RAW-S09:row:14259,ZEN-RAW-S09,SENSOR09,SENSOR09.CSV,row:14259,2024-09-10T09:48:05,LEG-04,REAL_PUBLIC_DATA,DERIVED
CP-DEMO-001,BATCH-DEMO-001,SHIP-DEMO-001,ZEN-RAW-S09:row:14260,ZEN-RAW-S09,SENSOR09,SENSOR09.CSV,row:14260,2024-09-10T09:48:10,LEG-04,REAL_PUBLIC_DATA,DERIVED
CP-DEMO-001,BATCH-DEMO-001,SHIP-DEMO-001,ZEN-RAW-S09:row:14261,ZEN-RAW-S09,SENSOR09,SENSOR09.CSV,row:14261,2024-09-10T09:48:15,LEG-04,REAL_PUBLIC_DATA,DERIVED
CP-DEMO-001,BATCH-DEMO-001,SHIP-DEMO-001,ZEN-RAW-S09:row:14262,ZEN-RAW-S09,SENSOR09,SENSOR09.CSV,row:14262,2024-09-10T09:48:20,LEG-04,REAL_PUBLIC_DATA,DERIVED
CP-DEMO-001,BATCH-DEMO-001,SHIP-DEMO-001,ZEN-RAW-S09:row:14263,ZEN-RAW-S09,SENSOR09,SENSOR09.CSV,row:14263,2024-09-10T09:48:25,LEG-04,REAL_PUBLIC_DATA,DERIVED
CP-DEMO-001,BATCH-DEMO-001,SHIP-DEMO-001,ZEN-RAW-S09:row:14264,ZEN-RAW-S09,SENSOR09,SENSOR09.CSV,row:14264,2024-09-10T09:48:30,LEG-04,REAL_PUBLIC_DATA,DERIVED
CP-DEMO-001,BATCH-DEMO-001,SHIP-DEMO-001,ZEN-RAW-S09:row:14265,ZEN-RAW-S09,SENSOR09,SENSOR09.CSV,row:14265,2024-09-10T09:48:35,LEG-04,REAL_PUBLIC_DATA,DERIVED
CP-DEMO-001,BATCH-DEMO-001,SHIP-DEMO-001,ZEN-RAW-S09:row:14266,ZEN-RAW-S09,SENSOR09,SENSOR09.CSV,row:14266,2024-09-10T09:48:40,LEG-04,REAL_PUBLIC_DATA,DERIVED
CP-DEMO-001,BATCH-DEMO-001,SHIP-DEMO-001,ZEN-RAW-S09:row:14267,ZEN-RAW-S09,SENSOR09,SENSOR09.CSV,row:14267,2024-09-10T09:48:45,LEG-04,REAL_PUBLIC_DATA,DERIVED
CP-DEMO-001,BATCH-DEMO-001,SHIP-DEMO-001,ZEN-RAW-S09:row:14268,ZEN-RAW-S09,SENSOR09,SENSOR09.CSV,row:14268,2024-09-10T09:48:50,LEG-04,REAL_PUBLIC_DATA,DERIVED
CP-DEMO-001,BATCH-DEMO-001,SHIP-DEMO-001,ZEN-RAW-S09:row:14269,ZEN-RAW-S09,SENSOR09,SENSOR09.CSV,row:14269,2024-09-10T09:48:55,LEG-04,REAL_PUBLIC_DATA,DERIVED
CP-DEMO-001,BATCH-DEMO-001,SHIP-DEMO-001,ZEN-RAW-S09:row:14270,ZEN-RAW-S09,SENSOR09,SENSOR09.CSV,row:14270,2024-09-10T09:49:00,LEG-04,REAL_PUBLIC_DATA,DERIVED
CP-DEMO-001,BATCH-DEMO-001,SHIP-DEMO-001,ZEN-RAW-S09:row:14271,ZEN-RAW-S09,SENSOR09,SENSOR09.CSV,row:14271,2024-09-10T09:49:05,LEG-04,REAL_PUBLIC_DATA,DERIVED
CP-DEMO-001,BATCH-DEMO-001,SHIP-DEMO-001,ZEN-RAW-S09:row:14272,ZEN-RAW-S09,SENSOR09,SENSOR09.CSV,row:14272,2024-09-10T09:49:10,LEG-04,REAL_PUBLIC_DATA,DERIVED
CP-DEMO-001,BATCH-DEMO-001,SHIP-DEMO-001,ZEN-RAW-S09:row:14273,ZEN-RAW-S09,SENSOR09,SENSOR09.CSV,row:14273,2024-09-10T09:49:15,LEG-04,REAL_PUBLIC_DATA,DERIVED
CP-DEMO-001,BATCH-DEMO-001,SHIP-DEMO-001,ZEN-RAW-S09:row:14274,ZEN-RAW-S09,SENSOR09,SENSOR09.CSV,row:14274,2024-09-10T09:49:20,LEG-04,REAL_PUBLIC_DATA,DERIVED
CP-DEMO-001,BATCH-DEMO-001,SHIP-DEMO-001,ZEN-RAW-S09:row:14275,ZEN-RAW-S09,SENSOR09,SENSOR09.CSV,row:14275,2024-09-10T09:49:25,LEG-04,REAL_PUBLIC_DATA,DERIVED
CP-DEMO-001,BATCH-DEMO-001,SHIP-DEMO-001,ZEN-RAW-S09:row:14276,ZEN-RAW-S09,SENSOR09,SENSOR09.CSV,row:14276,2024-09-10T09:49:30,LEG-04,REAL_PUBLIC_DATA,DERIVED
CP-DEMO-001,BATCH-DEMO-001,SHIP-DEMO-001,ZEN-RAW-S09:row:14277,ZEN-RAW-S09,SENSOR09,SENSOR09.CSV,row:14277,2024-09-10T09:49:35,LEG-04,REAL_PUBLIC_DATA,DERIVED
CP-DEMO-001,BATCH-DEMO-001,SHIP-DEMO-001,ZEN-RAW-S09:row:14278,ZEN-RAW-S09,SENSOR09,SENSOR09.CSV,row:14278,2024-09-10T09:49:40,LEG-04,REAL_PUBLIC_DATA,DERIVED
CP-DEMO-001,BATCH-DEMO-001,SHIP-DEMO-001,ZEN-RAW-S09:row:14279,ZEN-RAW-S09,SENSOR09,SENSOR09.CSV,row:14279,2024-09-10T09:49:45,LEG-04,REAL_PUBLIC_DATA,DERIVED
CP-DEMO-001,BATCH-DEMO-001,SHIP-DEMO-001,ZEN-RAW-S09:row:14280,ZEN-RAW-S09,SENSOR09,SENSOR09.CSV,row:14280,2024-09-10T09:49:50,LEG-04,REAL_PUBLIC_DATA,DERIVED
CP-DEMO-001,BATCH-DEMO-001,SHIP-DEMO-001,ZEN-RAW-S09:row:14281,ZEN-RAW-S09,SENSOR09,SENSOR09.CSV,row:14281,2024-09-10T09:49:55,LEG-04,REAL_PUBLIC_DATA,DERIVED
CP-DEMO-001,BATCH-DEMO-001,SHIP-DEMO-001,ZEN-RAW-S09:row:14282,ZEN-RAW-S09,SENSOR09,SENSOR09.CSV,row:14282,2024-09-10T09:50:00,LEG-04,REAL_PUBLIC_DATA,DERIVED
CP-DEMO-001,BATCH-DEMO-001,SHIP-DEMO-001,ZEN-RAW-S09:row:14283,ZEN-RAW-S09,SENSOR09,SENSOR09.CSV,row:14283,2024-09-10T09:50:05,LEG-04,REAL_PUBLIC_DATA,DERIVED
CP-DEMO-001,BATCH-DEMO-001,SHIP-DEMO-001,ZEN-RAW-S09:row:14284,ZEN-RAW-S09,SENSOR09,SENSOR09.CSV,row:14284,2024-09-10T09:50:10,LEG-04,REAL_PUBLIC_DATA,DERIVED
CP-DEMO-001,BATCH-DEMO-001,SHIP-DEMO-001,ZEN-RAW-S09:row:14285,ZEN-RAW-S09,SENSOR09,SENSOR09.CSV,row:14285,2024-09-10T09:50:15,LEG-04,REAL_PUBLIC_DATA,DERIVED
CP-DEMO-001,BATCH-DEMO-001,SHIP-DEMO-001,ZEN-RAW-S09:row:14286,ZEN-RAW-S09,SENSOR09,SENSOR09.CSV,row:14286,2024-09-10T09:50:20,LEG-04,REAL_PUBLIC_DATA,DERIVED
CP-DEMO-001,BATCH-DEMO-001,SHIP-DEMO-001,ZEN-RAW-S09:row:14287,ZEN-RAW-S09,SENSOR09,SENSOR09.CSV,row:14287,2024-09-10T09:50:25,LEG-04,REAL_PUBLIC_DATA,DERIVED
CP-DEMO-001,BATCH-DEMO-001,SHIP-DEMO-001,ZEN-RAW-S09:row:14288,ZEN-RAW-S09,SENSOR09,SENSOR09.CSV,row:14288,2024-09-10T09:50:30,LEG-04,REAL_PUBLIC_DATA,DERIVED
CP-DEMO-001,BATCH-DEMO-001,SHIP-DEMO-001,ZEN-RAW-S09:row:14289,ZEN-RAW-S09,SENSOR09,SENSOR09.CSV,row:14289,2024-09-10T09:50:35,LEG-04,REAL_PUBLIC_DATA,DERIVED
CP-DEMO-001,BATCH-DEMO-001,SHIP-DEMO-001,ZEN-RAW-S09:row:14290,ZEN-RAW-S09,SENSOR09,SENSOR09.CSV,row:14290,2024-09-10T09:50:40,LEG-04,REAL_PUBLIC_DATA,DERIVED
CP-DEMO-001,BATCH-DEMO-001,SHIP-DEMO-001,ZEN-RAW-S09:row:14291,ZEN-RAW-S09,SENSOR09,SENSOR09.CSV,row:14291,2024-09-10T09:50:45,LEG-04,REAL_PUBLIC_DATA,DERIVED
CP-DEMO-001,BATCH-DEMO-001,SHIP-DEMO-001,ZEN-RAW-S09:row:14292,ZEN-RAW-S09,SENSOR09,SENSOR09.CSV,row:14292,2024-09-10T09:50:50,LEG-04,REAL_PUBLIC_DATA,DERIVED
CP-DEMO-001,BATCH-DEMO-001,SHIP-DEMO-001,ZEN-RAW-S09:row:14293,ZEN-RAW-S09,SENSOR09,SENSOR09.CSV,row:14293,2024-09-10T09:50:55,LEG-04,REAL_PUBLIC_DATA,DERIVED
CP-DEMO-001,BATCH-DEMO-001,SHIP-DEMO-001,ZEN-RAW-S09:row:14294,ZEN-RAW-S09,SENSOR09,SENSOR09.CSV,row:14294,2024-09-10T09:51:00,LEG-04,REAL_PUBLIC_DATA,DERIVED
CP-DEMO-001,BATCH-DEMO-001,SHIP-DEMO-001,ZEN-RAW-S09:row:14295,ZEN-RAW-S09,SENSOR09,SENSOR09.CSV,row:14295,2024-09-10T09:51:05,LEG-04,REAL_PUBLIC_DATA,DERIVED
CP-DEMO-001,BATCH-DEMO-001,SHIP-DEMO-001,ZEN-RAW-S09:row:14296,ZEN-RAW-S09,SENSOR09,SENSOR09.CSV,row:14296,2024-09-10T09:51:10,LEG-04,REAL_PUBLIC_DATA,DERIVED
CP-DEMO-001,BATCH-DEMO-001,SHIP-DEMO-001,ZEN-RAW-S09:row:14297,ZEN-RAW-S09,SENSOR09,SENSOR09.CSV,row:14297,2024-09-10T09:51:15,LEG-04,REAL_PUBLIC_DATA,DERIVED
CP-DEMO-001,BATCH-DEMO-001,SHIP-DEMO-001,ZEN-RAW-S09:row:14298,ZEN-RAW-S09,SENSOR09,SENSOR09.CSV,row:14298,2024-09-10T09:51:20,LEG-04,REAL_PUBLIC_DATA,DERIVED
CP-DEMO-001,BATCH-DEMO-001,SHIP-DEMO-001,ZEN-RAW-S09:row:14299,ZEN-RAW-S09,SENSOR09,SENSOR09.CSV,row:14299,2024-09-10T09:51:25,LEG-04,REAL_PUBLIC_DATA,DERIVED
CP-DEMO-001,BATCH-DEMO-001,SHIP-DEMO-001,ZEN-RAW-S09:row:14300,ZEN-RAW-S09,SENSOR09,SENSOR09.CSV,row:14300,2024-09-10T09:51:30,LEG-04,REAL_PUBLIC_DATA,DERIVED
CP-DEMO-001,BATCH-DEMO-001,SHIP-DEMO-001,ZEN-RAW-S09:row:14301,ZEN-RAW-S09,SENSOR09,SENSOR09.CSV,row:14301,2024-09-10T09:51:35,LEG-04,REAL_PUBLIC_DATA,DERIVED
CP-DEMO-001,BATCH-DEMO-001,SHIP-DEMO-001,ZEN-RAW-S09:row:14302,ZEN-RAW-S09,SENSOR09,SENSOR09.CSV,row:14302,2024-09-10T09:51:40,LEG-04,REAL_PUBLIC_DATA,DERIVED
CP-DEMO-001,BATCH-DEMO-001,SHIP-DEMO-001,ZEN-RAW-S09:row:14303,ZEN-RAW-S09,SENSOR09,SENSOR09.CSV,row:14303,2024-09-10T09:51:45,LEG-04,REAL_PUBLIC_DATA,DERIVED
CP-DEMO-001,BATCH-DEMO-001,SHIP-DEMO-001,ZEN-RAW-S09:row:14304,ZEN-RAW-S09,SENSOR09,SENSOR09.CSV,row:14304,2024-09-10T09:51:50,LEG-04,REAL_PUBLIC_DATA,DERIVED
CP-DEMO-001,BATCH-DEMO-001,SHIP-DEMO-001,ZEN-RAW-S09:row:14305,ZEN-RAW-S09,SENSOR09,SENSOR09.CSV,row:14305,2024-09-10T09:51:55,LEG-04,REAL_PUBLIC_DATA,DERIVED
CP-DEMO-001,BATCH-DEMO-001,SHIP-DEMO-001,ZEN-RAW-S09:row:14306,ZEN-RAW-S09,SENSOR09,SENSOR09.CSV,row:14306,2024-09-10T09:52:00,LEG-04,REAL_PUBLIC_DATA,DERIVED
CP-DEMO-001,BATCH-DEMO-001,SHIP-DEMO-001,ZEN-RAW-S09:row:14307,ZEN-RAW-S09,SENSOR09,SENSOR09.CSV,row:14307,2024-09-10T09:52:05,LEG-04,REAL_PUBLIC_DATA,DERIVED
CP-DEMO-001,BATCH-DEMO-001,SHIP-DEMO-001,ZEN-RAW-S09:row:14308,ZEN-RAW-S09,SENSOR09,SENSOR09.CSV,row:14308,2024-09-10T09:52:10,LEG-04,REAL_PUBLIC_DATA,DERIVED
CP-DEMO-001,BATCH-DEMO-001,SHIP-DEMO-001,ZEN-RAW-S09:row:14309,ZEN-RAW-S09,SENSOR09,SENSOR09.CSV,row:14309,2024-09-10T09:52:15,LEG-04,REAL_PUBLIC_DATA,DERIVED
CP-DEMO-001,BATCH-DEMO-001,SHIP-DEMO-001,ZEN-RAW-S09:row:14310,ZEN-RAW-S09,SENSOR09,SENSOR09.CSV,row:14310,2024-09-10T09:52:20,LEG-04,REAL_PUBLIC_DATA,DERIVED
CP-DEMO-001,BATCH-DEMO-001,SHIP-DEMO-001,ZEN-RAW-S09:row:14311,ZEN-RAW-S09,SENSOR09,SENSOR09.CSV,row:14311,2024-09-10T09:52:25,LEG-04,REAL_PUBLIC_DATA,DERIVED
CP-DEMO-001,BATCH-DEMO-001,SHIP-DEMO-001,ZEN-RAW-S09:row:14312,ZEN-RAW-S09,SENSOR09,SENSOR09.CSV,row:14312,2024-09-10T09:52:30,LEG-04,REAL_PUBLIC_DATA,DERIVED
CP-DEMO-001,BATCH-DEMO-001,SHIP-DEMO-001,ZEN-RAW-S09:row:14313,ZEN-RAW-S09,SENSOR09,SENSOR09.CSV,row:14313,2024-09-10T09:52:35,LEG-04,REAL_PUBLIC_DATA,DERIVED
CP-DEMO-001,BATCH-DEMO-001,SHIP-DEMO-001,ZEN-RAW-S09:row:14314,ZEN-RAW-S09,SENSOR09,SENSOR09.CSV,row:14314,2024-09-10T09:52:40,LEG-04,REAL_PUBLIC_DATA,DERIVED
CP-DEMO-001,BATCH-DEMO-001,SHIP-DEMO-001,ZEN-RAW-S09:row:14315,ZEN-RAW-S09,SENSOR09,SENSOR09.CSV,row:14315,2024-09-10T09:52:45,LEG-04,REAL_PUBLIC_DATA,DERIVED
CP-DEMO-001,BATCH-DEMO-001,SHIP-DEMO-001,ZEN-RAW-S09:row:14316,ZEN-RAW-S09,SENSOR09,SENSOR09.CSV,row:14316,2024-09-10T09:52:50,LEG-04,REAL_PUBLIC_DATA,DERIVED
CP-DEMO-001,BATCH-DEMO-001,SHIP-DEMO-001,ZEN-RAW-S09:row:14317,ZEN-RAW-S09,SENSOR09,SENSOR09.CSV,row:14317,2024-09-10T09:52:55,LEG-04,REAL_PUBLIC_DATA,DERIVED
CP-DEMO-001,BATCH-DEMO-001,SHIP-DEMO-001,ZEN-RAW-S09:row:14318,ZEN-RAW-S09,SENSOR09,SENSOR09.CSV,row:14318,2024-09-10T09:53:00,LEG-04,REAL_PUBLIC_DATA,DERIVED
CP-DEMO-001,BATCH-DEMO-001,SHIP-DEMO-001,ZEN-RAW-S09:row:14319,ZEN-RAW-S09,SENSOR09,SENSOR09.CSV,row:14319,2024-09-10T09:53:05,LEG-04,REAL_PUBLIC_DATA,DERIVED
CP-DEMO-001,BATCH-DEMO-001,SHIP-DEMO-001,ZEN-RAW-S09:row:14320,ZEN-RAW-S09,SENSOR09,SENSOR09.CSV,row:14320,2024-09-10T09:53:10,LEG-04,REAL_PUBLIC_DATA,DERIVED
CP-DEMO-001,BATCH-DEMO-001,SHIP-DEMO-001,ZEN-RAW-S09:row:14321,ZEN-RAW-S09,SENSOR09,SENSOR09.CSV,row:14321,2024-09-10T09:53:15,LEG-04,REAL_PUBLIC_DATA,DERIVED
CP-DEMO-001,BATCH-DEMO-001,SHIP-DEMO-001,ZEN-RAW-S09:row:14322,ZEN-RAW-S09,SENSOR09,SENSOR09.CSV,row:14322,2024-09-10T09:53:20,LEG-04,REAL_PUBLIC_DATA,DERIVED
CP-DEMO-001,BATCH-DEMO-001,SHIP-DEMO-001,ZEN-RAW-S09:row:14323,ZEN-RAW-S09,SENSOR09,SENSOR09.CSV,row:14323,2024-09-10T09:53:25,LEG-04,REAL_PUBLIC_DATA,DERIVED
CP-DEMO-001,BATCH-DEMO-001,SHIP-DEMO-001,ZEN-RAW-S09:row:14324,ZEN-RAW-S09,SENSOR09,SENSOR09.CSV,row:14324,2024-09-10T09:53:30,LEG-04,REAL_PUBLIC_DATA,DERIVED
CP-DEMO-001,BATCH-DEMO-001,SHIP-DEMO-001,ZEN-RAW-S09:row:14325,ZEN-RAW-S09,SENSOR09,SENSOR09.CSV,row:14325,2024-09-10T09:53:35,LEG-04,REAL_PUBLIC_DATA,DERIVED
CP-DEMO-001,BATCH-DEMO-001,SHIP-DEMO-001,ZEN-RAW-S09:row:14326,ZEN-RAW-S09,SENSOR09,SENSOR09.CSV,row:14326,2024-09-10T09:53:40,LEG-04,REAL_PUBLIC_DATA,DERIVED
CP-DEMO-001,BATCH-DEMO-001,SHIP-DEMO-001,ZEN-RAW-S09:row:14327,ZEN-RAW-S09,SENSOR09,SENSOR09.CSV,row:14327,2024-09-10T09:53:45,LEG-04,REAL_PUBLIC_DATA,DERIVED
CP-DEMO-001,BATCH-DEMO-001,SHIP-DEMO-001,ZEN-RAW-S09:row:14328,ZEN-RAW-S09,SENSOR09,SENSOR09.CSV,row:14328,2024-09-10T09:53:50,LEG-04,REAL_PUBLIC_DATA,DERIVED
CP-DEMO-001,BATCH-DEMO-001,SHIP-DEMO-001,ZEN-RAW-S09:row:14329,ZEN-RAW-S09,SENSOR09,SENSOR09.CSV,row:14329,2024-09-10T09:53:55,LEG-04,REAL_PUBLIC_DATA,DERIVED
CP-DEMO-001,BATCH-DEMO-001,SHIP-DEMO-001,ZEN-RAW-S09:row:14330,ZEN-RAW-S09,SENSOR09,SENSOR09.CSV,row:14330,2024-09-10T09:54:00,LEG-04,REAL_PUBLIC_DATA,DERIVED
CP-DEMO-001,BATCH-DEMO-001,SHIP-DEMO-001,ZEN-RAW-S09:row:14331,ZEN-RAW-S09,SENSOR09,SENSOR09.CSV,row:14331,2024-09-10T09:54:05,LEG-04,REAL_PUBLIC_DATA,DERIVED
CP-DEMO-001,BATCH-DEMO-001,SHIP-DEMO-001,ZEN-RAW-S09:row:14332,ZEN-RAW-S09,SENSOR09,SENSOR09.CSV,row:14332,2024-09-10T09:54:10,LEG-04,REAL_PUBLIC_DATA,DERIVED
CP-DEMO-001,BATCH-DEMO-001,SHIP-DEMO-001,ZEN-RAW-S09:row:14333,ZEN-RAW-S09,SENSOR09,SENSOR09.CSV,row:14333,2024-09-10T09:54:15,LEG-04,REAL_PUBLIC_DATA,DERIVED
CP-DEMO-001,BATCH-DEMO-001,SHIP-DEMO-001,ZEN-RAW-S09:row:14334,ZEN-RAW-S09,SENSOR09,SENSOR09.CSV,row:14334,2024-09-10T09:54:20,LEG-04,REAL_PUBLIC_DATA,DERIVED
CP-DEMO-001,BATCH-DEMO-001,SHIP-DEMO-001,ZEN-RAW-S09:row:14335,ZEN-RAW-S09,SENSOR09,SENSOR09.CSV,row:14335,2024-09-10T09:54:25,LEG-04,REAL_PUBLIC_DATA,DERIVED
CP-DEMO-001,BATCH-DEMO-001,SHIP-DEMO-001,ZEN-RAW-S09:row:14336,ZEN-RAW-S09,SENSOR09,SENSOR09.CSV,row:14336,2024-09-10T09:54:30,LEG-04,REAL_PUBLIC_DATA,DERIVED
CP-DEMO-001,BATCH-DEMO-001,SHIP-DEMO-001,ZEN-RAW-S09:row:14337,ZEN-RAW-S09,SENSOR09,SENSOR09.CSV,row:14337,2024-09-10T09:54:35,LEG-04,REAL_PUBLIC_DATA,DERIVED
CP-DEMO-001,BATCH-DEMO-001,SHIP-DEMO-001,ZEN-RAW-S09:row:14338,ZEN-RAW-S09,SENSOR09,SENSOR09.CSV,row:14338,2024-09-10T09:54:40,LEG-04,REAL_PUBLIC_DATA,DERIVED
CP-DEMO-001,BATCH-DEMO-001,SHIP-DEMO-001,ZEN-RAW-S09:row:14339,ZEN-RAW-S09,SENSOR09,SENSOR09.CSV,row:14339,2024-09-10T09:54:45,LEG-04,REAL_PUBLIC_DATA,DERIVED
CP-DEMO-001,BATCH-DEMO-001,SHIP-DEMO-001,ZEN-RAW-S09:row:14340,ZEN-RAW-S09,SENSOR09,SENSOR09.CSV,row:14340,2024-09-10T09:54:50,LEG-04,REAL_PUBLIC_DATA,DERIVED
CP-DEMO-001,BATCH-DEMO-001,SHIP-DEMO-001,ZEN-RAW-S09:row:14341,ZEN-RAW-S09,SENSOR09,SENSOR09.CSV,row:14341,2024-09-10T09:54:55,LEG-04,REAL_PUBLIC_DATA,DERIVED
CP-DEMO-001,BATCH-DEMO-001,SHIP-DEMO-001,ZEN-RAW-S09:row:14342,ZEN-RAW-S09,SENSOR09,SENSOR09.CSV,row:14342,2024-09-10T09:55:00,LEG-04,REAL_PUBLIC_DATA,DERIVED
CP-DEMO-001,BATCH-DEMO-001,SHIP-DEMO-001,ZEN-RAW-S09:row:14343,ZEN-RAW-S09,SENSOR09,SENSOR09.CSV,row:14343,2024-09-10T09:55:05,LEG-04,REAL_PUBLIC_DATA,DERIVED
CP-DEMO-001,BATCH-DEMO-001,SHIP-DEMO-001,ZEN-RAW-S09:row:14344,ZEN-RAW-S09,SENSOR09,SENSOR09.CSV,row:14344,2024-09-10T09:55:10,LEG-04,REAL_PUBLIC_DATA,DERIVED
CP-DEMO-001,BATCH-DEMO-001,SHIP-DEMO-001,ZEN-RAW-S09:row:14345,ZEN-RAW-S09,SENSOR09,SENSOR09.CSV,row:14345,2024-09-10T09:55:15,LEG-04,REAL_PUBLIC_DATA,DERIVED
CP-DEMO-001,BATCH-DEMO-001,SHIP-DEMO-001,ZEN-RAW-S09:row:14346,ZEN-RAW-S09,SENSOR09,SENSOR09.CSV,row:14346,2024-09-10T09:55:20,LEG-04,REAL_PUBLIC_DATA,DERIVED
CP-DEMO-001,BATCH-DEMO-001,SHIP-DEMO-001,ZEN-RAW-S09:row:14347,ZEN-RAW-S09,SENSOR09,SENSOR09.CSV,row:14347,2024-09-10T09:55:25,LEG-04,REAL_PUBLIC_DATA,DERIVED
CP-DEMO-001,BATCH-DEMO-001,SHIP-DEMO-001,ZEN-RAW-S09:row:14348,ZEN-RAW-S09,SENSOR09,SENSOR09.CSV,row:14348,2024-09-10T09:55:30,LEG-04,REAL_PUBLIC_DATA,DERIVED
CP-DEMO-001,BATCH-DEMO-001,SHIP-DEMO-001,ZEN-RAW-S09:row:14349,ZEN-RAW-S09,SENSOR09,SENSOR09.CSV,row:14349,2024-09-10T09:55:35,LEG-04,REAL_PUBLIC_DATA,DERIVED
CP-DEMO-001,BATCH-DEMO-001,SHIP-DEMO-001,ZEN-RAW-S09:row:14350,ZEN-RAW-S09,SENSOR09,SENSOR09.CSV,row:14350,2024-09-10T09:55:40,LEG-04,REAL_PUBLIC_DATA,DERIVED
CP-DEMO-001,BATCH-DEMO-001,SHIP-DEMO-001,ZEN-RAW-S09:row:14351,ZEN-RAW-S09,SENSOR09,SENSOR09.CSV,row:14351,2024-09-10T09:55:45,LEG-04,REAL_PUBLIC_DATA,DERIVED
CP-DEMO-001,BATCH-DEMO-001,SHIP-DEMO-001,ZEN-RAW-S09:row:14352,ZEN-RAW-S09,SENSOR09,SENSOR09.CSV,row:14352,2024-09-10T09:55:50,LEG-04,REAL_PUBLIC_DATA,DERIVED
CP-DEMO-001,BATCH-DEMO-001,SHIP-DEMO-001,ZEN-RAW-S09:row:14353,ZEN-RAW-S09,SENSOR09,SENSOR09.CSV,row:14353,2024-09-10T09:55:55,LEG-04,REAL_PUBLIC_DATA,DERIVED
CP-DEMO-001,BATCH-DEMO-001,SHIP-DEMO-001,ZEN-RAW-S09:row:14354,ZEN-RAW-S09,SENSOR09,SENSOR09.CSV,row:14354,2024-09-10T09:56:00,LEG-04,REAL_PUBLIC_DATA,DERIVED
CP-DEMO-001,BATCH-DEMO-001,SHIP-DEMO-001,ZEN-RAW-S09:row:14355,ZEN-RAW-S09,SENSOR09,SENSOR09.CSV,row:14355,2024-09-10T09:56:05,LEG-04,REAL_PUBLIC_DATA,DERIVED
CP-DEMO-001,BATCH-DEMO-001,SHIP-DEMO-001,ZEN-RAW-S09:row:14356,ZEN-RAW-S09,SENSOR09,SENSOR09.CSV,row:14356,2024-09-10T09:56:10,LEG-04,REAL_PUBLIC_DATA,DERIVED
CP-DEMO-001,BATCH-DEMO-001,SHIP-DEMO-001,ZEN-RAW-S09:row:14357,ZEN-RAW-S09,SENSOR09,SENSOR09.CSV,row:14357,2024-09-10T09:56:15,LEG-04,REAL_PUBLIC_DATA,DERIVED
CP-DEMO-001,BATCH-DEMO-001,SHIP-DEMO-001,ZEN-RAW-S09:row:14358,ZEN-RAW-S09,SENSOR09,SENSOR09.CSV,row:14358,2024-09-10T09:56:20,LEG-04,REAL_PUBLIC_DATA,DERIVED
CP-DEMO-001,BATCH-DEMO-001,SHIP-DEMO-001,ZEN-RAW-S09:row:14359,ZEN-RAW-S09,SENSOR09,SENSOR09.CSV,row:14359,2024-09-10T09:56:25,LEG-04,REAL_PUBLIC_DATA,DERIVED
CP-DEMO-001,BATCH-DEMO-001,SHIP-DEMO-001,ZEN-RAW-S09:row:14360,ZEN-RAW-S09,SENSOR09,SENSOR09.CSV,row:14360,2024-09-10T09:56:30,LEG-04,REAL_PUBLIC_DATA,DERIVED
CP-DEMO-001,BATCH-DEMO-001,SHIP-DEMO-001,ZEN-RAW-S09:row:14361,ZEN-RAW-S09,SENSOR09,SENSOR09.CSV,row:14361,2024-09-10T09:56:35,LEG-04,REAL_PUBLIC_DATA,DERIVED
CP-DEMO-001,BATCH-DEMO-001,SHIP-DEMO-001,ZEN-RAW-S09:row:14362,ZEN-RAW-S09,SENSOR09,SENSOR09.CSV,row:14362,2024-09-10T09:56:40,LEG-04,REAL_PUBLIC_DATA,DERIVED
CP-DEMO-001,BATCH-DEMO-001,SHIP-DEMO-001,ZEN-RAW-S09:row:14363,ZEN-RAW-S09,SENSOR09,SENSOR09.CSV,row:14363,2024-09-10T09:56:45,LEG-04,REAL_PUBLIC_DATA,DERIVED
CP-DEMO-001,BATCH-DEMO-001,SHIP-DEMO-001,ZEN-RAW-S09:row:14364,ZEN-RAW-S09,SENSOR09,SENSOR09.CSV,row:14364,2024-09-10T09:56:50,LEG-04,REAL_PUBLIC_DATA,DERIVED
CP-DEMO-001,BATCH-DEMO-001,SHIP-DEMO-001,ZEN-RAW-S09:row:14365,ZEN-RAW-S09,SENSOR09,SENSOR09.CSV,row:14365,2024-09-10T09:56:55,LEG-04,REAL_PUBLIC_DATA,DERIVED
CP-DEMO-001,BATCH-DEMO-001,SHIP-DEMO-001,ZEN-RAW-S09:row:14366,ZEN-RAW-S09,SENSOR09,SENSOR09.CSV,row:14366,2024-09-10T09:57:00,LEG-04,REAL_PUBLIC_DATA,DERIVED
CP-DEMO-001,BATCH-DEMO-001,SHIP-DEMO-001,ZEN-RAW-S09:row:14367,ZEN-RAW-S09,SENSOR09,SENSOR09.CSV,row:14367,2024-09-10T09:57:05,LEG-04,REAL_PUBLIC_DATA,DERIVED
CP-DEMO-001,BATCH-DEMO-001,SHIP-DEMO-001,ZEN-RAW-S09:row:14368,ZEN-RAW-S09,SENSOR09,SENSOR09.CSV,row:14368,2024-09-10T09:57:10,LEG-04,REAL_PUBLIC_DATA,DERIVED
CP-DEMO-001,BATCH-DEMO-001,SHIP-DEMO-001,ZEN-RAW-S09:row:14369,ZEN-RAW-S09,SENSOR09,SENSOR09.CSV,row:14369,2024-09-10T09:57:15,LEG-04,REAL_PUBLIC_DATA,DERIVED
CP-DEMO-001,BATCH-DEMO-001,SHIP-DEMO-001,ZEN-RAW-S09:row:14370,ZEN-RAW-S09,SENSOR09,SENSOR09.CSV,row:14370,2024-09-10T09:57:20,LEG-04,REAL_PUBLIC_DATA,DERIVED
CP-DEMO-001,BATCH-DEMO-001,SHIP-DEMO-001,ZEN-RAW-S09:row:14371,ZEN-RAW-S09,SENSOR09,SENSOR09.CSV,row:14371,2024-09-10T09:57:25,LEG-04,REAL_PUBLIC_DATA,DERIVED
CP-DEMO-001,BATCH-DEMO-001,SHIP-DEMO-001,ZEN-RAW-S09:row:14372,ZEN-RAW-S09,SENSOR09,SENSOR09.CSV,row:14372,2024-09-10T09:57:30,LEG-04,REAL_PUBLIC_DATA,DERIVED
CP-DEMO-001,BATCH-DEMO-001,SHIP-DEMO-001,ZEN-RAW-S09:row:14373,ZEN-RAW-S09,SENSOR09,SENSOR09.CSV,row:14373,2024-09-10T09:57:35,LEG-04,REAL_PUBLIC_DATA,DERIVED
CP-DEMO-001,BATCH-DEMO-001,SHIP-DEMO-001,ZEN-RAW-S09:row:14374,ZEN-RAW-S09,SENSOR09,SENSOR09.CSV,row:14374,2024-09-10T09:57:40,LEG-04,REAL_PUBLIC_DATA,DERIVED
CP-DEMO-001,BATCH-DEMO-001,SHIP-DEMO-001,ZEN-RAW-S09:row:14375,ZEN-RAW-S09,SENSOR09,SENSOR09.CSV,row:14375,2024-09-10T09:57:45,LEG-04,REAL_PUBLIC_DATA,DERIVED
CP-DEMO-001,BATCH-DEMO-001,SHIP-DEMO-001,ZEN-RAW-S09:row:14376,ZEN-RAW-S09,SENSOR09,SENSOR09.CSV,row:14376,2024-09-10T09:57:50,LEG-04,REAL_PUBLIC_DATA,DERIVED
CP-DEMO-001,BATCH-DEMO-001,SHIP-DEMO-001,ZEN-RAW-S09:row:14377,ZEN-RAW-S09,SENSOR09,SENSOR09.CSV,row:14377,2024-09-10T09:57:55,LEG-04,REAL_PUBLIC_DATA,DERIVED
CP-DEMO-001,BATCH-DEMO-001,SHIP-DEMO-001,ZEN-RAW-S09:row:14378,ZEN-RAW-S09,SENSOR09,SENSOR09.CSV,row:14378,2024-09-10T09:58:00,LEG-04,REAL_PUBLIC_DATA,DERIVED
CP-DEMO-001,BATCH-DEMO-001,SHIP-DEMO-001,ZEN-RAW-S09:row:14379,ZEN-RAW-S09,SENSOR09,SENSOR09.CSV,row:14379,2024-09-10T09:58:05,LEG-04,REAL_PUBLIC_DATA,DERIVED
CP-DEMO-001,BATCH-DEMO-001,SHIP-DEMO-001,ZEN-RAW-S09:row:14380,ZEN-RAW-S09,SENSOR09,SENSOR09.CSV,row:14380,2024-09-10T09:58:10,LEG-04,REAL_PUBLIC_DATA,DERIVED
CP-DEMO-001,BATCH-DEMO-001,SHIP-DEMO-001,ZEN-RAW-S09:row:14381,ZEN-RAW-S09,SENSOR09,SENSOR09.CSV,row:14381,2024-09-10T09:58:15,LEG-04,REAL_PUBLIC_DATA,DERIVED
CP-DEMO-001,BATCH-DEMO-001,SHIP-DEMO-001,ZEN-RAW-S09:row:14382,ZEN-RAW-S09,SENSOR09,SENSOR09.CSV,row:14382,2024-09-10T09:58:20,LEG-04,REAL_PUBLIC_DATA,DERIVED
CP-DEMO-001,BATCH-DEMO-001,SHIP-DEMO-001,ZEN-RAW-S09:row:14383,ZEN-RAW-S09,SENSOR09,SENSOR09.CSV,row:14383,2024-09-10T09:58:25,LEG-04,REAL_PUBLIC_DATA,DERIVED
CP-DEMO-001,BATCH-DEMO-001,SHIP-DEMO-001,ZEN-RAW-S09:row:14384,ZEN-RAW-S09,SENSOR09,SENSOR09.CSV,row:14384,2024-09-10T09:58:30,LEG-04,REAL_PUBLIC_DATA,DERIVED
CP-DEMO-001,BATCH-DEMO-001,SHIP-DEMO-001,ZEN-RAW-S09:row:14385,ZEN-RAW-S09,SENSOR09,SENSOR09.CSV,row:14385,2024-09-10T09:58:35,LEG-04,REAL_PUBLIC_DATA,DERIVED
CP-DEMO-001,BATCH-DEMO-001,SHIP-DEMO-001,ZEN-RAW-S09:row:14386,ZEN-RAW-S09,SENSOR09,SENSOR09.CSV,row:14386,2024-09-10T09:58:40,LEG-04,REAL_PUBLIC_DATA,DERIVED
CP-DEMO-001,BATCH-DEMO-001,SHIP-DEMO-001,ZEN-RAW-S09:row:14387,ZEN-RAW-S09,SENSOR09,SENSOR09.CSV,row:14387,2024-09-10T09:58:45,LEG-04,REAL_PUBLIC_DATA,DERIVED
CP-DEMO-001,BATCH-DEMO-001,SHIP-DEMO-001,ZEN-RAW-S09:row:14388,ZEN-RAW-S09,SENSOR09,SENSOR09.CSV,row:14388,2024-09-10T09:58:50,LEG-04,REAL_PUBLIC_DATA,DERIVED
CP-DEMO-001,BATCH-DEMO-001,SHIP-DEMO-001,ZEN-RAW-S09:row:14389,ZEN-RAW-S09,SENSOR09,SENSOR09.CSV,row:14389,2024-09-10T09:58:55,LEG-04,REAL_PUBLIC_DATA,DERIVED
CP-DEMO-001,BATCH-DEMO-001,SHIP-DEMO-001,ZEN-RAW-S09:row:14390,ZEN-RAW-S09,SENSOR09,SENSOR09.CSV,row:14390,2024-09-10T09:59:00,LEG-04,REAL_PUBLIC_DATA,DERIVED
CP-DEMO-001,BATCH-DEMO-001,SHIP-DEMO-001,ZEN-RAW-S09:row:14391,ZEN-RAW-S09,SENSOR09,SENSOR09.CSV,row:14391,2024-09-10T09:59:05,LEG-04,REAL_PUBLIC_DATA,DERIVED
CP-DEMO-001,BATCH-DEMO-001,SHIP-DEMO-001,ZEN-RAW-S09:row:14392,ZEN-RAW-S09,SENSOR09,SENSOR09.CSV,row:14392,2024-09-10T09:59:10,LEG-04,REAL_PUBLIC_DATA,DERIVED
CP-DEMO-001,BATCH-DEMO-001,SHIP-DEMO-001,ZEN-RAW-S09:row:14393,ZEN-RAW-S09,SENSOR09,SENSOR09.CSV,row:14393,2024-09-10T09:59:15,LEG-04,REAL_PUBLIC_DATA,DERIVED
CP-DEMO-001,BATCH-DEMO-001,SHIP-DEMO-001,ZEN-RAW-S09:row:14394,ZEN-RAW-S09,SENSOR09,SENSOR09.CSV,row:14394,2024-09-10T09:59:20,LEG-04,REAL_PUBLIC_DATA,DERIVED
CP-DEMO-001,BATCH-DEMO-001,SHIP-DEMO-001,ZEN-RAW-S09:row:14395,ZEN-RAW-S09,SENSOR09,SENSOR09.CSV,row:14395,2024-09-10T09:59:25,LEG-04,REAL_PUBLIC_DATA,DERIVED
CP-DEMO-001,BATCH-DEMO-001,SHIP-DEMO-001,ZEN-RAW-S09:row:14396,ZEN-RAW-S09,SENSOR09,SENSOR09.CSV,row:14396,2024-09-10T09:59:30,LEG-04,REAL_PUBLIC_DATA,DERIVED
CP-DEMO-001,BATCH-DEMO-001,SHIP-DEMO-001,ZEN-RAW-S09:row:14397,ZEN-RAW-S09,SENSOR09,SENSOR09.CSV,row:14397,2024-09-10T09:59:35,LEG-04,REAL_PUBLIC_DATA,DERIVED
CP-DEMO-001,BATCH-DEMO-001,SHIP-DEMO-001,ZEN-RAW-S09:row:14398,ZEN-RAW-S09,SENSOR09,SENSOR09.CSV,row:14398,2024-09-10T09:59:40,LEG-04,REAL_PUBLIC_DATA,DERIVED
CP-DEMO-001,BATCH-DEMO-001,SHIP-DEMO-001,ZEN-RAW-S09:row:14399,ZEN-RAW-S09,SENSOR09,SENSOR09.CSV,row:14399,2024-09-10T09:59:45,LEG-04,REAL_PUBLIC_DATA,DERIVED
CP-DEMO-001,BATCH-DEMO-001,SHIP-DEMO-001,ZEN-RAW-S09:row:14400,ZEN-RAW-S09,SENSOR09,SENSOR09.CSV,row:14400,2024-09-10T09:59:50,LEG-04,REAL_PUBLIC_DATA,DERIVED
CP-DEMO-001,BATCH-DEMO-001,SHIP-DEMO-001,ZEN-RAW-S09:row:14401,ZEN-RAW-S09,SENSOR09,SENSOR09.CSV,row:14401,2024-09-10T09:59:55,LEG-04,REAL_PUBLIC_DATA,DERIVED
